ISO-10303-21;
HEADER;
/****************************************************************
 * Generated by software with PDE/Lib inside                    *
 * PDE/Lib Version 3.2.2, created Thu Mar 23, 2000 at 18:38:49  *
 * International Technegroup Inc. (www.iti-oh.com)              *
 ****************************************************************/
FILE_DESCRIPTION((''),'2;1');
FILE_NAME('DC Motor 775_12-24V.stp','2024-09-13T17:30:38',(''),(''),'AutoCAD STEP 2000i','AutoCAD 2000i',', , ');
FILE_SCHEMA(('CONFIG_CONTROL_DESIGN'));
ENDSEC;
DATA;
#8=(NAMED_UNIT(*)PLANE_ANGLE_UNIT()SI_UNIT($,.RADIAN.));
#9=DIMENSIONAL_EXPONENTS(0.0,0.0,0.0,0.0,0.0,0.0,0.0);
#10=PLANE_ANGLE_MEASURE_WITH_UNIT(PLANE_ANGLE_MEASURE(0.017453292500000),#8);
#14=(CONVERSION_BASED_UNIT('DEGREE',#10)NAMED_UNIT(#9)PLANE_ANGLE_UNIT());
#18=(NAMED_UNIT(*)SI_UNIT($,.STERADIAN.)SOLID_ANGLE_UNIT());
#22=(LENGTH_UNIT()NAMED_UNIT(*)SI_UNIT(.MILLI.,.METRE.));
#23=UNCERTAINTY_MEASURE_WITH_UNIT(LENGTH_MEASURE(0.000001000000000),#22,'DISTANCE_ACCURACY_VALUE','');
#28=(GEOMETRIC_REPRESENTATION_CONTEXT(3)GLOBAL_UNCERTAINTY_ASSIGNED_CONTEXT((#23))GLOBAL_UNIT_ASSIGNED_CONTEXT((#14,#18,#22))REPRESENTATION_CONTEXT('None','None'));
#29=APPLICATION_CONTEXT('CONFIGURATION CONTROLLED 3D DESIGNS OF MECHANICAL PARTS AND ASSEMBLIES');
#30=APPLICATION_PROTOCOL_DEFINITION('INTERNATIONAL STANDARD','config_control_design',1995,#29);
#31=MECHANICAL_CONTEXT('3D Mechanical Parts',#29,'mechanical');
#32=PRODUCT('ÃŒ“Œ– 775','ÃŒ“Œ– 775',' ',(#31));
#33=PRODUCT_RELATED_PRODUCT_CATEGORY('detail',$,(#32));
#34=PRODUCT_CATEGORY('part',$);
#35=PRODUCT_CATEGORY_RELATIONSHIP('None','None',#34,#33);
#36=PERSON('1','Design','Joe',$,$,$);
#37=ORGANIZATION($,'None','None');
#38=PERSON_AND_ORGANIZATION(#36,#37);
#39=PERSON_AND_ORGANIZATION_ROLE('design_owner');
#40=CC_DESIGN_PERSON_AND_ORGANIZATION_ASSIGNMENT(#38,#39,(#32));
#41=PRODUCT_DEFINITION_FORMATION_WITH_SPECIFIED_SOURCE('None','None',#32,.NOT_KNOWN.);
#42=PERSON('2','Creator','Joe',$,$,$);
#43=ORGANIZATION($,'None','None');
#44=PERSON_AND_ORGANIZATION(#42,#43);
#45=PERSON_AND_ORGANIZATION_ROLE('creator');
#46=CC_DESIGN_PERSON_AND_ORGANIZATION_ASSIGNMENT(#44,#45,(#41));
#47=PERSON('3','Supplier','Joe',$,$,$);
#48=ORGANIZATION($,'None','None');
#49=PERSON_AND_ORGANIZATION(#47,#48);
#50=PERSON_AND_ORGANIZATION_ROLE('design_supplier');
#51=CC_DESIGN_PERSON_AND_ORGANIZATION_ASSIGNMENT(#49,#50,(#41));
#52=APPROVAL_STATUS('approved');
#53=APPROVAL(#52,'None');
#54=PERSON('4','Approver','Joe',$,$,$);
#55=ORGANIZATION($,'None','None');
#56=PERSON_AND_ORGANIZATION(#54,#55);
#57=APPROVAL_ROLE('approver');
#58=APPROVAL_PERSON_ORGANIZATION(#56,#53,#57);
#59=COORDINATED_UNIVERSAL_TIME_OFFSET(8,$,.BEHIND.);
#60=CALENDAR_DATE(1996,29,5);
#61=LOCAL_TIME(12,0,0.0,#59);
#62=DATE_AND_TIME(#60,#61);
#63=APPROVAL_DATE_TIME(#62,#53);
#64=CC_DESIGN_APPROVAL(#53,(#41));
#65=SECURITY_CLASSIFICATION_LEVEL('unclassified');
#66=SECURITY_CLASSIFICATION('security','None',#65);
#67=CC_DESIGN_SECURITY_CLASSIFICATION(#66,(#41));
#68=APPROVAL_STATUS('approved');
#69=APPROVAL(#68,'None');
#70=PERSON('5','Approver','Joe',$,$,$);
#71=ORGANIZATION($,'None','None');
#72=PERSON_AND_ORGANIZATION(#70,#71);
#73=APPROVAL_ROLE('approver');
#74=APPROVAL_PERSON_ORGANIZATION(#72,#69,#73);
#75=COORDINATED_UNIVERSAL_TIME_OFFSET(8,$,.BEHIND.);
#76=CALENDAR_DATE(1996,29,5);
#77=LOCAL_TIME(12,0,0.0,#75);
#78=DATE_AND_TIME(#76,#77);
#79=APPROVAL_DATE_TIME(#78,#69);
#80=CC_DESIGN_APPROVAL(#69,(#66));
#81=PERSON('6','Classifier','Joe',$,$,$);
#82=ORGANIZATION($,'None','None');
#83=PERSON_AND_ORGANIZATION(#81,#82);
#84=PERSON_AND_ORGANIZATION_ROLE('classification_officer');
#85=CC_DESIGN_PERSON_AND_ORGANIZATION_ASSIGNMENT(#83,#84,(#66));
#86=COORDINATED_UNIVERSAL_TIME_OFFSET(8,$,.BEHIND.);
#87=CALENDAR_DATE(1996,29,5);
#88=LOCAL_TIME(12,0,0.0,#86);
#89=DATE_AND_TIME(#87,#88);
#90=DATE_TIME_ROLE('classification_date');
#91=CC_DESIGN_DATE_AND_TIME_ASSIGNMENT(#89,#90,(#66));
#92=DESIGN_CONTEXT('Design Context',#29,'design');
#93=PRODUCT_DEFINITION('None','None',#41,#92);
#94=PERSON('7','Creator','Joe',$,$,$);
#95=ORGANIZATION($,'None','None');
#96=PERSON_AND_ORGANIZATION(#94,#95);
#97=PERSON_AND_ORGANIZATION_ROLE('creator');
#98=CC_DESIGN_PERSON_AND_ORGANIZATION_ASSIGNMENT(#96,#97,(#93));
#99=COORDINATED_UNIVERSAL_TIME_OFFSET(8,$,.BEHIND.);
#100=CALENDAR_DATE(1996,29,5);
#101=LOCAL_TIME(12,0,0.0,#99);
#102=DATE_AND_TIME(#100,#101);
#103=DATE_TIME_ROLE('creation_date');
#104=CC_DESIGN_DATE_AND_TIME_ASSIGNMENT(#102,#103,(#93));
#105=APPROVAL_STATUS('approved');
#106=APPROVAL(#105,'None');
#107=PERSON('8','Approver','Joe',$,$,$);
#108=ORGANIZATION($,'None','None');
#109=PERSON_AND_ORGANIZATION(#107,#108);
#110=APPROVAL_ROLE('approver');
#111=APPROVAL_PERSON_ORGANIZATION(#109,#106,#110);
#112=COORDINATED_UNIVERSAL_TIME_OFFSET(8,$,.BEHIND.);
#113=CALENDAR_DATE(1996,29,5);
#114=LOCAL_TIME(12,0,0.0,#112);
#115=DATE_AND_TIME(#113,#114);
#116=APPROVAL_DATE_TIME(#115,#106);
#117=CC_DESIGN_APPROVAL(#106,(#93));
#118=CARTESIAN_POINT('NONE',(0.0,0.0,0.0));
#119=DIRECTION('NONE',(0.0,0.0,1.0));
#120=DIRECTION('NONE',(1.0,0.0,0.0));
#121=AXIS2_PLACEMENT_3D('NONE',#118,#119,#120);
#122=SHAPE_REPRESENTATION('SR1',(#121),#28);
#123=PRODUCT_DEFINITION_SHAPE('PDS1','Test Part',#93);
#124=SHAPE_DEFINITION_REPRESENTATION(#123,#122);
#125=CARTESIAN_POINT('',(74.500000000000000,0.0,0.0));
#126=DIRECTION('',(-1.0,0.0,0.0));
#127=DIRECTION('',(0.0,-1.0,0.0));
#128=AXIS2_PLACEMENT_3D('',#125,#126,#127);
#129=CYLINDRICAL_SURFACE('',#128,5.0);
#130=CARTESIAN_POINT('',(84.500000000000000,-5.0,0.0));
#131=VERTEX_POINT('',#130);
#132=CARTESIAN_POINT('',(64.500000000000000,-5.0,-6.123032E-016));
#133=VERTEX_POINT('',#132);
#134=CARTESIAN_POINT('',(84.500000000000000,-5.0,0.0));
#135=DIRECTION('',(-1.0,0.0,0.0));
#136=VECTOR('',#135,20.0);
#137=LINE('',#134,#136);
#138=EDGE_CURVE('',#131,#133,#137,.T.);
#139=ORIENTED_EDGE('',*,*,#138,.F.);
#140=CARTESIAN_POINT('',(84.500000000000000,5.0,6.123032E-016));
#141=VERTEX_POINT('',#140);
#142=CARTESIAN_POINT('',(84.500000000000000,0.0,0.0));
#143=DIRECTION('',(1.0,0.0,0.0));
#144=DIRECTION('',(0.0,-1.0,0.0));
#145=AXIS2_PLACEMENT_3D('',#142,#143,#144);
#146=CIRCLE('',#145,5.0);
#147=EDGE_CURVE('',#141,#131,#146,.T.);
#148=ORIENTED_EDGE('',*,*,#147,.F.);
#149=CARTESIAN_POINT('',(64.500000000000000,5.0,6.123032E-016));
#150=VERTEX_POINT('',#149);
#151=CARTESIAN_POINT('',(64.500000000000000,5.0,6.123032E-016));
#152=DIRECTION('',(1.0,0.0,0.0));
#153=VECTOR('',#152,20.0);
#154=LINE('',#151,#153);
#155=EDGE_CURVE('',#150,#141,#154,.T.);
#156=ORIENTED_EDGE('',*,*,#155,.F.);
#157=CARTESIAN_POINT('',(64.500000000000000,4.885954925647795,1.061811878130026));
#158=VERTEX_POINT('',#157);
#159=CARTESIAN_POINT('',(64.500000000000000,0.0,0.0));
#160=DIRECTION('',(-1.0,0.0,0.0));
#161=DIRECTION('',(0.0,-1.0,0.0));
#162=AXIS2_PLACEMENT_3D('',#159,#160,#161);
#163=CIRCLE('',#162,5.0);
#164=EDGE_CURVE('',#158,#150,#163,.T.);
#165=ORIENTED_EDGE('',*,*,#164,.F.);
#166=CARTESIAN_POINT('',(69.500000000000000,4.885954925647795,1.061811878130026));
#167=VERTEX_POINT('',#166);
#168=CARTESIAN_POINT('',(69.500000000000000,4.885954925647795,1.061811878130026));
#169=DIRECTION('',(-1.0,0.0,0.0));
#170=VECTOR('',#169,5.0);
#171=LINE('',#168,#170);
#172=EDGE_CURVE('',#167,#158,#171,.T.);
#173=ORIENTED_EDGE('',*,*,#172,.F.);
#174=CARTESIAN_POINT('',(69.500000000000000,4.576937931272852,2.012868394425176));
#175=VERTEX_POINT('',#174);
#176=CARTESIAN_POINT('',(69.500000000000000,0.0,0.0));
#177=DIRECTION('',(-1.0,0.0,0.0));
#178=DIRECTION('',(0.0,-1.0,0.0));
#179=AXIS2_PLACEMENT_3D('',#176,#177,#178);
#180=CIRCLE('',#179,5.0);
#181=EDGE_CURVE('',#175,#167,#180,.T.);
#182=ORIENTED_EDGE('',*,*,#181,.F.);
#183=CARTESIAN_POINT('',(64.500000000000000,4.576937931272852,2.012868394425176));
#184=VERTEX_POINT('',#183);
#185=CARTESIAN_POINT('',(64.500000000000000,4.576937931272852,2.012868394425176));
#186=DIRECTION('',(1.0,0.0,0.0));
#187=VECTOR('',#186,5.0);
#188=LINE('',#185,#187);
#189=EDGE_CURVE('',#184,#175,#188,.T.);
#190=ORIENTED_EDGE('',*,*,#189,.F.);
#191=CARTESIAN_POINT('',(64.500000000000000,3.328703205925237,3.730916102897929));
#192=VERTEX_POINT('',#191);
#193=CARTESIAN_POINT('',(64.500000000000000,0.0,0.0));
#194=DIRECTION('',(-1.0,0.0,0.0));
#195=DIRECTION('',(0.0,-1.0,0.0));
#196=AXIS2_PLACEMENT_3D('',#193,#194,#195);
#197=CIRCLE('',#196,5.0);
#198=EDGE_CURVE('',#192,#184,#197,.T.);
#199=ORIENTED_EDGE('',*,*,#198,.F.);
#200=CARTESIAN_POINT('',(69.500000000000000,3.328703205925237,3.730916102897929));
#201=VERTEX_POINT('',#200);
#202=CARTESIAN_POINT('',(69.500000000000000,3.328703205925237,3.730916102897929));
#203=DIRECTION('',(-1.0,0.0,0.0));
#204=VECTOR('',#203,5.0);
#205=LINE('',#202,#204);
#206=EDGE_CURVE('',#201,#192,#205,.T.);
#207=ORIENTED_EDGE('',*,*,#206,.F.);
#208=CARTESIAN_POINT('',(69.500000000000000,2.519686211550287,4.318701355190399));
#209=VERTEX_POINT('',#208);
#210=CARTESIAN_POINT('',(69.500000000000000,0.0,0.0));
#211=DIRECTION('',(-1.0,0.0,0.0));
#212=DIRECTION('',(0.0,-1.0,0.0));
#213=AXIS2_PLACEMENT_3D('',#210,#211,#212);
#214=CIRCLE('',#213,5.0);
#215=EDGE_CURVE('',#209,#201,#214,.T.);
#216=ORIENTED_EDGE('',*,*,#215,.F.);
#217=CARTESIAN_POINT('',(64.500000000000000,2.519686211550287,4.318701355190392));
#218=VERTEX_POINT('',#217);
#219=CARTESIAN_POINT('',(64.500000000000000,2.519686211550287,4.318701355190392));
#220=DIRECTION('',(1.0,0.0,0.0));
#221=VECTOR('',#220,5.0);
#222=LINE('',#219,#221);
#223=EDGE_CURVE('',#218,#209,#222,.T.);
#224=ORIENTED_EDGE('',*,*,#223,.F.);
#225=CARTESIAN_POINT('',(64.500000000000000,0.499999999999993,4.974937185533101));
#226=VERTEX_POINT('',#225);
#227=CARTESIAN_POINT('',(64.500000000000000,0.0,0.0));
#228=DIRECTION('',(-1.0,0.0,0.0));
#229=DIRECTION('',(0.0,-1.0,0.0));
#230=AXIS2_PLACEMENT_3D('',#227,#228,#229);
#231=CIRCLE('',#230,5.0);
#232=EDGE_CURVE('',#226,#218,#231,.T.);
#233=ORIENTED_EDGE('',*,*,#232,.F.);
#234=CARTESIAN_POINT('',(69.500000000000000,0.499999999999993,4.974937185533101));
#235=VERTEX_POINT('',#234);
#236=CARTESIAN_POINT('',(69.500000000000000,0.499999999999993,4.974937185533101));
#237=DIRECTION('',(-1.0,0.0,0.0));
#238=VECTOR('',#237,5.0);
#239=LINE('',#236,#238);
#240=EDGE_CURVE('',#235,#226,#239,.T.);
#241=ORIENTED_EDGE('',*,*,#240,.F.);
#242=CARTESIAN_POINT('',(69.500000000000000,-0.500000000000000,4.974937185533101));
#243=VERTEX_POINT('',#242);
#244=CARTESIAN_POINT('',(69.500000000000000,0.0,0.0));
#245=DIRECTION('',(-1.0,0.0,0.0));
#246=DIRECTION('',(0.0,-1.0,0.0));
#247=AXIS2_PLACEMENT_3D('',#244,#245,#246);
#248=CIRCLE('',#247,5.0);
#249=EDGE_CURVE('',#243,#235,#248,.T.);
#250=ORIENTED_EDGE('',*,*,#249,.F.);
#251=CARTESIAN_POINT('',(64.500000000000000,-0.500000000000000,4.974937185533101));
#252=VERTEX_POINT('',#251);
#253=CARTESIAN_POINT('',(64.500000000000000,-0.500000000000000,4.974937185533101));
#254=DIRECTION('',(1.0,0.0,0.0));
#255=VECTOR('',#254,5.0);
#256=LINE('',#253,#255);
#257=EDGE_CURVE('',#252,#243,#256,.T.);
#258=ORIENTED_EDGE('',*,*,#257,.F.);
#259=CARTESIAN_POINT('',(64.500000000000000,-2.519686211550322,4.318701355190378));
#260=VERTEX_POINT('',#259);
#261=CARTESIAN_POINT('',(64.500000000000000,0.0,0.0));
#262=DIRECTION('',(-1.0,0.0,0.0));
#263=DIRECTION('',(0.0,-1.0,0.0));
#264=AXIS2_PLACEMENT_3D('',#261,#262,#263);
#265=CIRCLE('',#264,5.0);
#266=EDGE_CURVE('',#260,#252,#265,.T.);
#267=ORIENTED_EDGE('',*,*,#266,.F.);
#268=CARTESIAN_POINT('',(69.500000000000000,-2.519686211550322,4.318701355190378));
#269=VERTEX_POINT('',#268);
#270=CARTESIAN_POINT('',(69.500000000000000,-2.519686211550322,4.318701355190378));
#271=DIRECTION('',(-1.0,0.0,0.0));
#272=VECTOR('',#271,5.0);
#273=LINE('',#270,#272);
#274=EDGE_CURVE('',#269,#260,#273,.T.);
#275=ORIENTED_EDGE('',*,*,#274,.F.);
#276=CARTESIAN_POINT('',(69.500000000000000,-3.328703205925265,3.730916102897901));
#277=VERTEX_POINT('',#276);
#278=CARTESIAN_POINT('',(69.500000000000000,0.0,0.0));
#279=DIRECTION('',(-1.0,0.0,0.0));
#280=DIRECTION('',(0.0,-1.0,0.0));
#281=AXIS2_PLACEMENT_3D('',#278,#279,#280);
#282=CIRCLE('',#281,5.0);
#283=EDGE_CURVE('',#277,#269,#282,.T.);
#284=ORIENTED_EDGE('',*,*,#283,.F.);
#285=CARTESIAN_POINT('',(64.500000000000000,-3.328703205925265,3.730916102897901));
#286=VERTEX_POINT('',#285);
#287=CARTESIAN_POINT('',(64.500000000000000,-3.328703205925265,3.730916102897901));
#288=DIRECTION('',(1.0,0.0,0.0));
#289=VECTOR('',#288,5.0);
#290=LINE('',#287,#289);
#291=EDGE_CURVE('',#286,#277,#290,.T.);
#292=ORIENTED_EDGE('',*,*,#291,.F.);
#293=CARTESIAN_POINT('',(64.500000000000000,-4.576937931272852,2.012868394425166));
#294=VERTEX_POINT('',#293);
#295=CARTESIAN_POINT('',(64.500000000000000,0.0,0.0));
#296=DIRECTION('',(-1.0,0.0,0.0));
#297=DIRECTION('',(0.0,-1.0,0.0));
#298=AXIS2_PLACEMENT_3D('',#295,#296,#297);
#299=CIRCLE('',#298,5.0);
#300=EDGE_CURVE('',#294,#286,#299,.T.);
#301=ORIENTED_EDGE('',*,*,#300,.F.);
#302=CARTESIAN_POINT('',(69.500000000000000,-4.576937931272852,2.012868394425166));
#303=VERTEX_POINT('',#302);
#304=CARTESIAN_POINT('',(69.500000000000000,-4.576937931272852,2.012868394425166));
#305=DIRECTION('',(-1.0,0.0,0.0));
#306=VECTOR('',#305,5.0);
#307=LINE('',#304,#306);
#308=EDGE_CURVE('',#303,#294,#307,.T.);
#309=ORIENTED_EDGE('',*,*,#308,.F.);
#310=CARTESIAN_POINT('',(69.500000000000000,-4.885954925647795,1.061811878130015));
#311=VERTEX_POINT('',#310);
#312=CARTESIAN_POINT('',(69.500000000000000,0.0,0.0));
#313=DIRECTION('',(-1.0,0.0,0.0));
#314=DIRECTION('',(0.0,-1.0,0.0));
#315=AXIS2_PLACEMENT_3D('',#312,#313,#314);
#316=CIRCLE('',#315,5.0);
#317=EDGE_CURVE('',#311,#303,#316,.T.);
#318=ORIENTED_EDGE('',*,*,#317,.F.);
#319=CARTESIAN_POINT('',(64.500000000000000,-4.885954925647795,1.061811878130015));
#320=VERTEX_POINT('',#319);
#321=CARTESIAN_POINT('',(64.500000000000000,-4.885954925647795,1.061811878130015));
#322=DIRECTION('',(1.0,0.0,0.0));
#323=VECTOR('',#322,5.0);
#324=LINE('',#321,#323);
#325=EDGE_CURVE('',#320,#311,#324,.T.);
#326=ORIENTED_EDGE('',*,*,#325,.F.);
#327=CARTESIAN_POINT('',(64.500000000000000,0.0,0.0));
#328=DIRECTION('',(-1.0,0.0,0.0));
#329=DIRECTION('',(0.0,-1.0,0.0));
#330=AXIS2_PLACEMENT_3D('',#327,#328,#329);
#331=CIRCLE('',#330,5.0);
#332=EDGE_CURVE('',#133,#320,#331,.T.);
#333=ORIENTED_EDGE('',*,*,#332,.F.);
#334=EDGE_LOOP('',(#139,#148,#156,#165,#173,#182,#190,#199,#207,#216,#224,#233,#241,#250,#258,#267,#275,#284,#292,#301,#309,#318,#326,#333));
#335=FACE_OUTER_BOUND('',#334,.T.);
#336=ADVANCED_FACE('',(#335),#129,.T.);
#337=CARTESIAN_POINT('',(97.750000000000000,0.0,0.0));
#338=DIRECTION('',(-1.0,0.0,0.0));
#339=DIRECTION('',(0.0,-1.0,0.0));
#340=AXIS2_PLACEMENT_3D('',#337,#338,#339);
#341=CONICAL_SURFACE('',#340,2.250000000000000,45.0);
#342=CARTESIAN_POINT('',(97.500000000000000,-2.500000000000000,3.061516E-016));
#343=VERTEX_POINT('',#342);
#344=CARTESIAN_POINT('',(98.0,-2.0,2.449213E-016));
#345=VERTEX_POINT('',#344);
#346=CARTESIAN_POINT('',(97.500000000000000,-2.500000000000000,3.061516E-016));
#347=DIRECTION('',(0.707106781186547,0.707106781186547,-8.659275E-017));
#348=VECTOR('',#347,0.707106781186548);
#349=LINE('',#346,#348);
#350=EDGE_CURVE('',#343,#345,#349,.T.);
#351=ORIENTED_EDGE('',*,*,#350,.F.);
#352=CARTESIAN_POINT('',(97.500000000000000,2.500000000000000,0.0));
#353=VERTEX_POINT('',#352);
#354=CARTESIAN_POINT('',(97.500000000000000,0.0,0.0));
#355=DIRECTION('',(1.0,0.0,0.0));
#356=DIRECTION('',(0.0,-1.0,0.0));
#357=AXIS2_PLACEMENT_3D('',#354,#355,#356);
#358=CIRCLE('',#357,2.500000000000000);
#359=EDGE_CURVE('',#343,#353,#358,.T.);
#360=ORIENTED_EDGE('',*,*,#359,.T.);
#361=CARTESIAN_POINT('',(98.0,2.0,0.0));
#362=VERTEX_POINT('',#361);
#363=CARTESIAN_POINT('',(98.0,2.0,0.0));
#364=DIRECTION('',(-0.707106781186547,0.707106781186547,0.0));
#365=VECTOR('',#364,0.707106781186548);
#366=LINE('',#363,#365);
#367=EDGE_CURVE('',#362,#353,#366,.T.);
#368=ORIENTED_EDGE('',*,*,#367,.F.);
#369=CARTESIAN_POINT('',(98.0,0.0,0.0));
#370=DIRECTION('',(-1.0,0.0,0.0));
#371=DIRECTION('',(0.0,-1.0,0.0));
#372=AXIS2_PLACEMENT_3D('',#369,#370,#371);
#373=CIRCLE('',#372,2.0);
#374=EDGE_CURVE('',#362,#345,#373,.T.);
#375=ORIENTED_EDGE('',*,*,#374,.T.);
#376=EDGE_LOOP('',(#351,#360,#368,#375));
#377=FACE_OUTER_BOUND('',#376,.T.);
#378=ADVANCED_FACE('',(#377),#341,.T.);
#379=CARTESIAN_POINT('',(0.250000000000000,0.0,0.0));
#380=DIRECTION('',(1.0,0.0,0.0));
#381=DIRECTION('',(0.0,-1.0,0.0));
#382=AXIS2_PLACEMENT_3D('',#379,#380,#381);
#383=CONICAL_SURFACE('',#382,2.250000000000000,45.0);
#384=CARTESIAN_POINT('',(0.0,-2.0,2.449213E-016));
#385=VERTEX_POINT('',#384);
#386=CARTESIAN_POINT('',(0.500000000000000,-2.500000000000000,3.061516E-016));
#387=VERTEX_POINT('',#386);
#388=CARTESIAN_POINT('',(0.0,-2.0,2.449213E-016));
#389=DIRECTION('',(0.707106781186547,-0.707106781186547,8.659275E-017));
#390=VECTOR('',#389,0.707106781186548);
#391=LINE('',#388,#390);
#392=EDGE_CURVE('',#385,#387,#391,.T.);
#393=ORIENTED_EDGE('',*,*,#392,.F.);
#394=CARTESIAN_POINT('',(0.0,2.0,0.0));
#395=VERTEX_POINT('',#394);
#396=CARTESIAN_POINT('',(0.0,0.0,0.0));
#397=DIRECTION('',(1.0,0.0,0.0));
#398=DIRECTION('',(0.0,-1.0,0.0));
#399=AXIS2_PLACEMENT_3D('',#396,#397,#398);
#400=CIRCLE('',#399,2.0);
#401=EDGE_CURVE('',#385,#395,#400,.T.);
#402=ORIENTED_EDGE('',*,*,#401,.T.);
#403=CARTESIAN_POINT('',(0.500000000000000,2.500000000000000,0.0));
#404=VERTEX_POINT('',#403);
#405=CARTESIAN_POINT('',(0.500000000000000,2.500000000000000,0.0));
#406=DIRECTION('',(-0.707106781186547,-0.707106781186547,0.0));
#407=VECTOR('',#406,0.707106781186548);
#408=LINE('',#405,#407);
#409=EDGE_CURVE('',#404,#395,#408,.T.);
#410=ORIENTED_EDGE('',*,*,#409,.F.);
#411=CARTESIAN_POINT('',(0.500000000000000,0.0,0.0));
#412=DIRECTION('',(-1.0,0.0,0.0));
#413=DIRECTION('',(0.0,-1.0,0.0));
#414=AXIS2_PLACEMENT_3D('',#411,#412,#413);
#415=CIRCLE('',#414,2.500000000000000);
#416=EDGE_CURVE('',#404,#387,#415,.T.);
#417=ORIENTED_EDGE('',*,*,#416,.T.);
#418=EDGE_LOOP('',(#393,#402,#410,#417));
#419=FACE_OUTER_BOUND('',#418,.T.);
#420=ADVANCED_FACE('',(#419),#383,.T.);
#421=CARTESIAN_POINT('',(49.0,0.0,0.0));
#422=DIRECTION('',(1.0,0.0,0.0));
#423=DIRECTION('',(0.0,1.0,0.0));
#424=AXIS2_PLACEMENT_3D('',#421,#422,#423);
#425=CYLINDRICAL_SURFACE('',#424,2.500000000000000);
#426=CARTESIAN_POINT('',(84.500000000000000,2.500000000000000,-3.061516E-016));
#427=VERTEX_POINT('',#426);
#428=CARTESIAN_POINT('',(84.500000000000000,2.500000000000000,-3.061516E-016));
#429=DIRECTION('',(1.0,0.0,0.0));
#430=VECTOR('',#429,13.0);
#431=LINE('',#428,#430);
#432=EDGE_CURVE('',#427,#353,#431,.T.);
#433=ORIENTED_EDGE('',*,*,#432,.F.);
#434=CARTESIAN_POINT('',(84.500000000000000,-2.500000000000000,0.0));
#435=VERTEX_POINT('',#434);
#436=CARTESIAN_POINT('',(84.500000000000000,0.0,0.0));
#437=DIRECTION('',(-1.0,0.0,0.0));
#438=DIRECTION('',(0.0,1.0,0.0));
#439=AXIS2_PLACEMENT_3D('',#436,#437,#438);
#440=CIRCLE('',#439,2.500000000000000);
#441=EDGE_CURVE('',#435,#427,#440,.T.);
#442=ORIENTED_EDGE('',*,*,#441,.F.);
#443=CARTESIAN_POINT('',(97.500000000000000,-2.500000000000000,3.061516E-016));
#444=DIRECTION('',(-1.0,0.0,0.0));
#445=VECTOR('',#444,13.0);
#446=LINE('',#443,#445);
#447=EDGE_CURVE('',#343,#435,#446,.T.);
#448=ORIENTED_EDGE('',*,*,#447,.F.);
#449=CARTESIAN_POINT('',(97.500000000000000,0.0,0.0));
#450=DIRECTION('',(1.0,0.0,0.0));
#451=DIRECTION('',(0.0,-1.0,0.0));
#452=AXIS2_PLACEMENT_3D('',#449,#450,#451);
#453=CIRCLE('',#452,2.500000000000000);
#454=EDGE_CURVE('',#353,#343,#453,.T.);
#455=ORIENTED_EDGE('',*,*,#454,.F.);
#456=EDGE_LOOP('',(#433,#442,#448,#455));
#457=FACE_OUTER_BOUND('',#456,.T.);
#458=ADVANCED_FACE('',(#457),#425,.T.);
#459=CARTESIAN_POINT('',(49.0,0.0,0.0));
#460=DIRECTION('',(1.0,0.0,0.0));
#461=DIRECTION('',(0.0,1.0,0.0));
#462=AXIS2_PLACEMENT_3D('',#459,#460,#461);
#463=CYLINDRICAL_SURFACE('',#462,2.500000000000000);
#464=CARTESIAN_POINT('',(64.500000000000000,2.500000000000000,-3.061516E-016));
#465=VERTEX_POINT('',#464);
#466=CARTESIAN_POINT('',(0.500000000000000,2.500000000000000,0.0));
#467=DIRECTION('',(1.0,0.0,0.0));
#468=VECTOR('',#467,64.0);
#469=LINE('',#466,#468);
#470=EDGE_CURVE('',#404,#465,#469,.T.);
#471=ORIENTED_EDGE('',*,*,#470,.F.);
#472=CARTESIAN_POINT('',(0.500000000000000,0.0,0.0));
#473=DIRECTION('',(-1.0,0.0,0.0));
#474=DIRECTION('',(0.0,-1.0,0.0));
#475=AXIS2_PLACEMENT_3D('',#472,#473,#474);
#476=CIRCLE('',#475,2.500000000000000);
#477=EDGE_CURVE('',#387,#404,#476,.T.);
#478=ORIENTED_EDGE('',*,*,#477,.F.);
#479=CARTESIAN_POINT('',(64.500000000000000,-2.500000000000000,0.0));
#480=VERTEX_POINT('',#479);
#481=CARTESIAN_POINT('',(64.500000000000000,-2.500000000000000,0.0));
#482=DIRECTION('',(-1.0,0.0,0.0));
#483=VECTOR('',#482,64.0);
#484=LINE('',#481,#483);
#485=EDGE_CURVE('',#480,#387,#484,.T.);
#486=ORIENTED_EDGE('',*,*,#485,.F.);
#487=CARTESIAN_POINT('',(64.500000000000000,0.0,0.0));
#488=DIRECTION('',(1.0,0.0,0.0));
#489=DIRECTION('',(0.0,1.0,0.0));
#490=AXIS2_PLACEMENT_3D('',#487,#488,#489);
#491=CIRCLE('',#490,2.500000000000000);
#492=EDGE_CURVE('',#465,#480,#491,.T.);
#493=ORIENTED_EDGE('',*,*,#492,.F.);
#494=EDGE_LOOP('',(#471,#478,#486,#493));
#495=FACE_OUTER_BOUND('',#494,.T.);
#496=ADVANCED_FACE('',(#495),#463,.T.);
#497=CARTESIAN_POINT('',(49.0,0.0,0.0));
#498=DIRECTION('',(1.0,0.0,0.0));
#499=DIRECTION('',(0.0,1.0,0.0));
#500=AXIS2_PLACEMENT_3D('',#497,#498,#499);
#501=CYLINDRICAL_SURFACE('',#500,2.500000000000000);
#502=ORIENTED_EDGE('',*,*,#470,.T.);
#503=CARTESIAN_POINT('',(64.500000000000000,0.0,0.0));
#504=DIRECTION('',(1.0,0.0,0.0));
#505=DIRECTION('',(0.0,1.0,0.0));
#506=AXIS2_PLACEMENT_3D('',#503,#504,#505);
#507=CIRCLE('',#506,2.500000000000000);
#508=EDGE_CURVE('',#480,#465,#507,.T.);
#509=ORIENTED_EDGE('',*,*,#508,.F.);
#510=ORIENTED_EDGE('',*,*,#485,.T.);
#511=ORIENTED_EDGE('',*,*,#416,.F.);
#512=EDGE_LOOP('',(#502,#509,#510,#511));
#513=FACE_OUTER_BOUND('',#512,.T.);
#514=ADVANCED_FACE('',(#513),#501,.T.);
#515=CARTESIAN_POINT('',(49.0,0.0,0.0));
#516=DIRECTION('',(1.0,0.0,0.0));
#517=DIRECTION('',(0.0,1.0,0.0));
#518=AXIS2_PLACEMENT_3D('',#515,#516,#517);
#519=CYLINDRICAL_SURFACE('',#518,2.500000000000000);
#520=ORIENTED_EDGE('',*,*,#432,.T.);
#521=ORIENTED_EDGE('',*,*,#359,.F.);
#522=ORIENTED_EDGE('',*,*,#447,.T.);
#523=CARTESIAN_POINT('',(84.500000000000000,0.0,0.0));
#524=DIRECTION('',(-1.0,0.0,0.0));
#525=DIRECTION('',(0.0,1.0,0.0));
#526=AXIS2_PLACEMENT_3D('',#523,#524,#525);
#527=CIRCLE('',#526,2.500000000000000);
#528=EDGE_CURVE('',#427,#435,#527,.T.);
#529=ORIENTED_EDGE('',*,*,#528,.F.);
#530=EDGE_LOOP('',(#520,#521,#522,#529));
#531=FACE_OUTER_BOUND('',#530,.T.);
#532=ADVANCED_FACE('',(#531),#519,.T.);
#533=CARTESIAN_POINT('',(0.250000000000000,0.0,0.0));
#534=DIRECTION('',(1.0,0.0,0.0));
#535=DIRECTION('',(0.0,-1.0,0.0));
#536=AXIS2_PLACEMENT_3D('',#533,#534,#535);
#537=CONICAL_SURFACE('',#536,2.250000000000000,45.0);
#538=ORIENTED_EDGE('',*,*,#392,.T.);
#539=ORIENTED_EDGE('',*,*,#477,.T.);
#540=ORIENTED_EDGE('',*,*,#409,.T.);
#541=CARTESIAN_POINT('',(0.0,0.0,0.0));
#542=DIRECTION('',(1.0,0.0,0.0));
#543=DIRECTION('',(0.0,-1.0,0.0));
#544=AXIS2_PLACEMENT_3D('',#541,#542,#543);
#545=CIRCLE('',#544,2.0);
#546=EDGE_CURVE('',#395,#385,#545,.T.);
#547=ORIENTED_EDGE('',*,*,#546,.T.);
#548=EDGE_LOOP('',(#538,#539,#540,#547));
#549=FACE_OUTER_BOUND('',#548,.T.);
#550=ADVANCED_FACE('',(#549),#537,.T.);
#551=CARTESIAN_POINT('',(0.0,1.250000000000000,0.0));
#552=DIRECTION('',(-1.0,0.0,0.0));
#553=DIRECTION('',(0.0,0.0,1.0));
#554=AXIS2_PLACEMENT_3D('',#551,#552,#553);
#555=PLANE('',#554);
#556=ORIENTED_EDGE('',*,*,#546,.F.);
#557=ORIENTED_EDGE('',*,*,#401,.F.);
#558=EDGE_LOOP('',(#556,#557));
#559=FACE_OUTER_BOUND('',#558,.T.);
#560=ADVANCED_FACE('',(#559),#555,.T.);
#561=CARTESIAN_POINT('',(97.750000000000000,0.0,0.0));
#562=DIRECTION('',(-1.0,0.0,0.0));
#563=DIRECTION('',(0.0,-1.0,0.0));
#564=AXIS2_PLACEMENT_3D('',#561,#562,#563);
#565=CONICAL_SURFACE('',#564,2.250000000000000,45.0);
#566=ORIENTED_EDGE('',*,*,#350,.T.);
#567=CARTESIAN_POINT('',(98.0,0.0,0.0));
#568=DIRECTION('',(-1.0,0.0,0.0));
#569=DIRECTION('',(0.0,-1.0,0.0));
#570=AXIS2_PLACEMENT_3D('',#567,#568,#569);
#571=CIRCLE('',#570,2.0);
#572=EDGE_CURVE('',#345,#362,#571,.T.);
#573=ORIENTED_EDGE('',*,*,#572,.T.);
#574=ORIENTED_EDGE('',*,*,#367,.T.);
#575=ORIENTED_EDGE('',*,*,#454,.T.);
#576=EDGE_LOOP('',(#566,#573,#574,#575));
#577=FACE_OUTER_BOUND('',#576,.T.);
#578=ADVANCED_FACE('',(#577),#565,.T.);
#579=CARTESIAN_POINT('',(98.0,1.250000000000000,0.0));
#580=DIRECTION('',(1.0,0.0,0.0));
#581=DIRECTION('',(0.0,0.0,-1.0));
#582=AXIS2_PLACEMENT_3D('',#579,#580,#581);
#583=PLANE('',#582);
#584=ORIENTED_EDGE('',*,*,#374,.F.);
#585=ORIENTED_EDGE('',*,*,#572,.F.);
#586=EDGE_LOOP('',(#584,#585));
#587=FACE_OUTER_BOUND('',#586,.T.);
#588=ADVANCED_FACE('',(#587),#583,.T.);
#589=CARTESIAN_POINT('',(69.500000000000000,-15.062395763534965,-5.419800168146765));
#590=DIRECTION('',(0.0,0.309016994374949,-0.951056516295153));
#591=DIRECTION('',(0.0,0.951056516295153,0.309016994374949));
#592=AXIS2_PLACEMENT_3D('',#589,#590,#591);
#593=PLANE('',#592);
#594=CARTESIAN_POINT('',(69.500000000000000,-4.576937931272852,-2.012868394425198));
#595=VERTEX_POINT('',#594);
#596=CARTESIAN_POINT('',(64.500000000000000,-4.576937931272852,-2.012868394425198));
#597=VERTEX_POINT('',#596);
#598=CARTESIAN_POINT('',(69.500000000000000,-4.576937931272852,-2.012868394425198));
#599=DIRECTION('',(-1.0,0.0,0.0));
#600=VECTOR('',#599,5.0);
#601=LINE('',#598,#600);
#602=EDGE_CURVE('',#595,#597,#601,.T.);
#603=ORIENTED_EDGE('',*,*,#602,.F.);
#604=CARTESIAN_POINT('',(69.500000000000000,-15.062395763534965,-5.419800168146765));
#605=VERTEX_POINT('',#604);
#606=CARTESIAN_POINT('',(69.500000000000000,-4.576937931272852,-2.012868394425198));
#607=DIRECTION('',(0.0,-0.951056516295153,-0.309016994374948));
#608=VECTOR('',#607,11.025062814466885);
#609=LINE('',#606,#608);
#610=EDGE_CURVE('',#595,#605,#609,.T.);
#611=ORIENTED_EDGE('',*,*,#610,.T.);
#612=CARTESIAN_POINT('',(64.500000000000000,-15.062395763534965,-5.419800168146765));
#613=VERTEX_POINT('',#612);
#614=CARTESIAN_POINT('',(69.500000000000000,-15.062395763534965,-5.419800168146765));
#615=DIRECTION('',(-1.0,0.0,0.0));
#616=VECTOR('',#615,5.0);
#617=LINE('',#614,#616);
#618=EDGE_CURVE('',#605,#613,#617,.T.);
#619=ORIENTED_EDGE('',*,*,#618,.T.);
#620=CARTESIAN_POINT('',(64.500000000000000,-15.062395763534965,-5.419800168146765));
#621=DIRECTION('',(0.0,0.951056516295153,0.309016994374948));
#622=VECTOR('',#621,11.025062814466885);
#623=LINE('',#620,#622);
#624=EDGE_CURVE('',#613,#597,#623,.T.);
#625=ORIENTED_EDGE('',*,*,#624,.T.);
#626=EDGE_LOOP('',(#603,#611,#619,#625));
#627=FACE_OUTER_BOUND('',#626,.T.);
#628=ADVANCED_FACE('',(#627),#593,.T.);
#629=CARTESIAN_POINT('',(69.500000000000000,-0.154508497187464,0.475528258147563));
#630=DIRECTION('',(0.0,-0.309016994374949,0.951056516295153));
#631=DIRECTION('',(0.0,-0.951056516295153,-0.309016994374949));
#632=AXIS2_PLACEMENT_3D('',#629,#630,#631);
#633=PLANE('',#632);
#634=CARTESIAN_POINT('',(64.500000000000000,-4.885954925647795,-1.061811878130047));
#635=VERTEX_POINT('',#634);
#636=CARTESIAN_POINT('',(69.500000000000000,-4.885954925647795,-1.061811878130047));
#637=VERTEX_POINT('',#636);
#638=CARTESIAN_POINT('',(64.500000000000000,-4.885954925647795,-1.061811878130047));
#639=DIRECTION('',(1.0,0.0,0.0));
#640=VECTOR('',#639,5.0);
#641=LINE('',#638,#640);
#642=EDGE_CURVE('',#635,#637,#641,.T.);
#643=ORIENTED_EDGE('',*,*,#642,.F.);
#644=CARTESIAN_POINT('',(64.500000000000000,-15.371412757909908,-4.468743651851625));
#645=VERTEX_POINT('',#644);
#646=CARTESIAN_POINT('',(64.500000000000000,-4.885954925647795,-1.061811878130047));
#647=DIRECTION('',(0.0,-0.951056516295153,-0.309016994374949));
#648=VECTOR('',#647,11.025062814466889);
#649=LINE('',#646,#648);
#650=EDGE_CURVE('',#635,#645,#649,.T.);
#651=ORIENTED_EDGE('',*,*,#650,.T.);
#652=CARTESIAN_POINT('',(69.500000000000000,-15.371412757909908,-4.468743651851625));
#653=VERTEX_POINT('',#652);
#654=CARTESIAN_POINT('',(69.500000000000000,-15.371412757909908,-4.468743651851625));
#655=DIRECTION('',(-1.0,0.0,0.0));
#656=VECTOR('',#655,5.0);
#657=LINE('',#654,#656);
#658=EDGE_CURVE('',#653,#645,#657,.T.);
#659=ORIENTED_EDGE('',*,*,#658,.F.);
#660=CARTESIAN_POINT('',(69.500000000000000,-4.885954925647795,-1.061811878130047));
#661=DIRECTION('',(0.0,-0.951056516295153,-0.309016994374949));
#662=VECTOR('',#661,11.025062814466889);
#663=LINE('',#660,#662);
#664=EDGE_CURVE('',#637,#653,#663,.T.);
#665=ORIENTED_EDGE('',*,*,#664,.F.);
#666=EDGE_LOOP('',(#643,#651,#659,#665));
#667=FACE_OUTER_BOUND('',#666,.T.);
#668=ADVANCED_FACE('',(#667),#633,.T.);
#669=CARTESIAN_POINT('',(69.500000000000000,-15.371412757909908,-4.468743651851625));
#670=DIRECTION('',(0.0,-0.951056516295153,-0.309016994374949));
#671=DIRECTION('',(1.0,0.0,0.0));
#672=AXIS2_PLACEMENT_3D('',#669,#670,#671);
#673=PLANE('',#672);
#674=CARTESIAN_POINT('',(64.500000000000000,-15.371412757909908,-4.468743651851625));
#675=DIRECTION('',(0.0,0.309016994374948,-0.951056516295153));
#676=VECTOR('',#675,0.999999999999985);
#677=LINE('',#674,#676);
#678=EDGE_CURVE('',#645,#613,#677,.T.);
#679=ORIENTED_EDGE('',*,*,#678,.T.);
#680=ORIENTED_EDGE('',*,*,#618,.F.);
#681=CARTESIAN_POINT('',(69.500000000000000,-15.371412757909908,-4.468743651851625));
#682=DIRECTION('',(0.0,0.309016994374948,-0.951056516295153));
#683=VECTOR('',#682,0.999999999999985);
#684=LINE('',#681,#683);
#685=EDGE_CURVE('',#653,#605,#684,.T.);
#686=ORIENTED_EDGE('',*,*,#685,.F.);
#687=ORIENTED_EDGE('',*,*,#658,.T.);
#688=EDGE_LOOP('',(#679,#680,#686,#687));
#689=FACE_OUTER_BOUND('',#688,.T.);
#690=ADVANCED_FACE('',(#689),#673,.T.);
#691=CARTESIAN_POINT('',(69.500000000000000,-7.608452130361201,-2.472135954999615));
#692=DIRECTION('',(1.0,0.0,0.0));
#693=DIRECTION('',(0.0,0.951056516295153,0.309016994374949));
#694=AXIS2_PLACEMENT_3D('',#691,#692,#693);
#695=PLANE('',#694);
#696=CARTESIAN_POINT('',(69.500000000000000,0.0,0.0));
#697=DIRECTION('',(1.0,0.0,0.0));
#698=DIRECTION('',(0.0,-1.0,0.0));
#699=AXIS2_PLACEMENT_3D('',#696,#697,#698);
#700=CIRCLE('',#699,5.0);
#701=EDGE_CURVE('',#637,#595,#700,.T.);
#702=ORIENTED_EDGE('',*,*,#701,.F.);
#703=ORIENTED_EDGE('',*,*,#664,.T.);
#704=ORIENTED_EDGE('',*,*,#685,.T.);
#705=ORIENTED_EDGE('',*,*,#610,.F.);
#706=EDGE_LOOP('',(#702,#703,#704,#705));
#707=FACE_OUTER_BOUND('',#706,.T.);
#708=ADVANCED_FACE('',(#707),#695,.T.);
#709=CARTESIAN_POINT('',(74.500000000000000,0.0,0.0));
#710=DIRECTION('',(-1.0,0.0,0.0));
#711=DIRECTION('',(0.0,-1.0,0.0));
#712=AXIS2_PLACEMENT_3D('',#709,#710,#711);
#713=CYLINDRICAL_SURFACE('',#712,5.0);
#714=ORIENTED_EDGE('',*,*,#138,.T.);
#715=CARTESIAN_POINT('',(64.500000000000000,0.0,0.0));
#716=DIRECTION('',(-1.0,0.0,0.0));
#717=DIRECTION('',(0.0,-1.0,0.0));
#718=AXIS2_PLACEMENT_3D('',#715,#716,#717);
#719=CIRCLE('',#718,5.0);
#720=EDGE_CURVE('',#635,#133,#719,.T.);
#721=ORIENTED_EDGE('',*,*,#720,.F.);
#722=ORIENTED_EDGE('',*,*,#642,.T.);
#723=ORIENTED_EDGE('',*,*,#701,.T.);
#724=ORIENTED_EDGE('',*,*,#602,.T.);
#725=CARTESIAN_POINT('',(64.500000000000000,-3.328703205925237,-3.730916102897922));
#726=VERTEX_POINT('',#725);
#727=CARTESIAN_POINT('',(64.500000000000000,0.0,0.0));
#728=DIRECTION('',(-1.0,0.0,0.0));
#729=DIRECTION('',(0.0,-1.0,0.0));
#730=AXIS2_PLACEMENT_3D('',#727,#728,#729);
#731=CIRCLE('',#730,5.0);
#732=EDGE_CURVE('',#726,#597,#731,.T.);
#733=ORIENTED_EDGE('',*,*,#732,.F.);
#734=CARTESIAN_POINT('',(69.500000000000000,-3.328703205925237,-3.730916102897922));
#735=VERTEX_POINT('',#734);
#736=CARTESIAN_POINT('',(69.500000000000000,-3.328703205925237,-3.730916102897922));
#737=DIRECTION('',(-1.0,0.0,0.0));
#738=VECTOR('',#737,5.0);
#739=LINE('',#736,#738);
#740=EDGE_CURVE('',#735,#726,#739,.T.);
#741=ORIENTED_EDGE('',*,*,#740,.F.);
#742=CARTESIAN_POINT('',(69.500000000000000,-2.519686211550294,-4.318701355190388));
#743=VERTEX_POINT('',#742);
#744=CARTESIAN_POINT('',(69.500000000000000,0.0,0.0));
#745=DIRECTION('',(-1.0,0.0,0.0));
#746=DIRECTION('',(0.0,-1.0,0.0));
#747=AXIS2_PLACEMENT_3D('',#744,#745,#746);
#748=CIRCLE('',#747,5.0);
#749=EDGE_CURVE('',#743,#735,#748,.T.);
#750=ORIENTED_EDGE('',*,*,#749,.F.);
#751=CARTESIAN_POINT('',(64.500000000000000,-2.519686211550294,-4.318701355190388));
#752=VERTEX_POINT('',#751);
#753=CARTESIAN_POINT('',(64.500000000000000,-2.519686211550294,-4.318701355190388));
#754=DIRECTION('',(1.0,0.0,0.0));
#755=VECTOR('',#754,5.0);
#756=LINE('',#753,#755);
#757=EDGE_CURVE('',#752,#743,#756,.T.);
#758=ORIENTED_EDGE('',*,*,#757,.F.);
#759=CARTESIAN_POINT('',(64.500000000000000,-0.499999999999986,-4.974937185533101));
#760=VERTEX_POINT('',#759);
#761=CARTESIAN_POINT('',(64.500000000000000,0.0,0.0));
#762=DIRECTION('',(-1.0,0.0,0.0));
#763=DIRECTION('',(0.0,-1.0,0.0));
#764=AXIS2_PLACEMENT_3D('',#761,#762,#763);
#765=CIRCLE('',#764,5.0);
#766=EDGE_CURVE('',#760,#752,#765,.T.);
#767=ORIENTED_EDGE('',*,*,#766,.F.);
#768=CARTESIAN_POINT('',(69.500000000000000,-0.499999999999986,-4.974937185533101));
#769=VERTEX_POINT('',#768);
#770=CARTESIAN_POINT('',(69.500000000000000,-0.499999999999986,-4.974937185533101));
#771=DIRECTION('',(-1.0,0.0,0.0));
#772=VECTOR('',#771,5.0);
#773=LINE('',#770,#772);
#774=EDGE_CURVE('',#769,#760,#773,.T.);
#775=ORIENTED_EDGE('',*,*,#774,.F.);
#776=CARTESIAN_POINT('',(69.500000000000000,0.500000000000014,-4.974937185533097));
#777=VERTEX_POINT('',#776);
#778=CARTESIAN_POINT('',(69.500000000000000,0.0,0.0));
#779=DIRECTION('',(-1.0,0.0,0.0));
#780=DIRECTION('',(0.0,-1.0,0.0));
#781=AXIS2_PLACEMENT_3D('',#778,#779,#780);
#782=CIRCLE('',#781,5.0);
#783=EDGE_CURVE('',#777,#769,#782,.T.);
#784=ORIENTED_EDGE('',*,*,#783,.F.);
#785=CARTESIAN_POINT('',(64.500000000000000,0.500000000000014,-4.974937185533097));
#786=VERTEX_POINT('',#785);
#787=CARTESIAN_POINT('',(64.500000000000000,0.500000000000014,-4.974937185533097));
#788=DIRECTION('',(1.0,0.0,0.0));
#789=VECTOR('',#788,5.0);
#790=LINE('',#787,#789);
#791=EDGE_CURVE('',#786,#777,#790,.T.);
#792=ORIENTED_EDGE('',*,*,#791,.F.);
#793=CARTESIAN_POINT('',(64.500000000000000,2.519686211550322,-4.318701355190378));
#794=VERTEX_POINT('',#793);
#795=CARTESIAN_POINT('',(64.500000000000000,0.0,0.0));
#796=DIRECTION('',(-1.0,0.0,0.0));
#797=DIRECTION('',(0.0,-1.0,0.0));
#798=AXIS2_PLACEMENT_3D('',#795,#796,#797);
#799=CIRCLE('',#798,5.0);
#800=EDGE_CURVE('',#794,#786,#799,.T.);
#801=ORIENTED_EDGE('',*,*,#800,.F.);
#802=CARTESIAN_POINT('',(69.500000000000000,2.519686211550322,-4.318701355190378));
#803=VERTEX_POINT('',#802);
#804=CARTESIAN_POINT('',(69.500000000000000,2.519686211550322,-4.318701355190378));
#805=DIRECTION('',(-1.0,0.0,0.0));
#806=VECTOR('',#805,5.0);
#807=LINE('',#804,#806);
#808=EDGE_CURVE('',#803,#794,#807,.T.);
#809=ORIENTED_EDGE('',*,*,#808,.F.);
#810=CARTESIAN_POINT('',(69.500000000000000,3.328703205925258,-3.730916102897904));
#811=VERTEX_POINT('',#810);
#812=CARTESIAN_POINT('',(69.500000000000000,0.0,0.0));
#813=DIRECTION('',(-1.0,0.0,0.0));
#814=DIRECTION('',(0.0,-1.0,0.0));
#815=AXIS2_PLACEMENT_3D('',#812,#813,#814);
#816=CIRCLE('',#815,5.0);
#817=EDGE_CURVE('',#811,#803,#816,.T.);
#818=ORIENTED_EDGE('',*,*,#817,.F.);
#819=CARTESIAN_POINT('',(64.500000000000000,3.328703205925258,-3.730916102897904));
#820=VERTEX_POINT('',#819);
#821=CARTESIAN_POINT('',(64.500000000000000,3.328703205925258,-3.730916102897904));
#822=DIRECTION('',(1.0,0.0,0.0));
#823=VECTOR('',#822,5.0);
#824=LINE('',#821,#823);
#825=EDGE_CURVE('',#820,#811,#824,.T.);
#826=ORIENTED_EDGE('',*,*,#825,.F.);
#827=CARTESIAN_POINT('',(64.500000000000000,4.576937931272859,-2.012868394425169));
#828=VERTEX_POINT('',#827);
#829=CARTESIAN_POINT('',(64.500000000000000,0.0,0.0));
#830=DIRECTION('',(-1.0,0.0,0.0));
#831=DIRECTION('',(0.0,-1.0,0.0));
#832=AXIS2_PLACEMENT_3D('',#829,#830,#831);
#833=CIRCLE('',#832,5.0);
#834=EDGE_CURVE('',#828,#820,#833,.T.);
#835=ORIENTED_EDGE('',*,*,#834,.F.);
#836=CARTESIAN_POINT('',(69.500000000000000,4.576937931272859,-2.012868394425169));
#837=VERTEX_POINT('',#836);
#838=CARTESIAN_POINT('',(64.500000000000000,4.576937931272859,-2.012868394425169));
#839=DIRECTION('',(1.0,0.0,0.0));
#840=VECTOR('',#839,5.0);
#841=LINE('',#838,#840);
#842=EDGE_CURVE('',#828,#837,#841,.T.);
#843=ORIENTED_EDGE('',*,*,#842,.T.);
#844=CARTESIAN_POINT('',(69.500000000000000,4.885954925647795,-1.061811878130019));
#845=VERTEX_POINT('',#844);
#846=CARTESIAN_POINT('',(69.500000000000000,0.0,0.0));
#847=DIRECTION('',(1.0,0.0,0.0));
#848=DIRECTION('',(0.0,-1.0,0.0));
#849=AXIS2_PLACEMENT_3D('',#846,#847,#848);
#850=CIRCLE('',#849,5.0);
#851=EDGE_CURVE('',#837,#845,#850,.T.);
#852=ORIENTED_EDGE('',*,*,#851,.T.);
#853=CARTESIAN_POINT('',(64.500000000000000,4.885954925647795,-1.061811878130019));
#854=VERTEX_POINT('',#853);
#855=CARTESIAN_POINT('',(69.500000000000000,4.885954925647795,-1.061811878130019));
#856=DIRECTION('',(-1.0,0.0,0.0));
#857=VECTOR('',#856,5.0);
#858=LINE('',#855,#857);
#859=EDGE_CURVE('',#845,#854,#858,.T.);
#860=ORIENTED_EDGE('',*,*,#859,.T.);
#861=CARTESIAN_POINT('',(64.500000000000000,0.0,0.0));
#862=DIRECTION('',(-1.0,0.0,0.0));
#863=DIRECTION('',(0.0,-1.0,0.0));
#864=AXIS2_PLACEMENT_3D('',#861,#862,#863);
#865=CIRCLE('',#864,5.0);
#866=EDGE_CURVE('',#150,#854,#865,.T.);
#867=ORIENTED_EDGE('',*,*,#866,.F.);
#868=ORIENTED_EDGE('',*,*,#155,.T.);
#869=CARTESIAN_POINT('',(84.500000000000000,0.0,0.0));
#870=DIRECTION('',(1.0,0.0,0.0));
#871=DIRECTION('',(0.0,-1.0,0.0));
#872=AXIS2_PLACEMENT_3D('',#869,#870,#871);
#873=CIRCLE('',#872,5.0);
#874=EDGE_CURVE('',#131,#141,#873,.T.);
#875=ORIENTED_EDGE('',*,*,#874,.F.);
#876=EDGE_LOOP('',(#714,#721,#722,#723,#724,#733,#741,#750,#758,#767,#775,#784,#792,#801,#809,#818,#826,#835,#843,#852,#860,#867,#868,#875));
#877=FACE_OUTER_BOUND('',#876,.T.);
#878=ADVANCED_FACE('',(#877),#713,.T.);
#879=CARTESIAN_POINT('',(69.500000000000000,15.371412757909923,-4.468743651851568));
#880=DIRECTION('',(0.0,0.309016994374947,0.951056516295154));
#881=DIRECTION('',(0.0,-0.951056516295154,0.309016994374947));
#882=AXIS2_PLACEMENT_3D('',#879,#880,#881);
#883=PLANE('',#882);
#884=ORIENTED_EDGE('',*,*,#859,.F.);
#885=CARTESIAN_POINT('',(69.500000000000000,15.371412757909923,-4.468743651851568));
#886=VERTEX_POINT('',#885);
#887=CARTESIAN_POINT('',(69.500000000000000,4.885954925647795,-1.061811878130019));
#888=DIRECTION('',(0.0,0.951056516295154,-0.309016994374947));
#889=VECTOR('',#888,11.025062814466894);
#890=LINE('',#887,#889);
#891=EDGE_CURVE('',#845,#886,#890,.T.);
#892=ORIENTED_EDGE('',*,*,#891,.T.);
#893=CARTESIAN_POINT('',(64.500000000000000,15.371412757909923,-4.468743651851568));
#894=VERTEX_POINT('',#893);
#895=CARTESIAN_POINT('',(69.500000000000000,15.371412757909923,-4.468743651851568));
#896=DIRECTION('',(-1.0,0.0,0.0));
#897=VECTOR('',#896,5.0);
#898=LINE('',#895,#897);
#899=EDGE_CURVE('',#886,#894,#898,.T.);
#900=ORIENTED_EDGE('',*,*,#899,.T.);
#901=CARTESIAN_POINT('',(64.500000000000000,15.371412757909923,-4.468743651851568));
#902=DIRECTION('',(0.0,-0.951056516295154,0.309016994374947));
#903=VECTOR('',#902,11.025062814466894);
#904=LINE('',#901,#903);
#905=EDGE_CURVE('',#894,#854,#904,.T.);
#906=ORIENTED_EDGE('',*,*,#905,.T.);
#907=EDGE_LOOP('',(#884,#892,#900,#906));
#908=FACE_OUTER_BOUND('',#907,.T.);
#909=ADVANCED_FACE('',(#908),#883,.T.);
#910=CARTESIAN_POINT('',(69.500000000000000,-0.154508497187479,-0.475528258147577));
#911=DIRECTION('',(0.0,-0.309016994374946,-0.951056516295154));
#912=DIRECTION('',(0.0,0.951056516295154,-0.309016994374946));
#913=AXIS2_PLACEMENT_3D('',#910,#911,#912);
#914=PLANE('',#913);
#915=ORIENTED_EDGE('',*,*,#842,.F.);
#916=CARTESIAN_POINT('',(64.500000000000000,15.062395763534980,-5.419800168146708));
#917=VERTEX_POINT('',#916);
#918=CARTESIAN_POINT('',(64.500000000000000,4.576937931272859,-2.012868394425169));
#919=DIRECTION('',(0.0,0.951056516295154,-0.309016994374946));
#920=VECTOR('',#919,11.025062814466883);
#921=LINE('',#918,#920);
#922=EDGE_CURVE('',#828,#917,#921,.T.);
#923=ORIENTED_EDGE('',*,*,#922,.T.);
#924=CARTESIAN_POINT('',(69.500000000000000,15.062395763534980,-5.419800168146708));
#925=VERTEX_POINT('',#924);
#926=CARTESIAN_POINT('',(69.500000000000000,15.062395763534980,-5.419800168146708));
#927=DIRECTION('',(-1.0,0.0,0.0));
#928=VECTOR('',#927,5.0);
#929=LINE('',#926,#928);
#930=EDGE_CURVE('',#925,#917,#929,.T.);
#931=ORIENTED_EDGE('',*,*,#930,.F.);
#932=CARTESIAN_POINT('',(69.500000000000000,4.576937931272859,-2.012868394425169));
#933=DIRECTION('',(0.0,0.951056516295154,-0.309016994374946));
#934=VECTOR('',#933,11.025062814466883);
#935=LINE('',#932,#934);
#936=EDGE_CURVE('',#837,#925,#935,.T.);
#937=ORIENTED_EDGE('',*,*,#936,.F.);
#938=EDGE_LOOP('',(#915,#923,#931,#937));
#939=FACE_OUTER_BOUND('',#938,.T.);
#940=ADVANCED_FACE('',(#939),#914,.T.);
#941=CARTESIAN_POINT('',(69.500000000000000,15.062395763534980,-5.419800168146708));
#942=DIRECTION('',(0.0,0.951056516295154,-0.309016994374947));
#943=DIRECTION('',(1.0,0.0,0.0));
#944=AXIS2_PLACEMENT_3D('',#941,#942,#943);
#945=PLANE('',#944);
#946=CARTESIAN_POINT('',(64.500000000000000,15.062395763534980,-5.419800168146708));
#947=DIRECTION('',(0.0,0.309016994374948,0.951056516295153));
#948=VECTOR('',#947,0.999999999999985);
#949=LINE('',#946,#948);
#950=EDGE_CURVE('',#917,#894,#949,.T.);
#951=ORIENTED_EDGE('',*,*,#950,.T.);
#952=ORIENTED_EDGE('',*,*,#899,.F.);
#953=CARTESIAN_POINT('',(69.500000000000000,15.062395763534980,-5.419800168146708));
#954=DIRECTION('',(0.0,0.309016994374948,0.951056516295153));
#955=VECTOR('',#954,0.999999999999985);
#956=LINE('',#953,#955);
#957=EDGE_CURVE('',#925,#886,#956,.T.);
#958=ORIENTED_EDGE('',*,*,#957,.F.);
#959=ORIENTED_EDGE('',*,*,#930,.T.);
#960=EDGE_LOOP('',(#951,#952,#958,#959));
#961=FACE_OUTER_BOUND('',#960,.T.);
#962=ADVANCED_FACE('',(#961),#945,.T.);
#963=CARTESIAN_POINT('',(69.500000000000000,7.608452130361229,-2.472135954999558));
#964=DIRECTION('',(1.0,0.0,0.0));
#965=DIRECTION('',(0.0,-0.951056516295154,0.309016994374947));
#966=AXIS2_PLACEMENT_3D('',#963,#964,#965);
#967=PLANE('',#966);
#968=ORIENTED_EDGE('',*,*,#851,.F.);
#969=ORIENTED_EDGE('',*,*,#936,.T.);
#970=ORIENTED_EDGE('',*,*,#957,.T.);
#971=ORIENTED_EDGE('',*,*,#891,.F.);
#972=EDGE_LOOP('',(#968,#969,#970,#971));
#973=FACE_OUTER_BOUND('',#972,.T.);
#974=ADVANCED_FACE('',(#973),#967,.T.);
#975=CARTESIAN_POINT('',(84.500000000000000,0.0,0.0));
#976=DIRECTION('',(1.0,0.0,0.0));
#977=DIRECTION('',(0.0,1.0,0.0));
#978=AXIS2_PLACEMENT_3D('',#975,#976,#977);
#979=PLANE('',#978);
#980=ORIENTED_EDGE('',*,*,#874,.T.);
#981=ORIENTED_EDGE('',*,*,#147,.T.);
#982=EDGE_LOOP('',(#980,#981));
#983=FACE_OUTER_BOUND('',#982,.T.);
#984=ORIENTED_EDGE('',*,*,#441,.T.);
#985=ORIENTED_EDGE('',*,*,#528,.T.);
#986=EDGE_LOOP('',(#984,#985));
#987=FACE_BOUND('',#986,.T.);
#988=ADVANCED_FACE('',(#983,#987),#979,.T.);
#989=CARTESIAN_POINT('',(69.500000000000000,-0.500000000000000,7.105427E-015));
#990=DIRECTION('',(0.0,-1.0,0.0));
#991=DIRECTION('',(0.0,0.0,-1.0));
#992=AXIS2_PLACEMENT_3D('',#989,#990,#991);
#993=PLANE('',#992);
#994=ORIENTED_EDGE('',*,*,#774,.T.);
#995=CARTESIAN_POINT('',(64.500000000000000,-0.499999999999972,-15.999999999999993));
#996=VERTEX_POINT('',#995);
#997=CARTESIAN_POINT('',(64.500000000000000,-0.499999999999986,-4.974937185533101));
#998=DIRECTION('',(0.0,0.0,-1.0));
#999=VECTOR('',#998,11.025062814466892);
#1000=LINE('',#997,#999);
#1001=EDGE_CURVE('',#760,#996,#1000,.T.);
#1002=ORIENTED_EDGE('',*,*,#1001,.T.);
#1003=CARTESIAN_POINT('',(69.500000000000000,-0.499999999999972,-15.999999999999993));
#1004=VERTEX_POINT('',#1003);
#1005=CARTESIAN_POINT('',(69.500000000000000,-0.499999999999972,-15.999999999999993));
#1006=DIRECTION('',(-1.0,0.0,0.0));
#1007=VECTOR('',#1006,5.0);
#1008=LINE('',#1005,#1007);
#1009=EDGE_CURVE('',#1004,#996,#1008,.T.);
#1010=ORIENTED_EDGE('',*,*,#1009,.F.);
#1011=CARTESIAN_POINT('',(69.500000000000000,-0.499999999999986,-4.974937185533101));
#1012=DIRECTION('',(0.0,0.0,-1.0));
#1013=VECTOR('',#1012,11.025062814466892);
#1014=LINE('',#1011,#1013);
#1015=EDGE_CURVE('',#769,#1004,#1014,.T.);
#1016=ORIENTED_EDGE('',*,*,#1015,.F.);
#1017=EDGE_LOOP('',(#994,#1002,#1010,#1016));
#1018=FACE_OUTER_BOUND('',#1017,.T.);
#1019=ADVANCED_FACE('',(#1018),#993,.T.);
#1020=CARTESIAN_POINT('',(69.500000000000000,-0.404508497187464,-0.293892626146224));
#1021=DIRECTION('',(0.0,-0.809016994374947,-0.587785252292474));
#1022=DIRECTION('',(0.0,0.587785252292474,-0.809016994374947));
#1023=AXIS2_PLACEMENT_3D('',#1020,#1021,#1022);
#1024=PLANE('',#1023);
#1025=ORIENTED_EDGE('',*,*,#808,.T.);
#1026=CARTESIAN_POINT('',(64.500000000000000,9.000055539492124,-13.238164536145369));
#1027=VERTEX_POINT('',#1026);
#1028=CARTESIAN_POINT('',(64.500000000000000,2.519686211550322,-4.318701355190378));
#1029=DIRECTION('',(0.0,0.587785252292474,-0.809016994374946));
#1030=VECTOR('',#1029,11.025062814466892);
#1031=LINE('',#1028,#1030);
#1032=EDGE_CURVE('',#794,#1027,#1031,.T.);
#1033=ORIENTED_EDGE('',*,*,#1032,.T.);
#1034=CARTESIAN_POINT('',(69.500000000000000,9.000055539492124,-13.238164536145369));
#1035=VERTEX_POINT('',#1034);
#1036=CARTESIAN_POINT('',(69.500000000000000,9.000055539492124,-13.238164536145369));
#1037=DIRECTION('',(-1.0,0.0,0.0));
#1038=VECTOR('',#1037,5.0);
#1039=LINE('',#1036,#1038);
#1040=EDGE_CURVE('',#1035,#1027,#1039,.T.);
#1041=ORIENTED_EDGE('',*,*,#1040,.F.);
#1042=CARTESIAN_POINT('',(69.500000000000000,2.519686211550322,-4.318701355190378));
#1043=DIRECTION('',(0.0,0.587785252292474,-0.809016994374946));
#1044=VECTOR('',#1043,11.025062814466892);
#1045=LINE('',#1042,#1044);
#1046=EDGE_CURVE('',#803,#1035,#1045,.T.);
#1047=ORIENTED_EDGE('',*,*,#1046,.F.);
#1048=EDGE_LOOP('',(#1025,#1033,#1041,#1047));
#1049=FACE_OUTER_BOUND('',#1048,.T.);
#1050=ADVANCED_FACE('',(#1049),#1024,.T.);
#1051=CARTESIAN_POINT('',(69.500000000000000,-0.404508497187464,0.293892626146238));
#1052=DIRECTION('',(0.0,-0.809016994374948,0.587785252292472));
#1053=DIRECTION('',(0.0,-0.587785252292472,-0.809016994374948));
#1054=AXIS2_PLACEMENT_3D('',#1051,#1052,#1053);
#1055=PLANE('',#1054);
#1056=ORIENTED_EDGE('',*,*,#740,.T.);
#1057=CARTESIAN_POINT('',(64.500000000000000,-9.809072533867024,-12.650379283852928));
#1058=VERTEX_POINT('',#1057);
#1059=CARTESIAN_POINT('',(64.500000000000000,-3.328703205925237,-3.730916102897922));
#1060=DIRECTION('',(0.0,-0.587785252292473,-0.809016994374947));
#1061=VECTOR('',#1060,11.025062814466894);
#1062=LINE('',#1059,#1061);
#1063=EDGE_CURVE('',#726,#1058,#1062,.T.);
#1064=ORIENTED_EDGE('',*,*,#1063,.T.);
#1065=CARTESIAN_POINT('',(69.500000000000000,-9.809072533867024,-12.650379283852928));
#1066=VERTEX_POINT('',#1065);
#1067=CARTESIAN_POINT('',(69.500000000000000,-9.809072533867024,-12.650379283852928));
#1068=DIRECTION('',(-1.0,0.0,0.0));
#1069=VECTOR('',#1068,5.0);
#1070=LINE('',#1067,#1069);
#1071=EDGE_CURVE('',#1066,#1058,#1070,.T.);
#1072=ORIENTED_EDGE('',*,*,#1071,.F.);
#1073=CARTESIAN_POINT('',(69.500000000000000,-3.328703205925237,-3.730916102897922));
#1074=DIRECTION('',(0.0,-0.587785252292473,-0.809016994374947));
#1075=VECTOR('',#1074,11.025062814466894);
#1076=LINE('',#1073,#1075);
#1077=EDGE_CURVE('',#735,#1066,#1076,.T.);
#1078=ORIENTED_EDGE('',*,*,#1077,.F.);
#1079=EDGE_LOOP('',(#1056,#1064,#1072,#1078));
#1080=FACE_OUTER_BOUND('',#1079,.T.);
#1081=ADVANCED_FACE('',(#1080),#1055,.T.);
#1082=CARTESIAN_POINT('',(69.500000000000000,0.154508497187479,-0.475528258147577));
#1083=DIRECTION('',(0.0,0.309016994374949,-0.951056516295153));
#1084=DIRECTION('',(0.0,0.951056516295153,0.309016994374949));
#1085=AXIS2_PLACEMENT_3D('',#1082,#1083,#1084);
#1086=PLANE('',#1085);
#1087=ORIENTED_EDGE('',*,*,#172,.T.);
#1088=CARTESIAN_POINT('',(64.500000000000000,15.371412757909923,4.468743651851597));
#1089=VERTEX_POINT('',#1088);
#1090=CARTESIAN_POINT('',(64.500000000000000,4.885954925647795,1.061811878130026));
#1091=DIRECTION('',(0.0,0.951056516295153,0.309016994374948));
#1092=VECTOR('',#1091,11.025062814466901);
#1093=LINE('',#1090,#1092);
#1094=EDGE_CURVE('',#158,#1089,#1093,.T.);
#1095=ORIENTED_EDGE('',*,*,#1094,.T.);
#1096=CARTESIAN_POINT('',(69.500000000000000,15.371412757909923,4.468743651851597));
#1097=VERTEX_POINT('',#1096);
#1098=CARTESIAN_POINT('',(69.500000000000000,15.371412757909923,4.468743651851597));
#1099=DIRECTION('',(-1.0,0.0,0.0));
#1100=VECTOR('',#1099,5.0);
#1101=LINE('',#1098,#1100);
#1102=EDGE_CURVE('',#1097,#1089,#1101,.T.);
#1103=ORIENTED_EDGE('',*,*,#1102,.F.);
#1104=CARTESIAN_POINT('',(69.500000000000000,4.885954925647795,1.061811878130026));
#1105=DIRECTION('',(0.0,0.951056516295153,0.309016994374948));
#1106=VECTOR('',#1105,11.025062814466901);
#1107=LINE('',#1104,#1106);
#1108=EDGE_CURVE('',#167,#1097,#1107,.T.);
#1109=ORIENTED_EDGE('',*,*,#1108,.F.);
#1110=EDGE_LOOP('',(#1087,#1095,#1103,#1109));
#1111=FACE_OUTER_BOUND('',#1110,.T.);
#1112=ADVANCED_FACE('',(#1111),#1086,.T.);
#1113=CARTESIAN_POINT('',(69.500000000000000,0.154508497187479,0.475528258147577));
#1114=DIRECTION('',(0.0,0.309016994374946,0.951056516295154));
#1115=DIRECTION('',(0.0,-0.951056516295154,0.309016994374946));
#1116=AXIS2_PLACEMENT_3D('',#1113,#1114,#1115);
#1117=PLANE('',#1116);
#1118=ORIENTED_EDGE('',*,*,#308,.T.);
#1119=CARTESIAN_POINT('',(64.500000000000000,-15.062395763534980,5.419800168146708));
#1120=VERTEX_POINT('',#1119);
#1121=CARTESIAN_POINT('',(64.500000000000000,-4.576937931272852,2.012868394425166));
#1122=DIRECTION('',(0.0,-0.951056516295154,0.309016994374946));
#1123=VECTOR('',#1122,11.025062814466891);
#1124=LINE('',#1121,#1123);
#1125=EDGE_CURVE('',#294,#1120,#1124,.T.);
#1126=ORIENTED_EDGE('',*,*,#1125,.T.);
#1127=CARTESIAN_POINT('',(69.500000000000000,-15.062395763534980,5.419800168146708));
#1128=VERTEX_POINT('',#1127);
#1129=CARTESIAN_POINT('',(69.500000000000000,-15.062395763534980,5.419800168146708));
#1130=DIRECTION('',(-1.0,0.0,0.0));
#1131=VECTOR('',#1130,5.0);
#1132=LINE('',#1129,#1131);
#1133=EDGE_CURVE('',#1128,#1120,#1132,.T.);
#1134=ORIENTED_EDGE('',*,*,#1133,.F.);
#1135=CARTESIAN_POINT('',(69.500000000000000,-4.576937931272852,2.012868394425166));
#1136=DIRECTION('',(0.0,-0.951056516295154,0.309016994374946));
#1137=VECTOR('',#1136,11.025062814466891);
#1138=LINE('',#1135,#1137);
#1139=EDGE_CURVE('',#303,#1128,#1138,.T.);
#1140=ORIENTED_EDGE('',*,*,#1139,.F.);
#1141=EDGE_LOOP('',(#1118,#1126,#1134,#1140));
#1142=FACE_OUTER_BOUND('',#1141,.T.);
#1143=ADVANCED_FACE('',(#1142),#1117,.T.);
#1144=CARTESIAN_POINT('',(69.500000000000000,0.404508497187457,-0.293892626146231));
#1145=DIRECTION('',(0.0,0.809016994374948,-0.587785252292472));
#1146=DIRECTION('',(0.0,0.587785252292472,0.809016994374948));
#1147=AXIS2_PLACEMENT_3D('',#1144,#1145,#1146);
#1148=PLANE('',#1147);
#1149=ORIENTED_EDGE('',*,*,#206,.T.);
#1150=CARTESIAN_POINT('',(64.500000000000000,9.809072533867017,12.650379283852942));
#1151=VERTEX_POINT('',#1150);
#1152=CARTESIAN_POINT('',(64.500000000000000,3.328703205925237,3.730916102897929));
#1153=DIRECTION('',(0.0,0.587785252292472,0.809016994374948));
#1154=VECTOR('',#1153,11.025062814466896);
#1155=LINE('',#1152,#1154);
#1156=EDGE_CURVE('',#192,#1151,#1155,.T.);
#1157=ORIENTED_EDGE('',*,*,#1156,.T.);
#1158=CARTESIAN_POINT('',(69.500000000000000,9.809072533867017,12.650379283852942));
#1159=VERTEX_POINT('',#1158);
#1160=CARTESIAN_POINT('',(69.500000000000000,9.809072533867017,12.650379283852942));
#1161=DIRECTION('',(-1.0,0.0,0.0));
#1162=VECTOR('',#1161,5.0);
#1163=LINE('',#1160,#1162);
#1164=EDGE_CURVE('',#1159,#1151,#1163,.T.);
#1165=ORIENTED_EDGE('',*,*,#1164,.F.);
#1166=CARTESIAN_POINT('',(69.500000000000000,3.328703205925237,3.730916102897929));
#1167=DIRECTION('',(0.0,0.587785252292472,0.809016994374948));
#1168=VECTOR('',#1167,11.025062814466896);
#1169=LINE('',#1166,#1168);
#1170=EDGE_CURVE('',#201,#1159,#1169,.T.);
#1171=ORIENTED_EDGE('',*,*,#1170,.F.);
#1172=EDGE_LOOP('',(#1149,#1157,#1165,#1171));
#1173=FACE_OUTER_BOUND('',#1172,.T.);
#1174=ADVANCED_FACE('',(#1173),#1148,.T.);
#1175=CARTESIAN_POINT('',(69.500000000000000,0.404508497187472,0.293892626146231));
#1176=DIRECTION('',(0.0,0.809016994374946,0.587785252292475));
#1177=DIRECTION('',(0.0,-0.587785252292475,0.809016994374946));
#1178=AXIS2_PLACEMENT_3D('',#1175,#1176,#1177);
#1179=PLANE('',#1178);
#1180=ORIENTED_EDGE('',*,*,#274,.T.);
#1181=CARTESIAN_POINT('',(64.500000000000000,-9.000055539492109,13.238164536145373));
#1182=VERTEX_POINT('',#1181);
#1183=CARTESIAN_POINT('',(64.500000000000000,-2.519686211550322,4.318701355190378));
#1184=DIRECTION('',(0.0,-0.587785252292473,0.809016994374947));
#1185=VECTOR('',#1184,11.025062814466887);
#1186=LINE('',#1183,#1185);
#1187=EDGE_CURVE('',#260,#1182,#1186,.T.);
#1188=ORIENTED_EDGE('',*,*,#1187,.T.);
#1189=CARTESIAN_POINT('',(69.500000000000000,-9.000055539492109,13.238164536145373));
#1190=VERTEX_POINT('',#1189);
#1191=CARTESIAN_POINT('',(69.500000000000000,-9.000055539492109,13.238164536145373));
#1192=DIRECTION('',(-1.0,0.0,0.0));
#1193=VECTOR('',#1192,5.0);
#1194=LINE('',#1191,#1193);
#1195=EDGE_CURVE('',#1190,#1182,#1194,.T.);
#1196=ORIENTED_EDGE('',*,*,#1195,.F.);
#1197=CARTESIAN_POINT('',(69.500000000000000,-2.519686211550322,4.318701355190378));
#1198=DIRECTION('',(0.0,-0.587785252292473,0.809016994374947));
#1199=VECTOR('',#1198,11.025062814466887);
#1200=LINE('',#1197,#1199);
#1201=EDGE_CURVE('',#269,#1190,#1200,.T.);
#1202=ORIENTED_EDGE('',*,*,#1201,.F.);
#1203=EDGE_LOOP('',(#1180,#1188,#1196,#1202));
#1204=FACE_OUTER_BOUND('',#1203,.T.);
#1205=ADVANCED_FACE('',(#1204),#1179,.T.);
#1206=CARTESIAN_POINT('',(69.500000000000000,-0.500000000000000,16.0));
#1207=DIRECTION('',(0.0,-1.0,0.0));
#1208=DIRECTION('',(0.0,0.0,-1.0));
#1209=AXIS2_PLACEMENT_3D('',#1206,#1207,#1208);
#1210=PLANE('',#1209);
#1211=ORIENTED_EDGE('',*,*,#257,.T.);
#1212=CARTESIAN_POINT('',(69.500000000000000,-0.500000000000000,16.0));
#1213=VERTEX_POINT('',#1212);
#1214=CARTESIAN_POINT('',(69.500000000000000,-0.500000000000000,4.974937185533101));
#1215=DIRECTION('',(0.0,0.0,1.0));
#1216=VECTOR('',#1215,11.025062814466899);
#1217=LINE('',#1214,#1216);
#1218=EDGE_CURVE('',#243,#1213,#1217,.T.);
#1219=ORIENTED_EDGE('',*,*,#1218,.T.);
#1220=CARTESIAN_POINT('',(64.500000000000000,-0.500000000000000,16.0));
#1221=VERTEX_POINT('',#1220);
#1222=CARTESIAN_POINT('',(69.500000000000000,-0.500000000000000,16.0));
#1223=DIRECTION('',(-1.0,0.0,0.0));
#1224=VECTOR('',#1223,5.0);
#1225=LINE('',#1222,#1224);
#1226=EDGE_CURVE('',#1213,#1221,#1225,.T.);
#1227=ORIENTED_EDGE('',*,*,#1226,.T.);
#1228=CARTESIAN_POINT('',(64.500000000000000,-0.500000000000000,16.0));
#1229=DIRECTION('',(0.0,0.0,-1.0));
#1230=VECTOR('',#1229,11.025062814466899);
#1231=LINE('',#1228,#1230);
#1232=EDGE_CURVE('',#1221,#252,#1231,.T.);
#1233=ORIENTED_EDGE('',*,*,#1232,.T.);
#1234=EDGE_LOOP('',(#1211,#1219,#1227,#1233));
#1235=FACE_OUTER_BOUND('',#1234,.T.);
#1236=ADVANCED_FACE('',(#1235),#1210,.T.);
#1237=CARTESIAN_POINT('',(69.500000000000000,-4.702282018339773,-6.472135954999587));
#1238=DIRECTION('',(1.0,0.0,0.0));
#1239=DIRECTION('',(0.0,0.587785252292473,0.809016994374948));
#1240=AXIS2_PLACEMENT_3D('',#1237,#1238,#1239);
#1241=PLANE('',#1240);
#1242=ORIENTED_EDGE('',*,*,#749,.T.);
#1243=ORIENTED_EDGE('',*,*,#1077,.T.);
#1244=CARTESIAN_POINT('',(69.500000000000000,-9.000055539492081,-13.238164536145391));
#1245=VERTEX_POINT('',#1244);
#1246=CARTESIAN_POINT('',(69.500000000000000,-9.809072533867024,-12.650379283852928));
#1247=DIRECTION('',(0.0,0.809016994374951,-0.587785252292468));
#1248=VECTOR('',#1247,0.999999999999990);
#1249=LINE('',#1246,#1248);
#1250=EDGE_CURVE('',#1066,#1245,#1249,.T.);
#1251=ORIENTED_EDGE('',*,*,#1250,.T.);
#1252=CARTESIAN_POINT('',(69.500000000000000,-2.519686211550294,-4.318701355190388));
#1253=DIRECTION('',(0.0,-0.587785252292473,-0.809016994374947));
#1254=VECTOR('',#1253,11.025062814466892);
#1255=LINE('',#1252,#1254);
#1256=EDGE_CURVE('',#743,#1245,#1255,.T.);
#1257=ORIENTED_EDGE('',*,*,#1256,.F.);
#1258=EDGE_LOOP('',(#1242,#1243,#1251,#1257));
#1259=FACE_OUTER_BOUND('',#1258,.T.);
#1260=ADVANCED_FACE('',(#1259),#1241,.T.);
#1261=CARTESIAN_POINT('',(69.500000000000000,-4.702282018339773,-6.472135954999587));
#1262=DIRECTION('',(1.0,0.0,0.0));
#1263=DIRECTION('',(0.0,0.587785252292473,0.809016994374948));
#1264=AXIS2_PLACEMENT_3D('',#1261,#1262,#1263);
#1265=PLANE('',#1264);
#1266=ORIENTED_EDGE('',*,*,#317,.T.);
#1267=ORIENTED_EDGE('',*,*,#1139,.T.);
#1268=CARTESIAN_POINT('',(69.500000000000000,-15.371412757909923,4.468743651851568));
#1269=VERTEX_POINT('',#1268);
#1270=CARTESIAN_POINT('',(69.500000000000000,-15.062395763534980,5.419800168146708));
#1271=DIRECTION('',(0.0,-0.309016994374948,-0.951056516295153));
#1272=VECTOR('',#1271,0.999999999999985);
#1273=LINE('',#1270,#1272);
#1274=EDGE_CURVE('',#1128,#1269,#1273,.T.);
#1275=ORIENTED_EDGE('',*,*,#1274,.T.);
#1276=CARTESIAN_POINT('',(69.500000000000000,-4.885954925647795,1.061811878130015));
#1277=DIRECTION('',(0.0,-0.951056516295154,0.309016994374947));
#1278=VECTOR('',#1277,11.025062814466894);
#1279=LINE('',#1276,#1278);
#1280=EDGE_CURVE('',#311,#1269,#1279,.T.);
#1281=ORIENTED_EDGE('',*,*,#1280,.F.);
#1282=EDGE_LOOP('',(#1266,#1267,#1275,#1281));
#1283=FACE_OUTER_BOUND('',#1282,.T.);
#1284=ADVANCED_FACE('',(#1283),#1265,.T.);
#1285=CARTESIAN_POINT('',(69.500000000000000,-4.702282018339773,-6.472135954999587));
#1286=DIRECTION('',(1.0,0.0,0.0));
#1287=DIRECTION('',(0.0,0.587785252292473,0.809016994374948));
#1288=AXIS2_PLACEMENT_3D('',#1285,#1286,#1287);
#1289=PLANE('',#1288);
#1290=ORIENTED_EDGE('',*,*,#283,.T.);
#1291=ORIENTED_EDGE('',*,*,#1201,.T.);
#1292=CARTESIAN_POINT('',(69.500000000000000,-9.809072533867067,12.650379283852910));
#1293=VERTEX_POINT('',#1292);
#1294=CARTESIAN_POINT('',(69.500000000000000,-9.000055539492109,13.238164536145373));
#1295=DIRECTION('',(0.0,-0.809016994374956,-0.587785252292462));
#1296=VECTOR('',#1295,1.000000000000002);
#1297=LINE('',#1294,#1296);
#1298=EDGE_CURVE('',#1190,#1293,#1297,.T.);
#1299=ORIENTED_EDGE('',*,*,#1298,.T.);
#1300=CARTESIAN_POINT('',(69.500000000000000,-3.328703205925265,3.730916102897901));
#1301=DIRECTION('',(0.0,-0.587785252292474,0.809016994374947));
#1302=VECTOR('',#1301,11.025062814466907);
#1303=LINE('',#1300,#1302);
#1304=EDGE_CURVE('',#277,#1293,#1303,.T.);
#1305=ORIENTED_EDGE('',*,*,#1304,.F.);
#1306=EDGE_LOOP('',(#1290,#1291,#1299,#1305));
#1307=FACE_OUTER_BOUND('',#1306,.T.);
#1308=ADVANCED_FACE('',(#1307),#1289,.T.);
#1309=CARTESIAN_POINT('',(69.500000000000000,-4.702282018339773,-6.472135954999587));
#1310=DIRECTION('',(1.0,0.0,0.0));
#1311=DIRECTION('',(0.0,0.587785252292473,0.809016994374948));
#1312=AXIS2_PLACEMENT_3D('',#1309,#1310,#1311);
#1313=PLANE('',#1312);
#1314=ORIENTED_EDGE('',*,*,#249,.T.);
#1315=CARTESIAN_POINT('',(69.500000000000000,0.499999999999986,16.0));
#1316=VERTEX_POINT('',#1315);
#1317=CARTESIAN_POINT('',(69.500000000000000,0.499999999999993,4.974937185533101));
#1318=DIRECTION('',(0.0,0.0,1.0));
#1319=VECTOR('',#1318,11.025062814466899);
#1320=LINE('',#1317,#1319);
#1321=EDGE_CURVE('',#235,#1316,#1320,.T.);
#1322=ORIENTED_EDGE('',*,*,#1321,.T.);
#1323=CARTESIAN_POINT('',(69.500000000000000,0.499999999999986,16.0));
#1324=DIRECTION('',(0.0,-1.0,0.0));
#1325=VECTOR('',#1324,0.999999999999986);
#1326=LINE('',#1323,#1325);
#1327=EDGE_CURVE('',#1316,#1213,#1326,.T.);
#1328=ORIENTED_EDGE('',*,*,#1327,.T.);
#1329=ORIENTED_EDGE('',*,*,#1218,.F.);
#1330=EDGE_LOOP('',(#1314,#1322,#1328,#1329));
#1331=FACE_OUTER_BOUND('',#1330,.T.);
#1332=ADVANCED_FACE('',(#1331),#1313,.T.);
#1333=CARTESIAN_POINT('',(69.500000000000000,-4.702282018339773,-6.472135954999587));
#1334=DIRECTION('',(1.0,0.0,0.0));
#1335=DIRECTION('',(0.0,0.587785252292473,0.809016994374948));
#1336=AXIS2_PLACEMENT_3D('',#1333,#1334,#1335);
#1337=PLANE('',#1336);
#1338=ORIENTED_EDGE('',*,*,#215,.T.);
#1339=ORIENTED_EDGE('',*,*,#1170,.T.);
#1340=CARTESIAN_POINT('',(69.500000000000000,9.000055539492081,13.238164536145405));
#1341=VERTEX_POINT('',#1340);
#1342=CARTESIAN_POINT('',(69.500000000000000,9.809072533867017,12.650379283852942));
#1343=DIRECTION('',(0.0,-0.809016994374948,0.587785252292472));
#1344=VECTOR('',#1343,0.999999999999985);
#1345=LINE('',#1342,#1344);
#1346=EDGE_CURVE('',#1159,#1341,#1345,.T.);
#1347=ORIENTED_EDGE('',*,*,#1346,.T.);
#1348=CARTESIAN_POINT('',(69.500000000000000,2.519686211550287,4.318701355190399));
#1349=DIRECTION('',(0.0,0.587785252292473,0.809016994374947));
#1350=VECTOR('',#1349,11.025062814466899);
#1351=LINE('',#1348,#1350);
#1352=EDGE_CURVE('',#209,#1341,#1351,.T.);
#1353=ORIENTED_EDGE('',*,*,#1352,.F.);
#1354=EDGE_LOOP('',(#1338,#1339,#1347,#1353));
#1355=FACE_OUTER_BOUND('',#1354,.T.);
#1356=ADVANCED_FACE('',(#1355),#1337,.T.);
#1357=CARTESIAN_POINT('',(69.500000000000000,-4.702282018339773,-6.472135954999587));
#1358=DIRECTION('',(1.0,0.0,0.0));
#1359=DIRECTION('',(0.0,0.587785252292473,0.809016994374948));
#1360=AXIS2_PLACEMENT_3D('',#1357,#1358,#1359);
#1361=PLANE('',#1360);
#1362=ORIENTED_EDGE('',*,*,#181,.T.);
#1363=ORIENTED_EDGE('',*,*,#1108,.T.);
#1364=CARTESIAN_POINT('',(69.500000000000000,15.062395763534980,5.419800168146736));
#1365=VERTEX_POINT('',#1364);
#1366=CARTESIAN_POINT('',(69.500000000000000,15.371412757909923,4.468743651851597));
#1367=DIRECTION('',(0.0,-0.309016994374948,0.951056516295153));
#1368=VECTOR('',#1367,0.999999999999985);
#1369=LINE('',#1366,#1368);
#1370=EDGE_CURVE('',#1097,#1365,#1369,.T.);
#1371=ORIENTED_EDGE('',*,*,#1370,.T.);
#1372=CARTESIAN_POINT('',(69.500000000000000,4.576937931272852,2.012868394425176));
#1373=DIRECTION('',(0.0,0.951056516295154,0.309016994374947));
#1374=VECTOR('',#1373,11.025062814466898);
#1375=LINE('',#1372,#1374);
#1376=EDGE_CURVE('',#175,#1365,#1375,.T.);
#1377=ORIENTED_EDGE('',*,*,#1376,.F.);
#1378=EDGE_LOOP('',(#1362,#1363,#1371,#1377));
#1379=FACE_OUTER_BOUND('',#1378,.T.);
#1380=ADVANCED_FACE('',(#1379),#1361,.T.);
#1381=CARTESIAN_POINT('',(69.500000000000000,-4.702282018339773,-6.472135954999587));
#1382=DIRECTION('',(1.0,0.0,0.0));
#1383=DIRECTION('',(0.0,0.587785252292473,0.809016994374948));
#1384=AXIS2_PLACEMENT_3D('',#1381,#1382,#1383);
#1385=PLANE('',#1384);
#1386=ORIENTED_EDGE('',*,*,#817,.T.);
#1387=ORIENTED_EDGE('',*,*,#1046,.T.);
#1388=CARTESIAN_POINT('',(69.500000000000000,9.809072533867067,-12.650379283852907));
#1389=VERTEX_POINT('',#1388);
#1390=CARTESIAN_POINT('',(69.500000000000000,9.000055539492124,-13.238164536145369));
#1391=DIRECTION('',(0.0,0.809016994374951,0.587785252292468));
#1392=VECTOR('',#1391,0.999999999999990);
#1393=LINE('',#1390,#1392);
#1394=EDGE_CURVE('',#1035,#1389,#1393,.T.);
#1395=ORIENTED_EDGE('',*,*,#1394,.T.);
#1396=CARTESIAN_POINT('',(69.500000000000000,3.328703205925258,-3.730916102897904));
#1397=DIRECTION('',(0.0,0.587785252292474,-0.809016994374946));
#1398=VECTOR('',#1397,11.025062814466905);
#1399=LINE('',#1396,#1398);
#1400=EDGE_CURVE('',#811,#1389,#1399,.T.);
#1401=ORIENTED_EDGE('',*,*,#1400,.F.);
#1402=EDGE_LOOP('',(#1386,#1387,#1395,#1401));
#1403=FACE_OUTER_BOUND('',#1402,.T.);
#1404=ADVANCED_FACE('',(#1403),#1385,.T.);
#1405=CARTESIAN_POINT('',(69.500000000000000,-4.702282018339773,-6.472135954999587));
#1406=DIRECTION('',(1.0,0.0,0.0));
#1407=DIRECTION('',(0.0,0.587785252292473,0.809016994374948));
#1408=AXIS2_PLACEMENT_3D('',#1405,#1406,#1407);
#1409=PLANE('',#1408);
#1410=ORIENTED_EDGE('',*,*,#783,.T.);
#1411=ORIENTED_EDGE('',*,*,#1015,.T.);
#1412=CARTESIAN_POINT('',(69.500000000000000,0.500000000000014,-15.999999999999993));
#1413=VERTEX_POINT('',#1412);
#1414=CARTESIAN_POINT('',(69.500000000000000,-0.499999999999972,-15.999999999999993));
#1415=DIRECTION('',(0.0,1.0,0.0));
#1416=VECTOR('',#1415,0.999999999999986);
#1417=LINE('',#1414,#1416);
#1418=EDGE_CURVE('',#1004,#1413,#1417,.T.);
#1419=ORIENTED_EDGE('',*,*,#1418,.T.);
#1420=CARTESIAN_POINT('',(69.500000000000000,0.500000000000014,-4.974937185533097));
#1421=DIRECTION('',(0.0,0.0,-1.0));
#1422=VECTOR('',#1421,11.025062814466896);
#1423=LINE('',#1420,#1422);
#1424=EDGE_CURVE('',#777,#1413,#1423,.T.);
#1425=ORIENTED_EDGE('',*,*,#1424,.F.);
#1426=EDGE_LOOP('',(#1410,#1411,#1419,#1425));
#1427=FACE_OUTER_BOUND('',#1426,.T.);
#1428=ADVANCED_FACE('',(#1427),#1409,.T.);
#1429=CARTESIAN_POINT('',(69.500000000000000,9.000055539492081,13.238164536145405));
#1430=DIRECTION('',(0.0,-0.809016994374948,0.587785252292473));
#1431=DIRECTION('',(0.0,-0.587785252292473,-0.809016994374948));
#1432=AXIS2_PLACEMENT_3D('',#1429,#1430,#1431);
#1433=PLANE('',#1432);
#1434=ORIENTED_EDGE('',*,*,#223,.T.);
#1435=ORIENTED_EDGE('',*,*,#1352,.T.);
#1436=CARTESIAN_POINT('',(64.500000000000000,9.000055539492081,13.238164536145405));
#1437=VERTEX_POINT('',#1436);
#1438=CARTESIAN_POINT('',(69.500000000000000,9.000055539492081,13.238164536145405));
#1439=DIRECTION('',(-1.0,0.0,0.0));
#1440=VECTOR('',#1439,5.0);
#1441=LINE('',#1438,#1440);
#1442=EDGE_CURVE('',#1341,#1437,#1441,.T.);
#1443=ORIENTED_EDGE('',*,*,#1442,.T.);
#1444=CARTESIAN_POINT('',(64.500000000000000,9.000055539492081,13.238164536145405));
#1445=DIRECTION('',(0.0,-0.587785252292473,-0.809016994374947));
#1446=VECTOR('',#1445,11.025062814466905);
#1447=LINE('',#1444,#1446);
#1448=EDGE_CURVE('',#1437,#218,#1447,.T.);
#1449=ORIENTED_EDGE('',*,*,#1448,.T.);
#1450=EDGE_LOOP('',(#1434,#1435,#1443,#1449));
#1451=FACE_OUTER_BOUND('',#1450,.T.);
#1452=ADVANCED_FACE('',(#1451),#1433,.T.);
#1453=CARTESIAN_POINT('',(69.500000000000000,9.809072533867017,12.650379283852942));
#1454=DIRECTION('',(0.0,0.587785252292473,0.809016994374948));
#1455=DIRECTION('',(1.0,0.0,0.0));
#1456=AXIS2_PLACEMENT_3D('',#1453,#1454,#1455);
#1457=PLANE('',#1456);
#1458=CARTESIAN_POINT('',(64.500000000000000,9.809072533867017,12.650379283852942));
#1459=DIRECTION('',(0.0,-0.809016994374948,0.587785252292472));
#1460=VECTOR('',#1459,0.999999999999985);
#1461=LINE('',#1458,#1460);
#1462=EDGE_CURVE('',#1151,#1437,#1461,.T.);
#1463=ORIENTED_EDGE('',*,*,#1462,.T.);
#1464=ORIENTED_EDGE('',*,*,#1442,.F.);
#1465=ORIENTED_EDGE('',*,*,#1346,.F.);
#1466=ORIENTED_EDGE('',*,*,#1164,.T.);
#1467=EDGE_LOOP('',(#1463,#1464,#1465,#1466));
#1468=FACE_OUTER_BOUND('',#1467,.T.);
#1469=ADVANCED_FACE('',(#1468),#1457,.T.);
#1470=CARTESIAN_POINT('',(64.500000000000000,-4.702282018339773,-6.472135954999587));
#1471=DIRECTION('',(1.0,0.0,0.0));
#1472=DIRECTION('',(0.0,0.587785252292473,0.809016994374948));
#1473=AXIS2_PLACEMENT_3D('',#1470,#1471,#1472);
#1474=PLANE('',#1473);
#1475=ORIENTED_EDGE('',*,*,#720,.T.);
#1476=ORIENTED_EDGE('',*,*,#332,.T.);
#1477=CARTESIAN_POINT('',(64.500000000000000,-15.371412757909923,4.468743651851568));
#1478=VERTEX_POINT('',#1477);
#1479=CARTESIAN_POINT('',(64.500000000000000,-15.371412757909923,4.468743651851568));
#1480=DIRECTION('',(0.0,0.951056516295154,-0.309016994374947));
#1481=VECTOR('',#1480,11.025062814466894);
#1482=LINE('',#1479,#1481);
#1483=EDGE_CURVE('',#1478,#320,#1482,.T.);
#1484=ORIENTED_EDGE('',*,*,#1483,.F.);
#1485=CARTESIAN_POINT('',(64.500000000000000,-15.062395763534980,5.419800168146708));
#1486=DIRECTION('',(0.0,-0.309016994374948,-0.951056516295153));
#1487=VECTOR('',#1486,0.999999999999985);
#1488=LINE('',#1485,#1487);
#1489=EDGE_CURVE('',#1120,#1478,#1488,.T.);
#1490=ORIENTED_EDGE('',*,*,#1489,.F.);
#1491=ORIENTED_EDGE('',*,*,#1125,.F.);
#1492=ORIENTED_EDGE('',*,*,#300,.T.);
#1493=CARTESIAN_POINT('',(64.500000000000000,-9.809072533867067,12.650379283852910));
#1494=VERTEX_POINT('',#1493);
#1495=CARTESIAN_POINT('',(64.500000000000000,-9.809072533867067,12.650379283852910));
#1496=DIRECTION('',(0.0,0.587785252292474,-0.809016994374947));
#1497=VECTOR('',#1496,11.025062814466907);
#1498=LINE('',#1495,#1497);
#1499=EDGE_CURVE('',#1494,#286,#1498,.T.);
#1500=ORIENTED_EDGE('',*,*,#1499,.F.);
#1501=CARTESIAN_POINT('',(64.500000000000000,-9.000055539492109,13.238164536145373));
#1502=DIRECTION('',(0.0,-0.809016994374956,-0.587785252292462));
#1503=VECTOR('',#1502,1.000000000000002);
#1504=LINE('',#1501,#1503);
#1505=EDGE_CURVE('',#1182,#1494,#1504,.T.);
#1506=ORIENTED_EDGE('',*,*,#1505,.F.);
#1507=ORIENTED_EDGE('',*,*,#1187,.F.);
#1508=ORIENTED_EDGE('',*,*,#266,.T.);
#1509=ORIENTED_EDGE('',*,*,#1232,.F.);
#1510=CARTESIAN_POINT('',(64.500000000000000,0.499999999999986,16.0));
#1511=VERTEX_POINT('',#1510);
#1512=CARTESIAN_POINT('',(64.500000000000000,0.499999999999986,16.0));
#1513=DIRECTION('',(0.0,-1.0,0.0));
#1514=VECTOR('',#1513,0.999999999999986);
#1515=LINE('',#1512,#1514);
#1516=EDGE_CURVE('',#1511,#1221,#1515,.T.);
#1517=ORIENTED_EDGE('',*,*,#1516,.F.);
#1518=CARTESIAN_POINT('',(64.500000000000000,0.499999999999993,4.974937185533101));
#1519=DIRECTION('',(0.0,0.0,1.0));
#1520=VECTOR('',#1519,11.025062814466899);
#1521=LINE('',#1518,#1520);
#1522=EDGE_CURVE('',#226,#1511,#1521,.T.);
#1523=ORIENTED_EDGE('',*,*,#1522,.F.);
#1524=ORIENTED_EDGE('',*,*,#232,.T.);
#1525=ORIENTED_EDGE('',*,*,#1448,.F.);
#1526=ORIENTED_EDGE('',*,*,#1462,.F.);
#1527=ORIENTED_EDGE('',*,*,#1156,.F.);
#1528=ORIENTED_EDGE('',*,*,#198,.T.);
#1529=CARTESIAN_POINT('',(64.500000000000000,15.062395763534980,5.419800168146736));
#1530=VERTEX_POINT('',#1529);
#1531=CARTESIAN_POINT('',(64.500000000000000,15.062395763534980,5.419800168146736));
#1532=DIRECTION('',(0.0,-0.951056516295154,-0.309016994374947));
#1533=VECTOR('',#1532,11.025062814466898);
#1534=LINE('',#1531,#1533);
#1535=EDGE_CURVE('',#1530,#184,#1534,.T.);
#1536=ORIENTED_EDGE('',*,*,#1535,.F.);
#1537=CARTESIAN_POINT('',(64.500000000000000,15.371412757909923,4.468743651851597));
#1538=DIRECTION('',(0.0,-0.309016994374948,0.951056516295153));
#1539=VECTOR('',#1538,0.999999999999985);
#1540=LINE('',#1537,#1539);
#1541=EDGE_CURVE('',#1089,#1530,#1540,.T.);
#1542=ORIENTED_EDGE('',*,*,#1541,.F.);
#1543=ORIENTED_EDGE('',*,*,#1094,.F.);
#1544=ORIENTED_EDGE('',*,*,#164,.T.);
#1545=ORIENTED_EDGE('',*,*,#866,.T.);
#1546=ORIENTED_EDGE('',*,*,#905,.F.);
#1547=ORIENTED_EDGE('',*,*,#950,.F.);
#1548=ORIENTED_EDGE('',*,*,#922,.F.);
#1549=ORIENTED_EDGE('',*,*,#834,.T.);
#1550=CARTESIAN_POINT('',(64.500000000000000,9.809072533867067,-12.650379283852907));
#1551=VERTEX_POINT('',#1550);
#1552=CARTESIAN_POINT('',(64.500000000000000,9.809072533867067,-12.650379283852907));
#1553=DIRECTION('',(0.0,-0.587785252292474,0.809016994374946));
#1554=VECTOR('',#1553,11.025062814466905);
#1555=LINE('',#1552,#1554);
#1556=EDGE_CURVE('',#1551,#820,#1555,.T.);
#1557=ORIENTED_EDGE('',*,*,#1556,.F.);
#1558=CARTESIAN_POINT('',(64.500000000000000,9.000055539492124,-13.238164536145369));
#1559=DIRECTION('',(0.0,0.809016994374951,0.587785252292468));
#1560=VECTOR('',#1559,0.999999999999990);
#1561=LINE('',#1558,#1560);
#1562=EDGE_CURVE('',#1027,#1551,#1561,.T.);
#1563=ORIENTED_EDGE('',*,*,#1562,.F.);
#1564=ORIENTED_EDGE('',*,*,#1032,.F.);
#1565=ORIENTED_EDGE('',*,*,#800,.T.);
#1566=CARTESIAN_POINT('',(64.500000000000000,0.500000000000014,-15.999999999999993));
#1567=VERTEX_POINT('',#1566);
#1568=CARTESIAN_POINT('',(64.500000000000000,0.500000000000014,-15.999999999999993));
#1569=DIRECTION('',(0.0,0.0,1.0));
#1570=VECTOR('',#1569,11.025062814466896);
#1571=LINE('',#1568,#1570);
#1572=EDGE_CURVE('',#1567,#786,#1571,.T.);
#1573=ORIENTED_EDGE('',*,*,#1572,.F.);
#1574=CARTESIAN_POINT('',(64.500000000000000,-0.499999999999972,-15.999999999999993));
#1575=DIRECTION('',(0.0,1.0,0.0));
#1576=VECTOR('',#1575,0.999999999999986);
#1577=LINE('',#1574,#1576);
#1578=EDGE_CURVE('',#996,#1567,#1577,.T.);
#1579=ORIENTED_EDGE('',*,*,#1578,.F.);
#1580=ORIENTED_EDGE('',*,*,#1001,.F.);
#1581=ORIENTED_EDGE('',*,*,#766,.T.);
#1582=CARTESIAN_POINT('',(64.500000000000000,-9.000055539492081,-13.238164536145391));
#1583=VERTEX_POINT('',#1582);
#1584=CARTESIAN_POINT('',(64.500000000000000,-9.000055539492081,-13.238164536145391));
#1585=DIRECTION('',(0.0,0.587785252292473,0.809016994374947));
#1586=VECTOR('',#1585,11.025062814466892);
#1587=LINE('',#1584,#1586);
#1588=EDGE_CURVE('',#1583,#752,#1587,.T.);
#1589=ORIENTED_EDGE('',*,*,#1588,.F.);
#1590=CARTESIAN_POINT('',(64.500000000000000,-9.809072533867024,-12.650379283852928));
#1591=DIRECTION('',(0.0,0.809016994374951,-0.587785252292468));
#1592=VECTOR('',#1591,0.999999999999990);
#1593=LINE('',#1590,#1592);
#1594=EDGE_CURVE('',#1058,#1583,#1593,.T.);
#1595=ORIENTED_EDGE('',*,*,#1594,.F.);
#1596=ORIENTED_EDGE('',*,*,#1063,.F.);
#1597=ORIENTED_EDGE('',*,*,#732,.T.);
#1598=ORIENTED_EDGE('',*,*,#624,.F.);
#1599=ORIENTED_EDGE('',*,*,#678,.F.);
#1600=ORIENTED_EDGE('',*,*,#650,.F.);
#1601=EDGE_LOOP('',(#1475,#1476,#1484,#1490,#1491,#1492,#1500,#1506,#1507,#1508,#1509,#1517,#1523,#1524,#1525,#1526,#1527,#1528,#1536,#1542,#1543,#1544,#1545,#1546,#1547,#1548,#1549,#1557,#1563,#1564,#1565,#1573,#1579,#1580,#1581,#1589,#1595,#1596,#1597,#1598,#1599,#1600));
#1602=FACE_OUTER_BOUND('',#1601,.T.);
#1603=ORIENTED_EDGE('',*,*,#508,.T.);
#1604=ORIENTED_EDGE('',*,*,#492,.T.);
#1605=EDGE_LOOP('',(#1603,#1604));
#1606=FACE_BOUND('',#1605,.T.);
#1607=ADVANCED_FACE('',(#1602,#1606),#1474,.F.);
#1608=CARTESIAN_POINT('',(69.500000000000000,15.062395763534980,5.419800168146736));
#1609=DIRECTION('',(0.0,-0.309016994374948,0.951056516295154));
#1610=DIRECTION('',(0.0,-0.951056516295154,-0.309016994374948));
#1611=AXIS2_PLACEMENT_3D('',#1608,#1609,#1610);
#1612=PLANE('',#1611);
#1613=ORIENTED_EDGE('',*,*,#189,.T.);
#1614=ORIENTED_EDGE('',*,*,#1376,.T.);
#1615=CARTESIAN_POINT('',(69.500000000000000,15.062395763534980,5.419800168146736));
#1616=DIRECTION('',(-1.0,0.0,0.0));
#1617=VECTOR('',#1616,5.0);
#1618=LINE('',#1615,#1617);
#1619=EDGE_CURVE('',#1365,#1530,#1618,.T.);
#1620=ORIENTED_EDGE('',*,*,#1619,.T.);
#1621=ORIENTED_EDGE('',*,*,#1535,.T.);
#1622=EDGE_LOOP('',(#1613,#1614,#1620,#1621));
#1623=FACE_OUTER_BOUND('',#1622,.T.);
#1624=ADVANCED_FACE('',(#1623),#1612,.T.);
#1625=CARTESIAN_POINT('',(69.500000000000000,15.371412757909923,4.468743651851597));
#1626=DIRECTION('',(0.0,0.951056516295154,0.309016994374948));
#1627=DIRECTION('',(1.0,0.0,0.0));
#1628=AXIS2_PLACEMENT_3D('',#1625,#1626,#1627);
#1629=PLANE('',#1628);
#1630=ORIENTED_EDGE('',*,*,#1541,.T.);
#1631=ORIENTED_EDGE('',*,*,#1619,.F.);
#1632=ORIENTED_EDGE('',*,*,#1370,.F.);
#1633=ORIENTED_EDGE('',*,*,#1102,.T.);
#1634=EDGE_LOOP('',(#1630,#1631,#1632,#1633));
#1635=FACE_OUTER_BOUND('',#1634,.T.);
#1636=ADVANCED_FACE('',(#1635),#1629,.T.);
#1637=CARTESIAN_POINT('',(69.500000000000000,9.809072533867067,-12.650379283852907));
#1638=DIRECTION('',(0.0,0.809016994374947,0.587785252292474));
#1639=DIRECTION('',(0.0,-0.587785252292474,0.809016994374947));
#1640=AXIS2_PLACEMENT_3D('',#1637,#1638,#1639);
#1641=PLANE('',#1640);
#1642=ORIENTED_EDGE('',*,*,#825,.T.);
#1643=ORIENTED_EDGE('',*,*,#1400,.T.);
#1644=CARTESIAN_POINT('',(69.500000000000000,9.809072533867067,-12.650379283852907));
#1645=DIRECTION('',(-1.0,0.0,0.0));
#1646=VECTOR('',#1645,5.0);
#1647=LINE('',#1644,#1646);
#1648=EDGE_CURVE('',#1389,#1551,#1647,.T.);
#1649=ORIENTED_EDGE('',*,*,#1648,.T.);
#1650=ORIENTED_EDGE('',*,*,#1556,.T.);
#1651=EDGE_LOOP('',(#1642,#1643,#1649,#1650));
#1652=FACE_OUTER_BOUND('',#1651,.T.);
#1653=ADVANCED_FACE('',(#1652),#1641,.T.);
#1654=CARTESIAN_POINT('',(69.500000000000000,-15.371412757909923,4.468743651851568));
#1655=DIRECTION('',(0.0,-0.309016994374946,-0.951056516295154));
#1656=DIRECTION('',(0.0,0.951056516295154,-0.309016994374946));
#1657=AXIS2_PLACEMENT_3D('',#1654,#1655,#1656);
#1658=PLANE('',#1657);
#1659=ORIENTED_EDGE('',*,*,#325,.T.);
#1660=ORIENTED_EDGE('',*,*,#1280,.T.);
#1661=CARTESIAN_POINT('',(69.500000000000000,-15.371412757909923,4.468743651851568));
#1662=DIRECTION('',(-1.0,0.0,0.0));
#1663=VECTOR('',#1662,5.0);
#1664=LINE('',#1661,#1663);
#1665=EDGE_CURVE('',#1269,#1478,#1664,.T.);
#1666=ORIENTED_EDGE('',*,*,#1665,.T.);
#1667=ORIENTED_EDGE('',*,*,#1483,.T.);
#1668=EDGE_LOOP('',(#1659,#1660,#1666,#1667));
#1669=FACE_OUTER_BOUND('',#1668,.T.);
#1670=ADVANCED_FACE('',(#1669),#1658,.T.);
#1671=CARTESIAN_POINT('',(69.500000000000000,-15.062395763534980,5.419800168146708));
#1672=DIRECTION('',(0.0,-0.951056516295154,0.309016994374946));
#1673=DIRECTION('',(1.0,0.0,0.0));
#1674=AXIS2_PLACEMENT_3D('',#1671,#1672,#1673);
#1675=PLANE('',#1674);
#1676=ORIENTED_EDGE('',*,*,#1489,.T.);
#1677=ORIENTED_EDGE('',*,*,#1665,.F.);
#1678=ORIENTED_EDGE('',*,*,#1274,.F.);
#1679=ORIENTED_EDGE('',*,*,#1133,.T.);
#1680=EDGE_LOOP('',(#1676,#1677,#1678,#1679));
#1681=FACE_OUTER_BOUND('',#1680,.T.);
#1682=ADVANCED_FACE('',(#1681),#1675,.T.);
#1683=CARTESIAN_POINT('',(69.500000000000000,-9.809072533867067,12.650379283852910));
#1684=DIRECTION('',(0.0,-0.809016994374947,-0.587785252292474));
#1685=DIRECTION('',(0.0,0.587785252292474,-0.809016994374947));
#1686=AXIS2_PLACEMENT_3D('',#1683,#1684,#1685);
#1687=PLANE('',#1686);
#1688=ORIENTED_EDGE('',*,*,#291,.T.);
#1689=ORIENTED_EDGE('',*,*,#1304,.T.);
#1690=CARTESIAN_POINT('',(69.500000000000000,-9.809072533867067,12.650379283852910));
#1691=DIRECTION('',(-1.0,0.0,0.0));
#1692=VECTOR('',#1691,5.0);
#1693=LINE('',#1690,#1692);
#1694=EDGE_CURVE('',#1293,#1494,#1693,.T.);
#1695=ORIENTED_EDGE('',*,*,#1694,.T.);
#1696=ORIENTED_EDGE('',*,*,#1499,.T.);
#1697=EDGE_LOOP('',(#1688,#1689,#1695,#1696));
#1698=FACE_OUTER_BOUND('',#1697,.T.);
#1699=ADVANCED_FACE('',(#1698),#1687,.T.);
#1700=CARTESIAN_POINT('',(69.500000000000000,-9.000055539492109,13.238164536145373));
#1701=DIRECTION('',(0.0,-0.587785252292474,0.809016994374947));
#1702=DIRECTION('',(1.0,0.0,0.0));
#1703=AXIS2_PLACEMENT_3D('',#1700,#1701,#1702);
#1704=PLANE('',#1703);
#1705=ORIENTED_EDGE('',*,*,#1505,.T.);
#1706=ORIENTED_EDGE('',*,*,#1694,.F.);
#1707=ORIENTED_EDGE('',*,*,#1298,.F.);
#1708=ORIENTED_EDGE('',*,*,#1195,.T.);
#1709=EDGE_LOOP('',(#1705,#1706,#1707,#1708));
#1710=FACE_OUTER_BOUND('',#1709,.T.);
#1711=ADVANCED_FACE('',(#1710),#1704,.T.);
#1712=CARTESIAN_POINT('',(69.500000000000000,0.500000000000000,0.0));
#1713=DIRECTION('',(0.0,1.0,0.0));
#1714=DIRECTION('',(0.0,0.0,1.0));
#1715=AXIS2_PLACEMENT_3D('',#1712,#1713,#1714);
#1716=PLANE('',#1715);
#1717=ORIENTED_EDGE('',*,*,#240,.T.);
#1718=ORIENTED_EDGE('',*,*,#1522,.T.);
#1719=CARTESIAN_POINT('',(69.500000000000000,0.499999999999986,16.0));
#1720=DIRECTION('',(-1.0,0.0,0.0));
#1721=VECTOR('',#1720,5.0);
#1722=LINE('',#1719,#1721);
#1723=EDGE_CURVE('',#1316,#1511,#1722,.T.);
#1724=ORIENTED_EDGE('',*,*,#1723,.F.);
#1725=ORIENTED_EDGE('',*,*,#1321,.F.);
#1726=EDGE_LOOP('',(#1717,#1718,#1724,#1725));
#1727=FACE_OUTER_BOUND('',#1726,.T.);
#1728=ADVANCED_FACE('',(#1727),#1716,.T.);
#1729=CARTESIAN_POINT('',(69.500000000000000,0.499999999999986,16.0));
#1730=DIRECTION('',(0.0,0.0,1.0));
#1731=DIRECTION('',(1.0,0.0,0.0));
#1732=AXIS2_PLACEMENT_3D('',#1729,#1730,#1731);
#1733=PLANE('',#1732);
#1734=ORIENTED_EDGE('',*,*,#1516,.T.);
#1735=ORIENTED_EDGE('',*,*,#1226,.F.);
#1736=ORIENTED_EDGE('',*,*,#1327,.F.);
#1737=ORIENTED_EDGE('',*,*,#1723,.T.);
#1738=EDGE_LOOP('',(#1734,#1735,#1736,#1737));
#1739=FACE_OUTER_BOUND('',#1738,.T.);
#1740=ADVANCED_FACE('',(#1739),#1733,.T.);
#1741=CARTESIAN_POINT('',(69.500000000000000,9.000055539492124,-13.238164536145369));
#1742=DIRECTION('',(0.0,0.587785252292474,-0.809016994374947));
#1743=DIRECTION('',(1.0,0.0,0.0));
#1744=AXIS2_PLACEMENT_3D('',#1741,#1742,#1743);
#1745=PLANE('',#1744);
#1746=ORIENTED_EDGE('',*,*,#1562,.T.);
#1747=ORIENTED_EDGE('',*,*,#1648,.F.);
#1748=ORIENTED_EDGE('',*,*,#1394,.F.);
#1749=ORIENTED_EDGE('',*,*,#1040,.T.);
#1750=EDGE_LOOP('',(#1746,#1747,#1748,#1749));
#1751=FACE_OUTER_BOUND('',#1750,.T.);
#1752=ADVANCED_FACE('',(#1751),#1745,.T.);
#1753=CARTESIAN_POINT('',(69.500000000000000,-0.499999999999972,-15.999999999999993));
#1754=DIRECTION('',(0.0,0.0,-1.0));
#1755=DIRECTION('',(1.0,0.0,0.0));
#1756=AXIS2_PLACEMENT_3D('',#1753,#1754,#1755);
#1757=PLANE('',#1756);
#1758=ORIENTED_EDGE('',*,*,#1578,.T.);
#1759=CARTESIAN_POINT('',(69.500000000000000,0.500000000000014,-15.999999999999993));
#1760=DIRECTION('',(-1.0,0.0,0.0));
#1761=VECTOR('',#1760,5.0);
#1762=LINE('',#1759,#1761);
#1763=EDGE_CURVE('',#1413,#1567,#1762,.T.);
#1764=ORIENTED_EDGE('',*,*,#1763,.F.);
#1765=ORIENTED_EDGE('',*,*,#1418,.F.);
#1766=ORIENTED_EDGE('',*,*,#1009,.T.);
#1767=EDGE_LOOP('',(#1758,#1764,#1765,#1766));
#1768=FACE_OUTER_BOUND('',#1767,.T.);
#1769=ADVANCED_FACE('',(#1768),#1757,.T.);
#1770=CARTESIAN_POINT('',(69.500000000000000,0.500000000000014,-15.999999999999993));
#1771=DIRECTION('',(0.0,1.0,0.0));
#1772=DIRECTION('',(0.0,0.0,1.0));
#1773=AXIS2_PLACEMENT_3D('',#1770,#1771,#1772);
#1774=PLANE('',#1773);
#1775=ORIENTED_EDGE('',*,*,#791,.T.);
#1776=ORIENTED_EDGE('',*,*,#1424,.T.);
#1777=ORIENTED_EDGE('',*,*,#1763,.T.);
#1778=ORIENTED_EDGE('',*,*,#1572,.T.);
#1779=EDGE_LOOP('',(#1775,#1776,#1777,#1778));
#1780=FACE_OUTER_BOUND('',#1779,.T.);
#1781=ADVANCED_FACE('',(#1780),#1774,.T.);
#1782=CARTESIAN_POINT('',(69.500000000000000,-9.809072533867024,-12.650379283852928));
#1783=DIRECTION('',(0.0,-0.587785252292473,-0.809016994374948));
#1784=DIRECTION('',(1.0,0.0,0.0));
#1785=AXIS2_PLACEMENT_3D('',#1782,#1783,#1784);
#1786=PLANE('',#1785);
#1787=ORIENTED_EDGE('',*,*,#1594,.T.);
#1788=CARTESIAN_POINT('',(69.500000000000000,-9.000055539492081,-13.238164536145391));
#1789=DIRECTION('',(-1.0,0.0,0.0));
#1790=VECTOR('',#1789,5.0);
#1791=LINE('',#1788,#1790);
#1792=EDGE_CURVE('',#1245,#1583,#1791,.T.);
#1793=ORIENTED_EDGE('',*,*,#1792,.F.);
#1794=ORIENTED_EDGE('',*,*,#1250,.F.);
#1795=ORIENTED_EDGE('',*,*,#1071,.T.);
#1796=EDGE_LOOP('',(#1787,#1793,#1794,#1795));
#1797=FACE_OUTER_BOUND('',#1796,.T.);
#1798=ADVANCED_FACE('',(#1797),#1786,.T.);
#1799=CARTESIAN_POINT('',(69.500000000000000,-9.000055539492081,-13.238164536145391));
#1800=DIRECTION('',(0.0,0.809016994374948,-0.587785252292473));
#1801=DIRECTION('',(0.0,0.587785252292473,0.809016994374948));
#1802=AXIS2_PLACEMENT_3D('',#1799,#1800,#1801);
#1803=PLANE('',#1802);
#1804=ORIENTED_EDGE('',*,*,#757,.T.);
#1805=ORIENTED_EDGE('',*,*,#1256,.T.);
#1806=ORIENTED_EDGE('',*,*,#1792,.T.);
#1807=ORIENTED_EDGE('',*,*,#1588,.T.);
#1808=EDGE_LOOP('',(#1804,#1805,#1806,#1807));
#1809=FACE_OUTER_BOUND('',#1808,.T.);
#1810=ADVANCED_FACE('',(#1809),#1803,.T.);
#1811=CLOSED_SHELL('',(#336,#378,#420,#458,#496,#514,#532,#550,#560,#578,#588,#628,#668,#690,#708,#878,#909,#940,#962,#974,#988,#1019,#1050,#1081,#1112,#1143,#1174,#1205,#1236,#1260,#1284,#1308,#1332,#1356,#1380,#1404,#1428,#1452,#1469,#1607,#1624,#1636,#1653,#1670,#1682,#1699,#1711,#1728,#1740,#1752,#1769,#1781,#1798,#1810));
#1812=MANIFOLD_SOLID_BREP('2C7',#1811);
#1813=CARTESIAN_POINT('',(86.500000000000000,14.722431864335022,8.499999999999773));
#1814=DIRECTION('',(-1.0,0.0,0.0));
#1815=DIRECTION('',(0.0,-1.0,0.0));
#1816=AXIS2_PLACEMENT_3D('',#1813,#1814,#1815);
#1817=CYLINDRICAL_SURFACE('',#1816,1.750000000000000);
#1818=CARTESIAN_POINT('',(86.500000000000000,12.972431864335022,8.499999999999773));
#1819=VERTEX_POINT('',#1818);
#1820=CARTESIAN_POINT('',(85.500000000000000,12.972431864335022,8.499999999999773));
#1821=VERTEX_POINT('',#1820);
#1822=CARTESIAN_POINT('',(86.500000000000000,12.972431864335022,8.499999999999773));
#1823=DIRECTION('',(-1.0,0.0,0.0));
#1824=VECTOR('',#1823,1.0);
#1825=LINE('',#1822,#1824);
#1826=EDGE_CURVE('',#1819,#1821,#1825,.T.);
#1827=ORIENTED_EDGE('',*,*,#1826,.F.);
#1828=CARTESIAN_POINT('',(86.500000000000000,16.472431864335022,8.499999999999773));
#1829=VERTEX_POINT('',#1828);
#1830=CARTESIAN_POINT('',(86.500000000000000,14.722431864335022,8.499999999999773));
#1831=DIRECTION('',(-1.0,0.0,0.0));
#1832=DIRECTION('',(0.0,-1.0,0.0));
#1833=AXIS2_PLACEMENT_3D('',#1830,#1831,#1832);
#1834=CIRCLE('',#1833,1.750000000000000);
#1835=EDGE_CURVE('',#1819,#1829,#1834,.T.);
#1836=ORIENTED_EDGE('',*,*,#1835,.T.);
#1837=CARTESIAN_POINT('',(85.500000000000000,16.472431864335022,8.499999999999773));
#1838=VERTEX_POINT('',#1837);
#1839=CARTESIAN_POINT('',(85.500000000000000,16.472431864335022,8.499999999999773));
#1840=DIRECTION('',(1.0,0.0,0.0));
#1841=VECTOR('',#1840,1.0);
#1842=LINE('',#1839,#1841);
#1843=EDGE_CURVE('',#1838,#1829,#1842,.T.);
#1844=ORIENTED_EDGE('',*,*,#1843,.F.);
#1845=CARTESIAN_POINT('',(85.500000000000000,14.722431864335022,8.499999999999773));
#1846=DIRECTION('',(1.0,0.0,0.0));
#1847=DIRECTION('',(0.0,-1.0,0.0));
#1848=AXIS2_PLACEMENT_3D('',#1845,#1846,#1847);
#1849=CIRCLE('',#1848,1.750000000000000);
#1850=EDGE_CURVE('',#1838,#1821,#1849,.T.);
#1851=ORIENTED_EDGE('',*,*,#1850,.T.);
#1852=EDGE_LOOP('',(#1827,#1836,#1844,#1851));
#1853=FACE_OUTER_BOUND('',#1852,.T.);
#1854=ADVANCED_FACE('',(#1853),#1817,.T.);
#1855=CARTESIAN_POINT('',(86.500000000000000,-14.722431864335363,8.499999999999972));
#1856=DIRECTION('',(-1.0,0.0,0.0));
#1857=DIRECTION('',(0.0,-1.0,0.0));
#1858=AXIS2_PLACEMENT_3D('',#1855,#1856,#1857);
#1859=CYLINDRICAL_SURFACE('',#1858,1.750000000000000);
#1860=CARTESIAN_POINT('',(86.500000000000000,-16.472431864335363,8.499999999999972));
#1861=VERTEX_POINT('',#1860);
#1862=CARTESIAN_POINT('',(85.500000000000000,-16.472431864335363,8.499999999999972));
#1863=VERTEX_POINT('',#1862);
#1864=CARTESIAN_POINT('',(86.500000000000000,-16.472431864335363,8.499999999999972));
#1865=DIRECTION('',(-1.0,0.0,0.0));
#1866=VECTOR('',#1865,1.0);
#1867=LINE('',#1864,#1866);
#1868=EDGE_CURVE('',#1861,#1863,#1867,.T.);
#1869=ORIENTED_EDGE('',*,*,#1868,.F.);
#1870=CARTESIAN_POINT('',(86.500000000000000,-12.972431864335363,8.499999999999972));
#1871=VERTEX_POINT('',#1870);
#1872=CARTESIAN_POINT('',(86.500000000000000,-14.722431864335363,8.499999999999972));
#1873=DIRECTION('',(-1.0,0.0,0.0));
#1874=DIRECTION('',(0.0,-1.0,0.0));
#1875=AXIS2_PLACEMENT_3D('',#1872,#1873,#1874);
#1876=CIRCLE('',#1875,1.750000000000000);
#1877=EDGE_CURVE('',#1861,#1871,#1876,.T.);
#1878=ORIENTED_EDGE('',*,*,#1877,.T.);
#1879=CARTESIAN_POINT('',(85.500000000000000,-12.972431864335363,8.499999999999972));
#1880=VERTEX_POINT('',#1879);
#1881=CARTESIAN_POINT('',(85.500000000000000,-12.972431864335363,8.499999999999972));
#1882=DIRECTION('',(1.0,0.0,0.0));
#1883=VECTOR('',#1882,1.0);
#1884=LINE('',#1881,#1883);
#1885=EDGE_CURVE('',#1880,#1871,#1884,.T.);
#1886=ORIENTED_EDGE('',*,*,#1885,.F.);
#1887=CARTESIAN_POINT('',(85.500000000000000,-14.722431864335363,8.499999999999972));
#1888=DIRECTION('',(1.0,0.0,0.0));
#1889=DIRECTION('',(0.0,-1.0,0.0));
#1890=AXIS2_PLACEMENT_3D('',#1887,#1888,#1889);
#1891=CIRCLE('',#1890,1.750000000000000);
#1892=EDGE_CURVE('',#1880,#1863,#1891,.T.);
#1893=ORIENTED_EDGE('',*,*,#1892,.T.);
#1894=EDGE_LOOP('',(#1869,#1878,#1886,#1893));
#1895=FACE_OUTER_BOUND('',#1894,.T.);
#1896=ADVANCED_FACE('',(#1895),#1859,.T.);
#1897=CARTESIAN_POINT('',(85.249999999999943,0.0,0.0));
#1898=DIRECTION('',(-1.0,0.0,1.025309E-050));
#1899=DIRECTION('',(0.0,0.0,1.0));
#1900=AXIS2_PLACEMENT_3D('',#1897,#1898,#1899);
#1901=CONICAL_SURFACE('',#1900,13.335786437626609,45.000000000006516);
#1902=CARTESIAN_POINT('',(84.499999999999943,0.0,14.085786437626780));
#1903=VERTEX_POINT('',#1902);
#1904=CARTESIAN_POINT('',(85.999999999999943,0.0,12.585786437626439));
#1905=VERTEX_POINT('',#1904);
#1906=CARTESIAN_POINT('',(84.499999999999943,0.0,14.085786437626780));
#1907=DIRECTION('',(0.707106781186467,0.0,-0.707106781186628));
#1908=VECTOR('',#1907,2.121320343559884);
#1909=LINE('',#1906,#1908);
#1910=EDGE_CURVE('',#1903,#1905,#1909,.T.);
#1911=ORIENTED_EDGE('',*,*,#1910,.F.);
#1912=CARTESIAN_POINT('',(84.499999999999943,-1.724954E-015,-14.085786437626780));
#1913=VERTEX_POINT('',#1912);
#1914=CARTESIAN_POINT('',(84.499999999999943,0.0,0.0));
#1915=DIRECTION('',(1.0,0.0,0.0));
#1916=DIRECTION('',(0.0,0.0,1.0));
#1917=AXIS2_PLACEMENT_3D('',#1914,#1915,#1916);
#1918=CIRCLE('',#1917,14.085786437626780);
#1919=EDGE_CURVE('',#1913,#1903,#1918,.T.);
#1920=ORIENTED_EDGE('',*,*,#1919,.F.);
#1921=CARTESIAN_POINT('',(85.999999999999943,-1.541263E-015,-12.585786437626439));
#1922=VERTEX_POINT('',#1921);
#1923=CARTESIAN_POINT('',(85.999999999999943,-1.541263E-015,-12.585786437626439));
#1924=DIRECTION('',(-0.707106781186467,-8.659275E-017,-0.707106781186628));
#1925=VECTOR('',#1924,2.121320343559884);
#1926=LINE('',#1923,#1925);
#1927=EDGE_CURVE('',#1922,#1913,#1926,.T.);
#1928=ORIENTED_EDGE('',*,*,#1927,.F.);
#1929=CARTESIAN_POINT('',(85.999999999999943,0.0,0.0));
#1930=DIRECTION('',(1.0,0.0,0.0));
#1931=DIRECTION('',(0.0,0.0,1.0));
#1932=AXIS2_PLACEMENT_3D('',#1929,#1930,#1931);
#1933=CIRCLE('',#1932,12.585786437626439);
#1934=EDGE_CURVE('',#1922,#1905,#1933,.T.);
#1935=ORIENTED_EDGE('',*,*,#1934,.T.);
#1936=EDGE_LOOP('',(#1911,#1920,#1928,#1935));
#1937=FACE_OUTER_BOUND('',#1936,.T.);
#1938=ADVANCED_FACE('',(#1937),#1901,.F.);
#1939=CARTESIAN_POINT('',(89.249999999999943,0.0,0.0));
#1940=DIRECTION('',(1.0,0.0,-1.025309E-050));
#1941=DIRECTION('',(0.0,0.0,1.0));
#1942=AXIS2_PLACEMENT_3D('',#1939,#1940,#1941);
#1943=CYLINDRICAL_SURFACE('',#1942,2.500000000000000);
#1944=CARTESIAN_POINT('',(85.999999999999943,0.0,2.500000000000000));
#1945=VERTEX_POINT('',#1944);
#1946=CARTESIAN_POINT('',(92.499999999999943,0.0,2.500000000000000));
#1947=VERTEX_POINT('',#1946);
#1948=CARTESIAN_POINT('',(85.999999999999943,0.0,2.500000000000000));
#1949=DIRECTION('',(1.0,0.0,0.0));
#1950=VECTOR('',#1949,6.500000000000000);
#1951=LINE('',#1948,#1950);
#1952=EDGE_CURVE('',#1945,#1947,#1951,.T.);
#1953=ORIENTED_EDGE('',*,*,#1952,.F.);
#1954=CARTESIAN_POINT('',(85.999999999999943,-3.061516E-016,-2.500000000000000));
#1955=VERTEX_POINT('',#1954);
#1956=CARTESIAN_POINT('',(85.999999999999943,0.0,0.0));
#1957=DIRECTION('',(1.0,0.0,0.0));
#1958=DIRECTION('',(0.0,0.0,1.0));
#1959=AXIS2_PLACEMENT_3D('',#1956,#1957,#1958);
#1960=CIRCLE('',#1959,2.500000000000000);
#1961=EDGE_CURVE('',#1955,#1945,#1960,.T.);
#1962=ORIENTED_EDGE('',*,*,#1961,.F.);
#1963=CARTESIAN_POINT('',(92.499999999999943,-3.061516E-016,-2.500000000000000));
#1964=VERTEX_POINT('',#1963);
#1965=CARTESIAN_POINT('',(92.499999999999943,-3.061516E-016,-2.500000000000000));
#1966=DIRECTION('',(-1.0,0.0,0.0));
#1967=VECTOR('',#1966,6.500000000000000);
#1968=LINE('',#1965,#1967);
#1969=EDGE_CURVE('',#1964,#1955,#1968,.T.);
#1970=ORIENTED_EDGE('',*,*,#1969,.F.);
#1971=CARTESIAN_POINT('',(92.499999999999943,0.0,0.0));
#1972=DIRECTION('',(1.0,0.0,0.0));
#1973=DIRECTION('',(0.0,0.0,1.0));
#1974=AXIS2_PLACEMENT_3D('',#1971,#1972,#1973);
#1975=CIRCLE('',#1974,2.500000000000000);
#1976=EDGE_CURVE('',#1964,#1947,#1975,.T.);
#1977=ORIENTED_EDGE('',*,*,#1976,.T.);
#1978=EDGE_LOOP('',(#1953,#1962,#1970,#1977));
#1979=FACE_OUTER_BOUND('',#1978,.T.);
#1980=ADVANCED_FACE('',(#1979),#1943,.F.);
#1981=CARTESIAN_POINT('',(92.999999999999943,0.0,0.0));
#1982=DIRECTION('',(1.0,0.0,-1.025309E-050));
#1983=DIRECTION('',(0.0,0.0,1.0));
#1984=AXIS2_PLACEMENT_3D('',#1981,#1982,#1983);
#1985=CONICAL_SURFACE('',#1984,4.499999999999943,44.999999999996739);
#1986=CARTESIAN_POINT('',(92.499999999999943,0.0,4.0));
#1987=VERTEX_POINT('',#1986);
#1988=CARTESIAN_POINT('',(93.499999999999943,0.0,4.999999999999886));
#1989=VERTEX_POINT('',#1988);
#1990=CARTESIAN_POINT('',(92.499999999999943,0.0,4.0));
#1991=DIRECTION('',(0.707106781186588,0.0,0.707106781186507));
#1992=VECTOR('',#1991,1.414213562373015);
#1993=LINE('',#1990,#1992);
#1994=EDGE_CURVE('',#1987,#1989,#1993,.T.);
#1995=ORIENTED_EDGE('',*,*,#1994,.F.);
#1996=CARTESIAN_POINT('',(92.499999999999943,-4.898425E-016,-4.0));
#1997=VERTEX_POINT('',#1996);
#1998=CARTESIAN_POINT('',(92.499999999999943,0.0,0.0));
#1999=DIRECTION('',(1.0,0.0,0.0));
#2000=DIRECTION('',(0.0,0.0,1.0));
#2001=AXIS2_PLACEMENT_3D('',#1998,#1999,#2000);
#2002=CIRCLE('',#2001,4.0);
#2003=EDGE_CURVE('',#1997,#1987,#2002,.T.);
#2004=ORIENTED_EDGE('',*,*,#2003,.F.);
#2005=CARTESIAN_POINT('',(93.499999999999943,-6.123032E-016,-4.999999999999886));
#2006=VERTEX_POINT('',#2005);
#2007=CARTESIAN_POINT('',(93.499999999999943,-6.123032E-016,-4.999999999999886));
#2008=DIRECTION('',(-0.707106781186588,8.659275E-017,0.707106781186507));
#2009=VECTOR('',#2008,1.414213562373015);
#2010=LINE('',#2007,#2009);
#2011=EDGE_CURVE('',#2006,#1997,#2010,.T.);
#2012=ORIENTED_EDGE('',*,*,#2011,.F.);
#2013=CARTESIAN_POINT('',(93.499999999999943,0.0,0.0));
#2014=DIRECTION('',(1.0,0.0,0.0));
#2015=DIRECTION('',(0.0,0.0,1.0));
#2016=AXIS2_PLACEMENT_3D('',#2013,#2014,#2015);
#2017=CIRCLE('',#2016,4.999999999999886);
#2018=EDGE_CURVE('',#2006,#1989,#2017,.T.);
#2019=ORIENTED_EDGE('',*,*,#2018,.T.);
#2020=EDGE_LOOP('',(#1995,#2004,#2012,#2019));
#2021=FACE_OUTER_BOUND('',#2020,.T.);
#2022=ADVANCED_FACE('',(#2021),#1985,.F.);
#2023=CARTESIAN_POINT('',(92.249999999999943,0.0,0.0));
#2024=DIRECTION('',(-1.0,0.0,1.025309E-050));
#2025=DIRECTION('',(0.0,0.0,1.0));
#2026=AXIS2_PLACEMENT_3D('',#2023,#2024,#2025);
#2027=CONICAL_SURFACE('',#2026,6.249999999999943,45.000000000001300);
#2028=CARTESIAN_POINT('',(90.999999999999943,0.0,7.500000000000000));
#2029=VERTEX_POINT('',#2028);
#2030=CARTESIAN_POINT('',(90.999999999999943,0.0,7.500000000000000));
#2031=DIRECTION('',(0.707106781186531,0.0,-0.707106781186564));
#2032=VECTOR('',#2031,3.535533905932818);
#2033=LINE('',#2030,#2032);
#2034=EDGE_CURVE('',#2029,#1989,#2033,.T.);
#2035=ORIENTED_EDGE('',*,*,#2034,.F.);
#2036=CARTESIAN_POINT('',(90.999999999999943,-9.184548E-016,-7.500000000000000));
#2037=VERTEX_POINT('',#2036);
#2038=CARTESIAN_POINT('',(90.999999999999943,0.0,0.0));
#2039=DIRECTION('',(1.0,0.0,0.0));
#2040=DIRECTION('',(0.0,0.0,1.0));
#2041=AXIS2_PLACEMENT_3D('',#2038,#2039,#2040);
#2042=CIRCLE('',#2041,7.500000000000000);
#2043=EDGE_CURVE('',#2029,#2037,#2042,.T.);
#2044=ORIENTED_EDGE('',*,*,#2043,.T.);
#2045=CARTESIAN_POINT('',(93.499999999999943,-6.123032E-016,-4.999999999999886));
#2046=DIRECTION('',(-0.707106781186531,-8.659275E-017,-0.707106781186564));
#2047=VECTOR('',#2046,3.535533905932818);
#2048=LINE('',#2045,#2047);
#2049=EDGE_CURVE('',#2006,#2037,#2048,.T.);
#2050=ORIENTED_EDGE('',*,*,#2049,.F.);
#2051=CARTESIAN_POINT('',(93.499999999999943,0.0,0.0));
#2052=DIRECTION('',(1.0,0.0,0.0));
#2053=DIRECTION('',(0.0,0.0,1.0));
#2054=AXIS2_PLACEMENT_3D('',#2051,#2052,#2053);
#2055=CIRCLE('',#2054,4.999999999999886);
#2056=EDGE_CURVE('',#1989,#2006,#2055,.T.);
#2057=ORIENTED_EDGE('',*,*,#2056,.F.);
#2058=EDGE_LOOP('',(#2035,#2044,#2050,#2057));
#2059=FACE_OUTER_BOUND('',#2058,.T.);
#2060=ADVANCED_FACE('',(#2059),#2027,.T.);
#2061=CARTESIAN_POINT('',(88.999999999999943,0.0,0.0));
#2062=DIRECTION('',(1.0,0.0,-1.025309E-050));
#2063=DIRECTION('',(0.0,0.0,1.0));
#2064=AXIS2_PLACEMENT_3D('',#2061,#2062,#2063);
#2065=CYLINDRICAL_SURFACE('',#2064,7.500000000000000);
#2066=CARTESIAN_POINT('',(86.999999999999943,0.0,7.500000000000000));
#2067=VERTEX_POINT('',#2066);
#2068=CARTESIAN_POINT('',(86.999999999999943,0.0,7.500000000000000));
#2069=DIRECTION('',(1.0,0.0,0.0));
#2070=VECTOR('',#2069,4.0);
#2071=LINE('',#2068,#2070);
#2072=EDGE_CURVE('',#2067,#2029,#2071,.T.);
#2073=ORIENTED_EDGE('',*,*,#2072,.F.);
#2074=CARTESIAN_POINT('',(86.999999999999943,-9.184548E-016,-7.500000000000000));
#2075=VERTEX_POINT('',#2074);
#2076=CARTESIAN_POINT('',(86.999999999999943,0.0,0.0));
#2077=DIRECTION('',(1.0,0.0,0.0));
#2078=DIRECTION('',(0.0,0.0,1.0));
#2079=AXIS2_PLACEMENT_3D('',#2076,#2077,#2078);
#2080=CIRCLE('',#2079,7.500000000000000);
#2081=EDGE_CURVE('',#2067,#2075,#2080,.T.);
#2082=ORIENTED_EDGE('',*,*,#2081,.T.);
#2083=CARTESIAN_POINT('',(90.999999999999943,-9.184548E-016,-7.500000000000000));
#2084=DIRECTION('',(-1.0,0.0,0.0));
#2085=VECTOR('',#2084,4.0);
#2086=LINE('',#2083,#2085);
#2087=EDGE_CURVE('',#2037,#2075,#2086,.T.);
#2088=ORIENTED_EDGE('',*,*,#2087,.F.);
#2089=ORIENTED_EDGE('',*,*,#2043,.F.);
#2090=EDGE_LOOP('',(#2073,#2082,#2088,#2089));
#2091=FACE_OUTER_BOUND('',#2090,.T.);
#2092=ADVANCED_FACE('',(#2091),#2065,.T.);
#2093=CARTESIAN_POINT('',(86.249999999999943,0.0,0.0));
#2094=DIRECTION('',(-1.0,0.0,1.025309E-050));
#2095=DIRECTION('',(0.0,0.0,1.0));
#2096=AXIS2_PLACEMENT_3D('',#2093,#2094,#2095);
#2097=CONICAL_SURFACE('',#2096,13.749999999999716,45.000000000006516);
#2098=CARTESIAN_POINT('',(85.499999999999943,0.0,14.499999999999886));
#2099=VERTEX_POINT('',#2098);
#2100=CARTESIAN_POINT('',(86.999999999999943,0.0,12.999999999999545));
#2101=VERTEX_POINT('',#2100);
#2102=CARTESIAN_POINT('',(85.499999999999943,0.0,14.499999999999886));
#2103=DIRECTION('',(0.707106781186467,0.0,-0.707106781186628));
#2104=VECTOR('',#2103,2.121320343559884);
#2105=LINE('',#2102,#2104);
#2106=EDGE_CURVE('',#2099,#2101,#2105,.T.);
#2107=ORIENTED_EDGE('',*,*,#2106,.F.);
#2108=CARTESIAN_POINT('',(85.499999999999943,-1.775679E-015,-14.499999999999886));
#2109=VERTEX_POINT('',#2108);
#2110=CARTESIAN_POINT('',(85.499999999999943,0.0,0.0));
#2111=DIRECTION('',(1.0,0.0,0.0));
#2112=DIRECTION('',(0.0,0.0,1.0));
#2113=AXIS2_PLACEMENT_3D('',#2110,#2111,#2112);
#2114=CIRCLE('',#2113,14.499999999999886);
#2115=EDGE_CURVE('',#2099,#2109,#2114,.T.);
#2116=ORIENTED_EDGE('',*,*,#2115,.T.);
#2117=CARTESIAN_POINT('',(86.999999999999943,-1.591988E-015,-12.999999999999545));
#2118=VERTEX_POINT('',#2117);
#2119=CARTESIAN_POINT('',(86.999999999999943,-1.591988E-015,-12.999999999999545));
#2120=DIRECTION('',(-0.707106781186467,-8.659275E-017,-0.707106781186628));
#2121=VECTOR('',#2120,2.121320343559884);
#2122=LINE('',#2119,#2121);
#2123=EDGE_CURVE('',#2118,#2109,#2122,.T.);
#2124=ORIENTED_EDGE('',*,*,#2123,.F.);
#2125=CARTESIAN_POINT('',(86.999999999999943,0.0,0.0));
#2126=DIRECTION('',(1.0,0.0,0.0));
#2127=DIRECTION('',(0.0,0.0,1.0));
#2128=AXIS2_PLACEMENT_3D('',#2125,#2126,#2127);
#2129=CIRCLE('',#2128,12.999999999999545);
#2130=EDGE_CURVE('',#2101,#2118,#2129,.T.);
#2131=ORIENTED_EDGE('',*,*,#2130,.F.);
#2132=EDGE_LOOP('',(#2107,#2116,#2124,#2131));
#2133=FACE_OUTER_BOUND('',#2132,.T.);
#2134=ADVANCED_FACE('',(#2133),#2097,.T.);
#2135=CARTESIAN_POINT('',(84.999999999999943,0.0,0.0));
#2136=DIRECTION('',(1.0,0.0,-1.025309E-050));
#2137=DIRECTION('',(0.0,0.0,1.0));
#2138=AXIS2_PLACEMENT_3D('',#2135,#2136,#2137);
#2139=CYLINDRICAL_SURFACE('',#2138,20.0);
#2140=CARTESIAN_POINT('',(84.500000000000000,0.0,20.0));
#2141=VERTEX_POINT('',#2140);
#2142=CARTESIAN_POINT('',(87.0,2.449213E-015,20.0));
#2143=VERTEX_POINT('',#2142);
#2144=CARTESIAN_POINT('',(84.500000000000000,0.0,20.0));
#2145=DIRECTION('',(1.0,0.0,0.0));
#2146=VECTOR('',#2145,2.500000000000000);
#2147=LINE('',#2144,#2146);
#2148=EDGE_CURVE('',#2141,#2143,#2147,.T.);
#2149=ORIENTED_EDGE('',*,*,#2148,.F.);
#2150=CARTESIAN_POINT('',(84.500000000000000,-2.449213E-015,-20.0));
#2151=VERTEX_POINT('',#2150);
#2152=CARTESIAN_POINT('',(84.500000000000000,0.0,0.0));
#2153=DIRECTION('',(1.0,0.0,0.0));
#2154=DIRECTION('',(0.0,0.0,1.0));
#2155=AXIS2_PLACEMENT_3D('',#2152,#2153,#2154);
#2156=CIRCLE('',#2155,20.0);
#2157=EDGE_CURVE('',#2141,#2151,#2156,.T.);
#2158=ORIENTED_EDGE('',*,*,#2157,.T.);
#2159=CARTESIAN_POINT('',(87.0,-2.449213E-015,-20.0));
#2160=VERTEX_POINT('',#2159);
#2161=CARTESIAN_POINT('',(87.0,-2.449213E-015,-20.0));
#2162=DIRECTION('',(-1.0,0.0,0.0));
#2163=VECTOR('',#2162,2.500000000000000);
#2164=LINE('',#2161,#2163);
#2165=EDGE_CURVE('',#2160,#2151,#2164,.T.);
#2166=ORIENTED_EDGE('',*,*,#2165,.F.);
#2167=CARTESIAN_POINT('',(87.0,-5.000000000000341,-19.364916731036999));
#2168=VERTEX_POINT('',#2167);
#2169=CARTESIAN_POINT('',(87.0,0.0,0.0));
#2170=DIRECTION('',(-1.0,0.0,0.0));
#2171=DIRECTION('',(0.0,-1.0,0.0));
#2172=AXIS2_PLACEMENT_3D('',#2169,#2170,#2171);
#2173=CIRCLE('',#2172,20.0);
#2174=EDGE_CURVE('',#2160,#2168,#2173,.T.);
#2175=ORIENTED_EDGE('',*,*,#2174,.T.);
#2176=CARTESIAN_POINT('',(85.500000000000000,-5.000000000000341,-19.364916731036999));
#2177=VERTEX_POINT('',#2176);
#2178=CARTESIAN_POINT('',(87.0,-5.000000000000341,-19.364916731036999));
#2179=DIRECTION('',(-1.0,0.0,0.0));
#2180=VECTOR('',#2179,1.500000000000000);
#2181=LINE('',#2178,#2180);
#2182=EDGE_CURVE('',#2168,#2177,#2181,.T.);
#2183=ORIENTED_EDGE('',*,*,#2182,.T.);
#2184=CARTESIAN_POINT('',(85.500000000000000,-5.000000000000341,19.364916731036999));
#2185=VERTEX_POINT('',#2184);
#2186=CARTESIAN_POINT('',(85.499999999999943,0.0,0.0));
#2187=DIRECTION('',(1.0,0.0,0.0));
#2188=DIRECTION('',(0.0,0.0,1.0));
#2189=AXIS2_PLACEMENT_3D('',#2186,#2187,#2188);
#2190=CIRCLE('',#2189,20.0);
#2191=EDGE_CURVE('',#2185,#2177,#2190,.T.);
#2192=ORIENTED_EDGE('',*,*,#2191,.F.);
#2193=CARTESIAN_POINT('',(87.0,-5.000000000000341,19.364916731036999));
#2194=VERTEX_POINT('',#2193);
#2195=CARTESIAN_POINT('',(87.0,-5.000000000000341,19.364916731036999));
#2196=DIRECTION('',(-1.0,0.0,0.0));
#2197=VECTOR('',#2196,1.500000000000000);
#2198=LINE('',#2195,#2197);
#2199=EDGE_CURVE('',#2194,#2185,#2198,.T.);
#2200=ORIENTED_EDGE('',*,*,#2199,.F.);
#2201=CARTESIAN_POINT('',(87.0,0.0,0.0));
#2202=DIRECTION('',(-1.0,0.0,0.0));
#2203=DIRECTION('',(0.0,-1.0,0.0));
#2204=AXIS2_PLACEMENT_3D('',#2201,#2202,#2203);
#2205=CIRCLE('',#2204,20.0);
#2206=EDGE_CURVE('',#2194,#2143,#2205,.T.);
#2207=ORIENTED_EDGE('',*,*,#2206,.T.);
#2208=EDGE_LOOP('',(#2149,#2158,#2166,#2175,#2183,#2192,#2200,#2207));
#2209=FACE_OUTER_BOUND('',#2208,.T.);
#2210=ADVANCED_FACE('',(#2209),#2139,.T.);
#2211=CARTESIAN_POINT('',(104.558565786490760,4.417261248348609,10.074115497840516));
#2212=DIRECTION('',(-1.0,0.0,0.0));
#2213=DIRECTION('',(0.0,-1.0,0.0));
#2214=AXIS2_PLACEMENT_3D('',#2211,#2212,#2213);
#2215=CYLINDRICAL_SURFACE('',#2214,1.499999999999979);
#2216=CARTESIAN_POINT('',(85.999999999999943,2.917261248348630,10.074115497840516));
#2217=VERTEX_POINT('',#2216);
#2218=CARTESIAN_POINT('',(86.999999999999943,2.917261248348630,10.074115497840516));
#2219=VERTEX_POINT('',#2218);
#2220=CARTESIAN_POINT('',(85.999999999999943,2.917261248348630,10.074115497840516));
#2221=DIRECTION('',(1.0,0.0,0.0));
#2222=VECTOR('',#2221,1.0);
#2223=LINE('',#2220,#2222);
#2224=EDGE_CURVE('',#2217,#2219,#2223,.T.);
#2225=ORIENTED_EDGE('',*,*,#2224,.F.);
#2226=CARTESIAN_POINT('',(85.999999999999943,5.019615054941596,11.447858520273336));
#2227=VERTEX_POINT('',#2226);
#2228=CARTESIAN_POINT('',(85.999999999999943,4.417261248348609,10.074115497840516));
#2229=DIRECTION('',(1.0,0.0,0.0));
#2230=DIRECTION('',(0.0,-1.0,0.0));
#2231=AXIS2_PLACEMENT_3D('',#2228,#2229,#2230);
#2232=CIRCLE('',#2231,1.499999999999979);
#2233=EDGE_CURVE('',#2227,#2217,#2232,.T.);
#2234=ORIENTED_EDGE('',*,*,#2233,.F.);
#2235=CARTESIAN_POINT('',(86.999999999999943,5.019615054941596,11.447858520273336));
#2236=VERTEX_POINT('',#2235);
#2237=CARTESIAN_POINT('',(86.999999999999943,5.019615054941596,11.447858520273336));
#2238=DIRECTION('',(-1.0,0.0,0.0));
#2239=VECTOR('',#2238,1.0);
#2240=LINE('',#2237,#2239);
#2241=EDGE_CURVE('',#2236,#2227,#2240,.T.);
#2242=ORIENTED_EDGE('',*,*,#2241,.F.);
#2243=CARTESIAN_POINT('',(86.999999999999943,4.417261248348609,10.074115497840516));
#2244=DIRECTION('',(-1.0,0.0,0.0));
#2245=DIRECTION('',(0.0,-1.0,0.0));
#2246=AXIS2_PLACEMENT_3D('',#2243,#2244,#2245);
#2247=CIRCLE('',#2246,1.499999999999979);
#2248=EDGE_CURVE('',#2219,#2236,#2247,.T.);
#2249=ORIENTED_EDGE('',*,*,#2248,.F.);
#2250=EDGE_LOOP('',(#2225,#2234,#2242,#2249));
#2251=FACE_OUTER_BOUND('',#2250,.T.);
#2252=ADVANCED_FACE('',(#2251),#2215,.F.);
#2253=CARTESIAN_POINT('',(104.558565786490760,10.074115497840808,4.417261248348041));
#2254=DIRECTION('',(-1.0,0.0,0.0));
#2255=DIRECTION('',(0.0,-1.0,0.0));
#2256=AXIS2_PLACEMENT_3D('',#2253,#2254,#2255);
#2257=CYLINDRICAL_SURFACE('',#2256,1.499999999999979);
#2258=CARTESIAN_POINT('',(86.999999999999943,11.574115497840786,4.417261248348041));
#2259=VERTEX_POINT('',#2258);
#2260=CARTESIAN_POINT('',(85.999999999999943,11.574115497840786,4.417261248348041));
#2261=VERTEX_POINT('',#2260);
#2262=CARTESIAN_POINT('',(86.999999999999943,11.574115497840786,4.417261248348041));
#2263=DIRECTION('',(-1.0,0.0,0.0));
#2264=VECTOR('',#2263,1.0);
#2265=LINE('',#2262,#2264);
#2266=EDGE_CURVE('',#2259,#2261,#2265,.T.);
#2267=ORIENTED_EDGE('',*,*,#2266,.F.);
#2268=CARTESIAN_POINT('',(86.999999999999943,11.447858520273599,5.019615054940978));
#2269=VERTEX_POINT('',#2268);
#2270=CARTESIAN_POINT('',(86.999999999999943,10.074115497840808,4.417261248348041));
#2271=DIRECTION('',(-1.0,0.0,0.0));
#2272=DIRECTION('',(0.0,-1.0,0.0));
#2273=AXIS2_PLACEMENT_3D('',#2270,#2271,#2272);
#2274=CIRCLE('',#2273,1.499999999999979);
#2275=EDGE_CURVE('',#2269,#2259,#2274,.T.);
#2276=ORIENTED_EDGE('',*,*,#2275,.F.);
#2277=CARTESIAN_POINT('',(85.999999999999943,11.447858520273599,5.019615054940978));
#2278=VERTEX_POINT('',#2277);
#2279=CARTESIAN_POINT('',(86.999999999999943,11.447858520273599,5.019615054940978));
#2280=DIRECTION('',(-1.0,0.0,0.0));
#2281=VECTOR('',#2280,1.0);
#2282=LINE('',#2279,#2281);
#2283=EDGE_CURVE('',#2269,#2278,#2282,.T.);
#2284=ORIENTED_EDGE('',*,*,#2283,.T.);
#2285=CARTESIAN_POINT('',(85.999999999999943,10.074115497840808,4.417261248348041));
#2286=DIRECTION('',(1.0,0.0,0.0));
#2287=DIRECTION('',(0.0,-1.0,0.0));
#2288=AXIS2_PLACEMENT_3D('',#2285,#2286,#2287);
#2289=CIRCLE('',#2288,1.499999999999979);
#2290=EDGE_CURVE('',#2261,#2278,#2289,.T.);
#2291=ORIENTED_EDGE('',*,*,#2290,.F.);
#2292=EDGE_LOOP('',(#2267,#2276,#2284,#2291));
#2293=FACE_OUTER_BOUND('',#2292,.T.);
#2294=ADVANCED_FACE('',(#2293),#2257,.F.);
#2295=CARTESIAN_POINT('',(104.558565786490760,0.0,10.999999999999993));
#2296=DIRECTION('',(-1.0,0.0,0.0));
#2297=DIRECTION('',(0.0,-1.0,0.0));
#2298=AXIS2_PLACEMENT_3D('',#2295,#2296,#2297);
#2299=CYLINDRICAL_SURFACE('',#2298,1.250000000000000);
#2300=CARTESIAN_POINT('',(85.999999999999943,-1.250000000000000,10.999999999999993));
#2301=VERTEX_POINT('',#2300);
#2302=CARTESIAN_POINT('',(86.999999999999943,-1.250000000000000,10.999999999999993));
#2303=VERTEX_POINT('',#2302);
#2304=CARTESIAN_POINT('',(85.999999999999943,-1.250000000000000,10.999999999999993));
#2305=DIRECTION('',(1.0,0.0,0.0));
#2306=VECTOR('',#2305,1.0);
#2307=LINE('',#2304,#2306);
#2308=EDGE_CURVE('',#2301,#2303,#2307,.T.);
#2309=ORIENTED_EDGE('',*,*,#2308,.F.);
#2310=CARTESIAN_POINT('',(85.999999999999943,1.250000000000000,10.999999999999993));
#2311=VERTEX_POINT('',#2310);
#2312=CARTESIAN_POINT('',(85.999999999999943,0.0,10.999999999999993));
#2313=DIRECTION('',(1.0,0.0,0.0));
#2314=DIRECTION('',(0.0,-1.0,0.0));
#2315=AXIS2_PLACEMENT_3D('',#2312,#2313,#2314);
#2316=CIRCLE('',#2315,1.250000000000000);
#2317=EDGE_CURVE('',#2311,#2301,#2316,.T.);
#2318=ORIENTED_EDGE('',*,*,#2317,.F.);
#2319=CARTESIAN_POINT('',(86.999999999999943,1.250000000000000,10.999999999999993));
#2320=VERTEX_POINT('',#2319);
#2321=CARTESIAN_POINT('',(86.999999999999943,1.250000000000000,10.999999999999993));
#2322=DIRECTION('',(-1.0,0.0,0.0));
#2323=VECTOR('',#2322,1.0);
#2324=LINE('',#2321,#2323);
#2325=EDGE_CURVE('',#2320,#2311,#2324,.T.);
#2326=ORIENTED_EDGE('',*,*,#2325,.F.);
#2327=CARTESIAN_POINT('',(86.999999999999943,0.0,10.999999999999993));
#2328=DIRECTION('',(-1.0,0.0,0.0));
#2329=DIRECTION('',(0.0,-1.0,0.0));
#2330=AXIS2_PLACEMENT_3D('',#2327,#2328,#2329);
#2331=CIRCLE('',#2330,1.250000000000000);
#2332=EDGE_CURVE('',#2303,#2320,#2331,.T.);
#2333=ORIENTED_EDGE('',*,*,#2332,.F.);
#2334=EDGE_LOOP('',(#2309,#2318,#2326,#2333));
#2335=FACE_OUTER_BOUND('',#2334,.T.);
#2336=ADVANCED_FACE('',(#2335),#2299,.F.);
#2337=CARTESIAN_POINT('',(104.558565786490760,-4.417261248348950,-10.074115497840751));
#2338=DIRECTION('',(-1.0,0.0,0.0));
#2339=DIRECTION('',(0.0,-1.0,0.0));
#2340=AXIS2_PLACEMENT_3D('',#2337,#2338,#2339);
#2341=CYLINDRICAL_SURFACE('',#2340,1.499999999999979);
#2342=CARTESIAN_POINT('',(86.999999999999943,-2.917261248348972,-10.074115497840751));
#2343=VERTEX_POINT('',#2342);
#2344=CARTESIAN_POINT('',(85.999999999999943,-2.917261248348972,-10.074115497840751));
#2345=VERTEX_POINT('',#2344);
#2346=CARTESIAN_POINT('',(86.999999999999943,-2.917261248348972,-10.074115497840751));
#2347=DIRECTION('',(-1.0,0.0,0.0));
#2348=VECTOR('',#2347,1.0);
#2349=LINE('',#2346,#2348);
#2350=EDGE_CURVE('',#2343,#2345,#2349,.T.);
#2351=ORIENTED_EDGE('',*,*,#2350,.F.);
#2352=CARTESIAN_POINT('',(86.999999999999943,-3.814907441755963,-8.700372475407924));
#2353=VERTEX_POINT('',#2352);
#2354=CARTESIAN_POINT('',(86.999999999999943,-4.417261248348950,-10.074115497840751));
#2355=DIRECTION('',(-1.0,0.0,0.0));
#2356=DIRECTION('',(0.0,-1.0,0.0));
#2357=AXIS2_PLACEMENT_3D('',#2354,#2355,#2356);
#2358=CIRCLE('',#2357,1.499999999999979);
#2359=EDGE_CURVE('',#2353,#2343,#2358,.T.);
#2360=ORIENTED_EDGE('',*,*,#2359,.F.);
#2361=CARTESIAN_POINT('',(85.999999999999943,-3.814907441755963,-8.700372475407924));
#2362=VERTEX_POINT('',#2361);
#2363=CARTESIAN_POINT('',(86.999999999999943,-3.814907441755963,-8.700372475407924));
#2364=DIRECTION('',(-1.0,0.0,0.0));
#2365=VECTOR('',#2364,1.0);
#2366=LINE('',#2363,#2365);
#2367=EDGE_CURVE('',#2353,#2362,#2366,.T.);
#2368=ORIENTED_EDGE('',*,*,#2367,.T.);
#2369=CARTESIAN_POINT('',(85.999999999999943,-4.417261248348950,-10.074115497840751));
#2370=DIRECTION('',(1.0,0.0,0.0));
#2371=DIRECTION('',(0.0,-1.0,0.0));
#2372=AXIS2_PLACEMENT_3D('',#2369,#2370,#2371);
#2373=CIRCLE('',#2372,1.499999999999979);
#2374=EDGE_CURVE('',#2345,#2362,#2373,.T.);
#2375=ORIENTED_EDGE('',*,*,#2374,.F.);
#2376=EDGE_LOOP('',(#2351,#2360,#2368,#2375));
#2377=FACE_OUTER_BOUND('',#2376,.T.);
#2378=ADVANCED_FACE('',(#2377),#2341,.F.);
#2379=CARTESIAN_POINT('',(104.558565786490760,-10.074115497841149,-4.417261248348211));
#2380=DIRECTION('',(-1.0,0.0,0.0));
#2381=DIRECTION('',(0.0,-1.0,0.0));
#2382=AXIS2_PLACEMENT_3D('',#2379,#2380,#2381);
#2383=CYLINDRICAL_SURFACE('',#2382,1.499999999999979);
#2384=CARTESIAN_POINT('',(85.999999999999943,-11.574115497841127,-4.417261248348211));
#2385=VERTEX_POINT('',#2384);
#2386=CARTESIAN_POINT('',(86.999999999999943,-11.574115497841127,-4.417261248348211));
#2387=VERTEX_POINT('',#2386);
#2388=CARTESIAN_POINT('',(85.999999999999943,-11.574115497841127,-4.417261248348211));
#2389=DIRECTION('',(1.0,0.0,0.0));
#2390=VECTOR('',#2389,1.0);
#2391=LINE('',#2388,#2390);
#2392=EDGE_CURVE('',#2385,#2387,#2391,.T.);
#2393=ORIENTED_EDGE('',*,*,#2392,.F.);
#2394=CARTESIAN_POINT('',(85.999999999999943,-8.700372475408358,-3.814907441755238));
#2395=VERTEX_POINT('',#2394);
#2396=CARTESIAN_POINT('',(85.999999999999943,-10.074115497841149,-4.417261248348211));
#2397=DIRECTION('',(1.0,0.0,0.0));
#2398=DIRECTION('',(0.0,-1.0,0.0));
#2399=AXIS2_PLACEMENT_3D('',#2396,#2397,#2398);
#2400=CIRCLE('',#2399,1.499999999999979);
#2401=EDGE_CURVE('',#2395,#2385,#2400,.T.);
#2402=ORIENTED_EDGE('',*,*,#2401,.F.);
#2403=CARTESIAN_POINT('',(86.999999999999943,-8.700372475408358,-3.814907441755238));
#2404=VERTEX_POINT('',#2403);
#2405=CARTESIAN_POINT('',(86.999999999999943,-8.700372475408358,-3.814907441755238));
#2406=DIRECTION('',(-1.0,0.0,0.0));
#2407=VECTOR('',#2406,1.0);
#2408=LINE('',#2405,#2407);
#2409=EDGE_CURVE('',#2404,#2395,#2408,.T.);
#2410=ORIENTED_EDGE('',*,*,#2409,.F.);
#2411=CARTESIAN_POINT('',(86.999999999999943,-10.074115497841149,-4.417261248348211));
#2412=DIRECTION('',(-1.0,0.0,0.0));
#2413=DIRECTION('',(0.0,-1.0,0.0));
#2414=AXIS2_PLACEMENT_3D('',#2411,#2412,#2413);
#2415=CIRCLE('',#2414,1.499999999999979);
#2416=EDGE_CURVE('',#2387,#2404,#2415,.T.);
#2417=ORIENTED_EDGE('',*,*,#2416,.F.);
#2418=EDGE_LOOP('',(#2393,#2402,#2410,#2417));
#2419=FACE_OUTER_BOUND('',#2418,.T.);
#2420=ADVANCED_FACE('',(#2419),#2383,.F.);
#2421=CARTESIAN_POINT('',(104.558565786490760,0.0,-11.0));
#2422=DIRECTION('',(-1.0,0.0,0.0));
#2423=DIRECTION('',(0.0,-1.0,0.0));
#2424=AXIS2_PLACEMENT_3D('',#2421,#2422,#2423);
#2425=CYLINDRICAL_SURFACE('',#2424,1.250000000000000);
#2426=CARTESIAN_POINT('',(85.999999999999943,-1.250000000000000,-11.0));
#2427=VERTEX_POINT('',#2426);
#2428=CARTESIAN_POINT('',(86.999999999999943,-1.250000000000000,-11.0));
#2429=VERTEX_POINT('',#2428);
#2430=CARTESIAN_POINT('',(85.999999999999943,-1.250000000000000,-11.0));
#2431=DIRECTION('',(1.0,0.0,0.0));
#2432=VECTOR('',#2431,1.0);
#2433=LINE('',#2430,#2432);
#2434=EDGE_CURVE('',#2427,#2429,#2433,.T.);
#2435=ORIENTED_EDGE('',*,*,#2434,.F.);
#2436=CARTESIAN_POINT('',(85.999999999999943,1.250000000000000,-11.0));
#2437=VERTEX_POINT('',#2436);
#2438=CARTESIAN_POINT('',(85.999999999999943,0.0,-11.0));
#2439=DIRECTION('',(1.0,0.0,0.0));
#2440=DIRECTION('',(0.0,-1.0,0.0));
#2441=AXIS2_PLACEMENT_3D('',#2438,#2439,#2440);
#2442=CIRCLE('',#2441,1.250000000000000);
#2443=EDGE_CURVE('',#2437,#2427,#2442,.T.);
#2444=ORIENTED_EDGE('',*,*,#2443,.F.);
#2445=CARTESIAN_POINT('',(86.999999999999943,1.250000000000000,-11.0));
#2446=VERTEX_POINT('',#2445);
#2447=CARTESIAN_POINT('',(86.999999999999943,1.250000000000000,-11.0));
#2448=DIRECTION('',(-1.0,0.0,0.0));
#2449=VECTOR('',#2448,1.0);
#2450=LINE('',#2447,#2449);
#2451=EDGE_CURVE('',#2446,#2437,#2450,.T.);
#2452=ORIENTED_EDGE('',*,*,#2451,.F.);
#2453=CARTESIAN_POINT('',(86.999999999999943,0.0,-11.0));
#2454=DIRECTION('',(-1.0,0.0,0.0));
#2455=DIRECTION('',(0.0,-1.0,0.0));
#2456=AXIS2_PLACEMENT_3D('',#2453,#2454,#2455);
#2457=CIRCLE('',#2456,1.250000000000000);
#2458=EDGE_CURVE('',#2429,#2446,#2457,.T.);
#2459=ORIENTED_EDGE('',*,*,#2458,.F.);
#2460=EDGE_LOOP('',(#2435,#2444,#2452,#2459));
#2461=FACE_OUTER_BOUND('',#2460,.T.);
#2462=ADVANCED_FACE('',(#2461),#2425,.F.);
#2463=CARTESIAN_POINT('',(104.558565786490760,10.074115497840580,-4.417261248349007));
#2464=DIRECTION('',(-1.0,0.0,0.0));
#2465=DIRECTION('',(0.0,-1.0,0.0));
#2466=AXIS2_PLACEMENT_3D('',#2463,#2464,#2465);
#2467=CYLINDRICAL_SURFACE('',#2466,1.499999999999979);
#2468=CARTESIAN_POINT('',(86.999999999999943,11.574115497840559,-4.417261248349007));
#2469=VERTEX_POINT('',#2468);
#2470=CARTESIAN_POINT('',(85.999999999999943,11.574115497840559,-4.417261248349007));
#2471=VERTEX_POINT('',#2470);
#2472=CARTESIAN_POINT('',(86.999999999999943,11.574115497840559,-4.417261248349007));
#2473=DIRECTION('',(-1.0,0.0,0.0));
#2474=VECTOR('',#2473,1.0);
#2475=LINE('',#2472,#2474);
#2476=EDGE_CURVE('',#2469,#2471,#2475,.T.);
#2477=ORIENTED_EDGE('',*,*,#2476,.F.);
#2478=CARTESIAN_POINT('',(86.999999999999943,8.700372475407789,-3.814907441755899));
#2479=VERTEX_POINT('',#2478);
#2480=CARTESIAN_POINT('',(86.999999999999943,10.074115497840580,-4.417261248349007));
#2481=DIRECTION('',(-1.0,0.0,0.0));
#2482=DIRECTION('',(0.0,-1.0,0.0));
#2483=AXIS2_PLACEMENT_3D('',#2480,#2481,#2482);
#2484=CIRCLE('',#2483,1.499999999999979);
#2485=EDGE_CURVE('',#2479,#2469,#2484,.T.);
#2486=ORIENTED_EDGE('',*,*,#2485,.F.);
#2487=CARTESIAN_POINT('',(85.999999999999943,8.700372475407789,-3.814907441755899));
#2488=VERTEX_POINT('',#2487);
#2489=CARTESIAN_POINT('',(86.999999999999943,8.700372475407789,-3.814907441755899));
#2490=DIRECTION('',(-1.0,0.0,0.0));
#2491=VECTOR('',#2490,1.0);
#2492=LINE('',#2489,#2491);
#2493=EDGE_CURVE('',#2479,#2488,#2492,.T.);
#2494=ORIENTED_EDGE('',*,*,#2493,.T.);
#2495=CARTESIAN_POINT('',(85.999999999999943,10.074115497840580,-4.417261248349007));
#2496=DIRECTION('',(1.0,0.0,0.0));
#2497=DIRECTION('',(0.0,-1.0,0.0));
#2498=AXIS2_PLACEMENT_3D('',#2495,#2496,#2497);
#2499=CIRCLE('',#2498,1.499999999999979);
#2500=EDGE_CURVE('',#2471,#2488,#2499,.T.);
#2501=ORIENTED_EDGE('',*,*,#2500,.F.);
#2502=EDGE_LOOP('',(#2477,#2486,#2494,#2501));
#2503=FACE_OUTER_BOUND('',#2502,.T.);
#2504=ADVANCED_FACE('',(#2503),#2467,.F.);
#2505=CARTESIAN_POINT('',(104.558565786490760,4.417261248348041,-10.074115497841206));
#2506=DIRECTION('',(-1.0,0.0,0.0));
#2507=DIRECTION('',(0.0,-1.0,0.0));
#2508=AXIS2_PLACEMENT_3D('',#2505,#2506,#2507);
#2509=CYLINDRICAL_SURFACE('',#2508,1.499999999999979);
#2510=CARTESIAN_POINT('',(85.999999999999943,2.917261248348062,-10.074115497841206));
#2511=VERTEX_POINT('',#2510);
#2512=CARTESIAN_POINT('',(86.999999999999943,2.917261248348062,-10.074115497841206));
#2513=VERTEX_POINT('',#2512);
#2514=CARTESIAN_POINT('',(85.999999999999943,2.917261248348062,-10.074115497841206));
#2515=DIRECTION('',(1.0,0.0,0.0));
#2516=VECTOR('',#2515,1.0);
#2517=LINE('',#2514,#2516);
#2518=EDGE_CURVE('',#2511,#2513,#2517,.T.);
#2519=ORIENTED_EDGE('',*,*,#2518,.F.);
#2520=CARTESIAN_POINT('',(85.999999999999943,3.814907441755054,-8.700372475408372));
#2521=VERTEX_POINT('',#2520);
#2522=CARTESIAN_POINT('',(85.999999999999943,4.417261248348041,-10.074115497841206));
#2523=DIRECTION('',(1.0,0.0,0.0));
#2524=DIRECTION('',(0.0,-1.0,0.0));
#2525=AXIS2_PLACEMENT_3D('',#2522,#2523,#2524);
#2526=CIRCLE('',#2525,1.499999999999979);
#2527=EDGE_CURVE('',#2521,#2511,#2526,.T.);
#2528=ORIENTED_EDGE('',*,*,#2527,.F.);
#2529=CARTESIAN_POINT('',(86.999999999999943,3.814907441755054,-8.700372475408372));
#2530=VERTEX_POINT('',#2529);
#2531=CARTESIAN_POINT('',(86.999999999999943,3.814907441755054,-8.700372475408372));
#2532=DIRECTION('',(-1.0,0.0,0.0));
#2533=VECTOR('',#2532,1.0);
#2534=LINE('',#2531,#2533);
#2535=EDGE_CURVE('',#2530,#2521,#2534,.T.);
#2536=ORIENTED_EDGE('',*,*,#2535,.F.);
#2537=CARTESIAN_POINT('',(86.999999999999943,4.417261248348041,-10.074115497841206));
#2538=DIRECTION('',(-1.0,0.0,0.0));
#2539=DIRECTION('',(0.0,-1.0,0.0));
#2540=AXIS2_PLACEMENT_3D('',#2537,#2538,#2539);
#2541=CIRCLE('',#2540,1.499999999999979);
#2542=EDGE_CURVE('',#2513,#2530,#2541,.T.);
#2543=ORIENTED_EDGE('',*,*,#2542,.F.);
#2544=EDGE_LOOP('',(#2519,#2528,#2536,#2543));
#2545=FACE_OUTER_BOUND('',#2544,.T.);
#2546=ADVANCED_FACE('',(#2545),#2509,.F.);
#2547=CARTESIAN_POINT('',(104.558565786490760,-10.074115497840921,4.417261248348723));
#2548=DIRECTION('',(-1.0,0.0,0.0));
#2549=DIRECTION('',(0.0,-1.0,0.0));
#2550=AXIS2_PLACEMENT_3D('',#2547,#2548,#2549);
#2551=CYLINDRICAL_SURFACE('',#2550,1.499999999999979);
#2552=CARTESIAN_POINT('',(85.999999999999943,-11.574115497840900,4.417261248348723));
#2553=VERTEX_POINT('',#2552);
#2554=CARTESIAN_POINT('',(86.999999999999943,-11.574115497840900,4.417261248348723));
#2555=VERTEX_POINT('',#2554);
#2556=CARTESIAN_POINT('',(85.999999999999943,-11.574115497840900,4.417261248348723));
#2557=DIRECTION('',(1.0,0.0,0.0));
#2558=VECTOR('',#2557,1.0);
#2559=LINE('',#2556,#2558);
#2560=EDGE_CURVE('',#2553,#2555,#2559,.T.);
#2561=ORIENTED_EDGE('',*,*,#2560,.F.);
#2562=CARTESIAN_POINT('',(85.999999999999943,-11.447858520273599,5.019615054941845));
#2563=VERTEX_POINT('',#2562);
#2564=CARTESIAN_POINT('',(85.999999999999943,-10.074115497840921,4.417261248348723));
#2565=DIRECTION('',(1.0,0.0,0.0));
#2566=DIRECTION('',(0.0,-1.0,0.0));
#2567=AXIS2_PLACEMENT_3D('',#2564,#2565,#2566);
#2568=CIRCLE('',#2567,1.499999999999979);
#2569=EDGE_CURVE('',#2563,#2553,#2568,.T.);
#2570=ORIENTED_EDGE('',*,*,#2569,.F.);
#2571=CARTESIAN_POINT('',(86.999999999999943,-11.447858520273599,5.019615054941845));
#2572=VERTEX_POINT('',#2571);
#2573=CARTESIAN_POINT('',(86.999999999999943,-11.447858520273599,5.019615054941845));
#2574=DIRECTION('',(-1.0,0.0,0.0));
#2575=VECTOR('',#2574,1.0);
#2576=LINE('',#2573,#2575);
#2577=EDGE_CURVE('',#2572,#2563,#2576,.T.);
#2578=ORIENTED_EDGE('',*,*,#2577,.F.);
#2579=CARTESIAN_POINT('',(86.999999999999943,-10.074115497840921,4.417261248348723));
#2580=DIRECTION('',(-1.0,0.0,0.0));
#2581=DIRECTION('',(0.0,-1.0,0.0));
#2582=AXIS2_PLACEMENT_3D('',#2579,#2580,#2581);
#2583=CIRCLE('',#2582,1.499999999999979);
#2584=EDGE_CURVE('',#2555,#2572,#2583,.T.);
#2585=ORIENTED_EDGE('',*,*,#2584,.F.);
#2586=EDGE_LOOP('',(#2561,#2570,#2578,#2585));
#2587=FACE_OUTER_BOUND('',#2586,.T.);
#2588=ADVANCED_FACE('',(#2587),#2551,.F.);
#2589=CARTESIAN_POINT('',(104.558565786490760,-4.417261248348268,10.074115497840971));
#2590=DIRECTION('',(-1.0,0.0,0.0));
#2591=DIRECTION('',(0.0,-1.0,0.0));
#2592=AXIS2_PLACEMENT_3D('',#2589,#2590,#2591);
#2593=CYLINDRICAL_SURFACE('',#2592,1.499999999999979);
#2594=CARTESIAN_POINT('',(86.999999999999943,-2.917261248348289,10.074115497840971));
#2595=VERTEX_POINT('',#2594);
#2596=CARTESIAN_POINT('',(85.999999999999943,-2.917261248348289,10.074115497840971));
#2597=VERTEX_POINT('',#2596);
#2598=CARTESIAN_POINT('',(86.999999999999943,-2.917261248348289,10.074115497840971));
#2599=DIRECTION('',(-1.0,0.0,0.0));
#2600=VECTOR('',#2599,1.0);
#2601=LINE('',#2598,#2600);
#2602=EDGE_CURVE('',#2595,#2597,#2601,.T.);
#2603=ORIENTED_EDGE('',*,*,#2602,.F.);
#2604=CARTESIAN_POINT('',(86.999999999999943,-5.019615054941255,11.447858520273876));
#2605=VERTEX_POINT('',#2604);
#2606=CARTESIAN_POINT('',(86.999999999999943,-4.417261248348268,10.074115497840971));
#2607=DIRECTION('',(-1.0,0.0,0.0));
#2608=DIRECTION('',(0.0,-1.0,0.0));
#2609=AXIS2_PLACEMENT_3D('',#2606,#2607,#2608);
#2610=CIRCLE('',#2609,1.499999999999979);
#2611=EDGE_CURVE('',#2605,#2595,#2610,.T.);
#2612=ORIENTED_EDGE('',*,*,#2611,.F.);
#2613=CARTESIAN_POINT('',(85.999999999999943,-5.019615054941255,11.447858520273876));
#2614=VERTEX_POINT('',#2613);
#2615=CARTESIAN_POINT('',(86.999999999999943,-5.019615054941255,11.447858520273876));
#2616=DIRECTION('',(-1.0,0.0,0.0));
#2617=VECTOR('',#2616,1.0);
#2618=LINE('',#2615,#2617);
#2619=EDGE_CURVE('',#2605,#2614,#2618,.T.);
#2620=ORIENTED_EDGE('',*,*,#2619,.T.);
#2621=CARTESIAN_POINT('',(85.999999999999943,-4.417261248348268,10.074115497840971));
#2622=DIRECTION('',(1.0,0.0,0.0));
#2623=DIRECTION('',(0.0,-1.0,0.0));
#2624=AXIS2_PLACEMENT_3D('',#2621,#2622,#2623);
#2625=CIRCLE('',#2624,1.499999999999979);
#2626=EDGE_CURVE('',#2597,#2614,#2625,.T.);
#2627=ORIENTED_EDGE('',*,*,#2626,.F.);
#2628=EDGE_LOOP('',(#2603,#2612,#2620,#2627));
#2629=FACE_OUTER_BOUND('',#2628,.T.);
#2630=ADVANCED_FACE('',(#2629),#2593,.F.);
#2631=CARTESIAN_POINT('',(86.500000000000000,-9.500000000000114,-14.097872179871633));
#2632=DIRECTION('',(-1.0,0.0,0.0));
#2633=DIRECTION('',(0.0,-1.0,0.0));
#2634=AXIS2_PLACEMENT_3D('',#2631,#2632,#2633);
#2635=CYLINDRICAL_SURFACE('',#2634,1.250000000000000);
#2636=CARTESIAN_POINT('',(86.500000000000000,-10.750000000000114,-14.097872179871633));
#2637=VERTEX_POINT('',#2636);
#2638=CARTESIAN_POINT('',(85.500000000000000,-10.750000000000114,-14.097872179871633));
#2639=VERTEX_POINT('',#2638);
#2640=CARTESIAN_POINT('',(86.500000000000000,-10.750000000000114,-14.097872179871633));
#2641=DIRECTION('',(-1.0,0.0,0.0));
#2642=VECTOR('',#2641,1.0);
#2643=LINE('',#2640,#2642);
#2644=EDGE_CURVE('',#2637,#2639,#2643,.T.);
#2645=ORIENTED_EDGE('',*,*,#2644,.F.);
#2646=CARTESIAN_POINT('',(86.500000000000000,-8.250000000000114,-14.097872179871633));
#2647=VERTEX_POINT('',#2646);
#2648=CARTESIAN_POINT('',(86.500000000000000,-9.500000000000114,-14.097872179871633));
#2649=DIRECTION('',(-1.0,0.0,0.0));
#2650=DIRECTION('',(0.0,-1.0,0.0));
#2651=AXIS2_PLACEMENT_3D('',#2648,#2649,#2650);
#2652=CIRCLE('',#2651,1.250000000000000);
#2653=EDGE_CURVE('',#2637,#2647,#2652,.T.);
#2654=ORIENTED_EDGE('',*,*,#2653,.T.);
#2655=CARTESIAN_POINT('',(85.499999999999943,-8.250000000000114,-14.097872179871633));
#2656=VERTEX_POINT('',#2655);
#2657=CARTESIAN_POINT('',(85.499999999999943,-8.250000000000114,-14.097872179871633));
#2658=DIRECTION('',(1.0,0.0,0.0));
#2659=VECTOR('',#2658,1.000000000000057);
#2660=LINE('',#2657,#2659);
#2661=EDGE_CURVE('',#2656,#2647,#2660,.T.);
#2662=ORIENTED_EDGE('',*,*,#2661,.F.);
#2663=CARTESIAN_POINT('',(85.499999999999943,-9.500000000000114,-14.097872179871633));
#2664=DIRECTION('',(-1.0,0.0,0.0));
#2665=DIRECTION('',(0.0,-1.0,0.0));
#2666=AXIS2_PLACEMENT_3D('',#2663,#2664,#2665);
#2667=CIRCLE('',#2666,1.250000000000000);
#2668=EDGE_CURVE('',#2639,#2656,#2667,.T.);
#2669=ORIENTED_EDGE('',*,*,#2668,.F.);
#2670=EDGE_LOOP('',(#2645,#2654,#2662,#2669));
#2671=FACE_OUTER_BOUND('',#2670,.T.);
#2672=ADVANCED_FACE('',(#2671),#2635,.T.);
#2673=CARTESIAN_POINT('',(92.500000000000000,-2.273737E-013,-17.800000000000058));
#2674=DIRECTION('',(0.0,0.0,1.0));
#2675=DIRECTION('',(1.0,0.0,0.0));
#2676=AXIS2_PLACEMENT_3D('',#2673,#2674,#2675);
#2677=CYLINDRICAL_SURFACE('',#2676,1.0);
#2678=CARTESIAN_POINT('',(91.500000000000000,-2.272512E-013,-17.000000000000057));
#2679=VERTEX_POINT('',#2678);
#2680=CARTESIAN_POINT('',(91.500000000000000,-2.272512E-013,-17.800000000000058));
#2681=VERTEX_POINT('',#2680);
#2682=CARTESIAN_POINT('',(91.500000000000000,-2.272512E-013,-17.000000000000057));
#2683=DIRECTION('',(0.0,0.0,-1.0));
#2684=VECTOR('',#2683,0.800000000000001);
#2685=LINE('',#2682,#2684);
#2686=EDGE_CURVE('',#2679,#2681,#2685,.T.);
#2687=ORIENTED_EDGE('',*,*,#2686,.F.);
#2688=CARTESIAN_POINT('',(92.500000000000000,-1.000000000000227,-17.000000000000057));
#2689=VERTEX_POINT('',#2688);
#2690=CARTESIAN_POINT('',(92.500000000000000,-2.273737E-013,-17.000000000000057));
#2691=DIRECTION('',(0.0,0.0,1.0));
#2692=DIRECTION('',(1.0,0.0,0.0));
#2693=AXIS2_PLACEMENT_3D('',#2690,#2691,#2692);
#2694=CIRCLE('',#2693,1.0);
#2695=EDGE_CURVE('',#2679,#2689,#2694,.T.);
#2696=ORIENTED_EDGE('',*,*,#2695,.T.);
#2697=CARTESIAN_POINT('',(92.500000000000000,-1.000000000000227,-17.800000000000058));
#2698=VERTEX_POINT('',#2697);
#2699=CARTESIAN_POINT('',(92.500000000000000,-1.000000000000227,-17.800000000000058));
#2700=DIRECTION('',(0.0,0.0,1.0));
#2701=VECTOR('',#2700,0.800000000000001);
#2702=LINE('',#2699,#2701);
#2703=EDGE_CURVE('',#2698,#2689,#2702,.T.);
#2704=ORIENTED_EDGE('',*,*,#2703,.F.);
#2705=CARTESIAN_POINT('',(92.500000000000000,-2.273737E-013,-17.800000000000058));
#2706=DIRECTION('',(0.0,0.0,-1.0));
#2707=DIRECTION('',(1.0,0.0,0.0));
#2708=AXIS2_PLACEMENT_3D('',#2705,#2706,#2707);
#2709=CIRCLE('',#2708,1.0);
#2710=EDGE_CURVE('',#2698,#2681,#2709,.T.);
#2711=ORIENTED_EDGE('',*,*,#2710,.T.);
#2712=EDGE_LOOP('',(#2687,#2696,#2704,#2711));
#2713=FACE_OUTER_BOUND('',#2712,.T.);
#2714=ADVANCED_FACE('',(#2713),#2677,.F.);
#2715=CARTESIAN_POINT('',(93.500000000000000,-2.273737E-013,-17.800000000000058));
#2716=DIRECTION('',(0.0,0.0,1.0));
#2717=DIRECTION('',(1.0,0.0,0.0));
#2718=AXIS2_PLACEMENT_3D('',#2715,#2716,#2717);
#2719=CYLINDRICAL_SURFACE('',#2718,1.0);
#2720=CARTESIAN_POINT('',(94.500000000000000,-2.274961E-013,-17.800000000000058));
#2721=VERTEX_POINT('',#2720);
#2722=CARTESIAN_POINT('',(94.500000000000000,-2.274961E-013,-17.000000000000057));
#2723=VERTEX_POINT('',#2722);
#2724=CARTESIAN_POINT('',(94.500000000000000,-2.274961E-013,-17.800000000000058));
#2725=DIRECTION('',(0.0,0.0,1.0));
#2726=VECTOR('',#2725,0.800000000000001);
#2727=LINE('',#2724,#2726);
#2728=EDGE_CURVE('',#2721,#2723,#2727,.T.);
#2729=ORIENTED_EDGE('',*,*,#2728,.F.);
#2730=CARTESIAN_POINT('',(93.500000000000000,-1.000000000000227,-17.800000000000058));
#2731=VERTEX_POINT('',#2730);
#2732=CARTESIAN_POINT('',(93.500000000000000,-2.273737E-013,-17.800000000000058));
#2733=DIRECTION('',(0.0,0.0,-1.0));
#2734=DIRECTION('',(1.0,0.0,0.0));
#2735=AXIS2_PLACEMENT_3D('',#2732,#2733,#2734);
#2736=CIRCLE('',#2735,1.0);
#2737=EDGE_CURVE('',#2721,#2731,#2736,.T.);
#2738=ORIENTED_EDGE('',*,*,#2737,.T.);
#2739=CARTESIAN_POINT('',(93.500000000000000,-1.000000000000227,-17.000000000000057));
#2740=VERTEX_POINT('',#2739);
#2741=CARTESIAN_POINT('',(93.500000000000000,-1.000000000000227,-17.800000000000058));
#2742=DIRECTION('',(0.0,0.0,1.0));
#2743=VECTOR('',#2742,0.800000000000001);
#2744=LINE('',#2741,#2743);
#2745=EDGE_CURVE('',#2731,#2740,#2744,.T.);
#2746=ORIENTED_EDGE('',*,*,#2745,.T.);
#2747=CARTESIAN_POINT('',(93.500000000000000,-2.273737E-013,-17.000000000000057));
#2748=DIRECTION('',(0.0,0.0,1.0));
#2749=DIRECTION('',(1.0,0.0,0.0));
#2750=AXIS2_PLACEMENT_3D('',#2747,#2748,#2749);
#2751=CIRCLE('',#2750,1.0);
#2752=EDGE_CURVE('',#2740,#2723,#2751,.T.);
#2753=ORIENTED_EDGE('',*,*,#2752,.T.);
#2754=EDGE_LOOP('',(#2729,#2738,#2746,#2753));
#2755=FACE_OUTER_BOUND('',#2754,.T.);
#2756=ADVANCED_FACE('',(#2755),#2719,.F.);
#2757=CARTESIAN_POINT('',(86.500000000000000,9.500000000000114,-14.097872179872255));
#2758=DIRECTION('',(-1.0,0.0,0.0));
#2759=DIRECTION('',(0.0,-1.0,0.0));
#2760=AXIS2_PLACEMENT_3D('',#2757,#2758,#2759);
#2761=CYLINDRICAL_SURFACE('',#2760,1.250000000000000);
#2762=CARTESIAN_POINT('',(86.500000000000000,8.250000000000114,-14.097872179872255));
#2763=VERTEX_POINT('',#2762);
#2764=CARTESIAN_POINT('',(85.500000000000000,8.250000000000114,-14.097872179872255));
#2765=VERTEX_POINT('',#2764);
#2766=CARTESIAN_POINT('',(86.500000000000000,8.250000000000114,-14.097872179872255));
#2767=DIRECTION('',(-1.0,0.0,0.0));
#2768=VECTOR('',#2767,1.0);
#2769=LINE('',#2766,#2768);
#2770=EDGE_CURVE('',#2763,#2765,#2769,.T.);
#2771=ORIENTED_EDGE('',*,*,#2770,.F.);
#2772=CARTESIAN_POINT('',(86.500000000000000,10.750000000000114,-14.097872179872255));
#2773=VERTEX_POINT('',#2772);
#2774=CARTESIAN_POINT('',(86.500000000000000,9.500000000000114,-14.097872179872255));
#2775=DIRECTION('',(-1.0,0.0,0.0));
#2776=DIRECTION('',(0.0,-1.0,0.0));
#2777=AXIS2_PLACEMENT_3D('',#2774,#2775,#2776);
#2778=CIRCLE('',#2777,1.250000000000000);
#2779=EDGE_CURVE('',#2763,#2773,#2778,.T.);
#2780=ORIENTED_EDGE('',*,*,#2779,.T.);
#2781=CARTESIAN_POINT('',(85.499999999999943,10.750000000000114,-14.097872179872255));
#2782=VERTEX_POINT('',#2781);
#2783=CARTESIAN_POINT('',(85.499999999999943,10.750000000000114,-14.097872179872255));
#2784=DIRECTION('',(1.0,0.0,0.0));
#2785=VECTOR('',#2784,1.000000000000057);
#2786=LINE('',#2783,#2785);
#2787=EDGE_CURVE('',#2782,#2773,#2786,.T.);
#2788=ORIENTED_EDGE('',*,*,#2787,.F.);
#2789=CARTESIAN_POINT('',(85.499999999999943,9.500000000000114,-14.097872179872255));
#2790=DIRECTION('',(-1.0,0.0,0.0));
#2791=DIRECTION('',(0.0,-1.0,0.0));
#2792=AXIS2_PLACEMENT_3D('',#2789,#2790,#2791);
#2793=CIRCLE('',#2792,1.250000000000000);
#2794=EDGE_CURVE('',#2765,#2782,#2793,.T.);
#2795=ORIENTED_EDGE('',*,*,#2794,.F.);
#2796=EDGE_LOOP('',(#2771,#2780,#2788,#2795));
#2797=FACE_OUTER_BOUND('',#2796,.T.);
#2798=ADVANCED_FACE('',(#2797),#2761,.T.);
#2799=CARTESIAN_POINT('',(86.500000000000000,-14.722431864335363,-8.499999999999773));
#2800=DIRECTION('',(-1.0,0.0,0.0));
#2801=DIRECTION('',(0.0,-1.0,0.0));
#2802=AXIS2_PLACEMENT_3D('',#2799,#2800,#2801);
#2803=CYLINDRICAL_SURFACE('',#2802,1.750000000000000);
#2804=CARTESIAN_POINT('',(86.500000000000000,-16.472431864335363,-8.499999999999773));
#2805=VERTEX_POINT('',#2804);
#2806=CARTESIAN_POINT('',(85.500000000000000,-16.472431864335363,-8.499999999999773));
#2807=VERTEX_POINT('',#2806);
#2808=CARTESIAN_POINT('',(86.500000000000000,-16.472431864335363,-8.499999999999773));
#2809=DIRECTION('',(-1.0,0.0,0.0));
#2810=VECTOR('',#2809,1.0);
#2811=LINE('',#2808,#2810);
#2812=EDGE_CURVE('',#2805,#2807,#2811,.T.);
#2813=ORIENTED_EDGE('',*,*,#2812,.F.);
#2814=CARTESIAN_POINT('',(86.500000000000000,-12.972431864335363,-8.499999999999773));
#2815=VERTEX_POINT('',#2814);
#2816=CARTESIAN_POINT('',(86.500000000000000,-14.722431864335363,-8.499999999999773));
#2817=DIRECTION('',(-1.0,0.0,0.0));
#2818=DIRECTION('',(0.0,-1.0,0.0));
#2819=AXIS2_PLACEMENT_3D('',#2816,#2817,#2818);
#2820=CIRCLE('',#2819,1.750000000000000);
#2821=EDGE_CURVE('',#2805,#2815,#2820,.T.);
#2822=ORIENTED_EDGE('',*,*,#2821,.T.);
#2823=CARTESIAN_POINT('',(85.499999999999943,-12.972431864335363,-8.499999999999773));
#2824=VERTEX_POINT('',#2823);
#2825=CARTESIAN_POINT('',(85.499999999999943,-12.972431864335363,-8.499999999999773));
#2826=DIRECTION('',(1.0,0.0,0.0));
#2827=VECTOR('',#2826,1.000000000000057);
#2828=LINE('',#2825,#2827);
#2829=EDGE_CURVE('',#2824,#2815,#2828,.T.);
#2830=ORIENTED_EDGE('',*,*,#2829,.F.);
#2831=CARTESIAN_POINT('',(85.499999999999943,-14.722431864335363,-8.499999999999773));
#2832=DIRECTION('',(-1.0,0.0,0.0));
#2833=DIRECTION('',(0.0,-1.0,0.0));
#2834=AXIS2_PLACEMENT_3D('',#2831,#2832,#2833);
#2835=CIRCLE('',#2834,1.750000000000000);
#2836=EDGE_CURVE('',#2807,#2824,#2835,.T.);
#2837=ORIENTED_EDGE('',*,*,#2836,.F.);
#2838=EDGE_LOOP('',(#2813,#2822,#2830,#2837));
#2839=FACE_OUTER_BOUND('',#2838,.T.);
#2840=ADVANCED_FACE('',(#2839),#2803,.T.);
#2841=CARTESIAN_POINT('',(86.500000000000000,14.722431864334908,-8.499999999999858));
#2842=DIRECTION('',(-1.0,0.0,0.0));
#2843=DIRECTION('',(0.0,-1.0,0.0));
#2844=AXIS2_PLACEMENT_3D('',#2841,#2842,#2843);
#2845=CYLINDRICAL_SURFACE('',#2844,1.750000000000000);
#2846=CARTESIAN_POINT('',(86.500000000000000,12.972431864334908,-8.499999999999858));
#2847=VERTEX_POINT('',#2846);
#2848=CARTESIAN_POINT('',(85.500000000000000,12.972431864334908,-8.499999999999858));
#2849=VERTEX_POINT('',#2848);
#2850=CARTESIAN_POINT('',(86.500000000000000,12.972431864334908,-8.499999999999858));
#2851=DIRECTION('',(-1.0,0.0,0.0));
#2852=VECTOR('',#2851,1.0);
#2853=LINE('',#2850,#2852);
#2854=EDGE_CURVE('',#2847,#2849,#2853,.T.);
#2855=ORIENTED_EDGE('',*,*,#2854,.F.);
#2856=CARTESIAN_POINT('',(86.500000000000000,16.472431864334908,-8.499999999999858));
#2857=VERTEX_POINT('',#2856);
#2858=CARTESIAN_POINT('',(86.500000000000000,14.722431864334908,-8.499999999999858));
#2859=DIRECTION('',(-1.0,0.0,0.0));
#2860=DIRECTION('',(0.0,-1.0,0.0));
#2861=AXIS2_PLACEMENT_3D('',#2858,#2859,#2860);
#2862=CIRCLE('',#2861,1.750000000000000);
#2863=EDGE_CURVE('',#2847,#2857,#2862,.T.);
#2864=ORIENTED_EDGE('',*,*,#2863,.T.);
#2865=CARTESIAN_POINT('',(85.499999999999943,16.472431864334908,-8.499999999999858));
#2866=VERTEX_POINT('',#2865);
#2867=CARTESIAN_POINT('',(85.499999999999943,16.472431864334908,-8.499999999999858));
#2868=DIRECTION('',(1.0,0.0,0.0));
#2869=VECTOR('',#2868,1.000000000000057);
#2870=LINE('',#2867,#2869);
#2871=EDGE_CURVE('',#2866,#2857,#2870,.T.);
#2872=ORIENTED_EDGE('',*,*,#2871,.F.);
#2873=CARTESIAN_POINT('',(85.499999999999943,14.722431864334908,-8.499999999999858));
#2874=DIRECTION('',(-1.0,0.0,0.0));
#2875=DIRECTION('',(0.0,-1.0,0.0));
#2876=AXIS2_PLACEMENT_3D('',#2873,#2874,#2875);
#2877=CIRCLE('',#2876,1.750000000000000);
#2878=EDGE_CURVE('',#2849,#2866,#2877,.T.);
#2879=ORIENTED_EDGE('',*,*,#2878,.F.);
#2880=EDGE_LOOP('',(#2855,#2864,#2872,#2879));
#2881=FACE_OUTER_BOUND('',#2880,.T.);
#2882=ADVANCED_FACE('',(#2881),#2845,.T.);
#2883=CARTESIAN_POINT('',(86.500000000000000,-9.500000000000114,14.097872179871633));
#2884=DIRECTION('',(-1.0,0.0,0.0));
#2885=DIRECTION('',(0.0,-1.0,0.0));
#2886=AXIS2_PLACEMENT_3D('',#2883,#2884,#2885);
#2887=CYLINDRICAL_SURFACE('',#2886,1.250000000000000);
#2888=CARTESIAN_POINT('',(86.500000000000000,-10.750000000000114,14.097872179871633));
#2889=VERTEX_POINT('',#2888);
#2890=CARTESIAN_POINT('',(85.500000000000000,-10.750000000000114,14.097872179871633));
#2891=VERTEX_POINT('',#2890);
#2892=CARTESIAN_POINT('',(86.500000000000000,-10.750000000000114,14.097872179871633));
#2893=DIRECTION('',(-1.0,0.0,0.0));
#2894=VECTOR('',#2893,1.0);
#2895=LINE('',#2892,#2894);
#2896=EDGE_CURVE('',#2889,#2891,#2895,.T.);
#2897=ORIENTED_EDGE('',*,*,#2896,.F.);
#2898=CARTESIAN_POINT('',(86.500000000000000,-8.250000000000114,14.097872179871633));
#2899=VERTEX_POINT('',#2898);
#2900=CARTESIAN_POINT('',(86.500000000000000,-9.500000000000114,14.097872179871633));
#2901=DIRECTION('',(-1.0,0.0,0.0));
#2902=DIRECTION('',(0.0,-1.0,0.0));
#2903=AXIS2_PLACEMENT_3D('',#2900,#2901,#2902);
#2904=CIRCLE('',#2903,1.250000000000000);
#2905=EDGE_CURVE('',#2889,#2899,#2904,.T.);
#2906=ORIENTED_EDGE('',*,*,#2905,.T.);
#2907=CARTESIAN_POINT('',(85.499999999999943,-8.250000000000114,14.097872179871633));
#2908=VERTEX_POINT('',#2907);
#2909=CARTESIAN_POINT('',(85.499999999999943,-8.250000000000114,14.097872179871633));
#2910=DIRECTION('',(1.0,0.0,0.0));
#2911=VECTOR('',#2910,1.000000000000057);
#2912=LINE('',#2909,#2911);
#2913=EDGE_CURVE('',#2908,#2899,#2912,.T.);
#2914=ORIENTED_EDGE('',*,*,#2913,.F.);
#2915=CARTESIAN_POINT('',(85.499999999999943,-9.500000000000114,14.097872179871633));
#2916=DIRECTION('',(-1.0,0.0,0.0));
#2917=DIRECTION('',(0.0,-1.0,0.0));
#2918=AXIS2_PLACEMENT_3D('',#2915,#2916,#2917);
#2919=CIRCLE('',#2918,1.250000000000000);
#2920=EDGE_CURVE('',#2891,#2908,#2919,.T.);
#2921=ORIENTED_EDGE('',*,*,#2920,.F.);
#2922=EDGE_LOOP('',(#2897,#2906,#2914,#2921));
#2923=FACE_OUTER_BOUND('',#2922,.T.);
#2924=ADVANCED_FACE('',(#2923),#2887,.T.);
#2925=CARTESIAN_POINT('',(86.500000000000000,9.500000000000114,14.097872179872255));
#2926=DIRECTION('',(-1.0,0.0,0.0));
#2927=DIRECTION('',(0.0,-1.0,0.0));
#2928=AXIS2_PLACEMENT_3D('',#2925,#2926,#2927);
#2929=CYLINDRICAL_SURFACE('',#2928,1.250000000000000);
#2930=CARTESIAN_POINT('',(86.500000000000000,8.250000000000114,14.097872179872255));
#2931=VERTEX_POINT('',#2930);
#2932=CARTESIAN_POINT('',(85.500000000000000,8.250000000000114,14.097872179872255));
#2933=VERTEX_POINT('',#2932);
#2934=CARTESIAN_POINT('',(86.500000000000000,8.250000000000114,14.097872179872255));
#2935=DIRECTION('',(-1.0,0.0,0.0));
#2936=VECTOR('',#2935,1.0);
#2937=LINE('',#2934,#2936);
#2938=EDGE_CURVE('',#2931,#2933,#2937,.T.);
#2939=ORIENTED_EDGE('',*,*,#2938,.F.);
#2940=CARTESIAN_POINT('',(86.500000000000000,10.750000000000114,14.097872179872255));
#2941=VERTEX_POINT('',#2940);
#2942=CARTESIAN_POINT('',(86.500000000000000,9.500000000000114,14.097872179872255));
#2943=DIRECTION('',(-1.0,0.0,0.0));
#2944=DIRECTION('',(0.0,-1.0,0.0));
#2945=AXIS2_PLACEMENT_3D('',#2942,#2943,#2944);
#2946=CIRCLE('',#2945,1.250000000000000);
#2947=EDGE_CURVE('',#2931,#2941,#2946,.T.);
#2948=ORIENTED_EDGE('',*,*,#2947,.T.);
#2949=CARTESIAN_POINT('',(85.499999999999943,10.750000000000114,14.097872179872255));
#2950=VERTEX_POINT('',#2949);
#2951=CARTESIAN_POINT('',(85.499999999999943,10.750000000000114,14.097872179872255));
#2952=DIRECTION('',(1.0,0.0,0.0));
#2953=VECTOR('',#2952,1.000000000000057);
#2954=LINE('',#2951,#2953);
#2955=EDGE_CURVE('',#2950,#2941,#2954,.T.);
#2956=ORIENTED_EDGE('',*,*,#2955,.F.);
#2957=CARTESIAN_POINT('',(85.499999999999943,9.500000000000114,14.097872179872255));
#2958=DIRECTION('',(-1.0,0.0,0.0));
#2959=DIRECTION('',(0.0,-1.0,0.0));
#2960=AXIS2_PLACEMENT_3D('',#2957,#2958,#2959);
#2961=CIRCLE('',#2960,1.250000000000000);
#2962=EDGE_CURVE('',#2933,#2950,#2961,.T.);
#2963=ORIENTED_EDGE('',*,*,#2962,.F.);
#2964=EDGE_LOOP('',(#2939,#2948,#2956,#2963));
#2965=FACE_OUTER_BOUND('',#2964,.T.);
#2966=ADVANCED_FACE('',(#2965),#2929,.T.);
#2967=CARTESIAN_POINT('',(91.500000000000000,-2.274961E-013,17.000000000000057));
#2968=CARTESIAN_POINT('',(91.500000000000000,-2.274961E-013,17.800000000000058));
#2969=CARTESIAN_POINT('',(91.500000000000014,-1.000000000000227,17.000000000000057));
#2970=CARTESIAN_POINT('',(91.500000000000014,-1.000000000000227,17.800000000000058));
#2971=CARTESIAN_POINT('',(92.500000000000000,-1.000000000000227,17.000000000000057));
#2972=CARTESIAN_POINT('',(92.500000000000000,-1.000000000000227,17.800000000000058));
#2973=CARTESIAN_POINT('',(93.500000000000000,-1.000000000000227,17.000000000000057));
#2974=CARTESIAN_POINT('',(93.500000000000000,-1.000000000000227,17.800000000000058));
#2975=CARTESIAN_POINT('',(93.500000000000000,-2.272512E-013,17.000000000000057));
#2976=CARTESIAN_POINT('',(93.500000000000000,-2.272512E-013,17.800000000000058));
#2977=CARTESIAN_POINT('',(93.500000000000000,0.999999999999773,17.000000000000057));
#2978=CARTESIAN_POINT('',(93.500000000000000,0.999999999999773,17.800000000000058));
#2979=CARTESIAN_POINT('',(92.500000000000000,0.999999999999773,17.000000000000057));
#2980=CARTESIAN_POINT('',(92.500000000000000,0.999999999999773,17.800000000000058));
#2981=CARTESIAN_POINT('',(91.500000000000014,0.999999999999772,17.000000000000057));
#2982=CARTESIAN_POINT('',(91.500000000000014,0.999999999999772,17.800000000000058));
#2983=CARTESIAN_POINT('',(91.500000000000000,-2.274961E-013,17.000000000000057));
#2984=CARTESIAN_POINT('',(91.500000000000000,-2.274961E-013,17.800000000000058));
#2992=(BOUNDED_SURFACE()B_SPLINE_SURFACE(1,2,((#2967,#2969,#2971,#2973,#2975,#2977,#2979,#2981,#2983),(#2968,#2970,#2972,#2974,#2976,#2978,#2980,#2982,#2984)),.UNSPECIFIED.,.F.,.T.,.U.)B_SPLINE_SURFACE_WITH_KNOTS((2,2),(3,2,2,2,3),(-0.800000000000001,0.0),(0.0,1.570796326794897,3.141592653589793,4.712388980384690,6.283185307179586),.UNSPECIFIED.)GEOMETRIC_REPRESENTATION_ITEM()RATIONAL_B_SPLINE_SURFACE(((1.0,0.707106781186548,1.0,0.707106781186548,1.0,0.707106781186548,1.0,0.707106781186548,1.0),(1.0,0.707106781186548,1.0,0.707106781186548,1.0,0.707106781186548,1.0,0.707106781186548,1.0)))REPRESENTATION_ITEM('')SURFACE());
#2993=CARTESIAN_POINT('',(91.500000000000000,-2.272512E-013,17.000000000000057));
#2994=VERTEX_POINT('',#2993);
#2995=CARTESIAN_POINT('',(91.500000000000000,-2.272512E-013,17.800000000000058));
#2996=VERTEX_POINT('',#2995);
#2997=CARTESIAN_POINT('',(91.500000000000000,-2.272512E-013,17.000000000000057));
#2998=DIRECTION('',(0.0,0.0,1.0));
#2999=VECTOR('',#2998,0.800000000000001);
#3000=LINE('',#2997,#2999);
#3001=EDGE_CURVE('',#2994,#2996,#3000,.T.);
#3002=ORIENTED_EDGE('',*,*,#3001,.F.);
#3003=CARTESIAN_POINT('',(92.500000000000000,0.999999999999773,17.000000000000057));
#3004=VERTEX_POINT('',#3003);
#3005=CARTESIAN_POINT('',(92.500000000000000,-2.273737E-013,17.000000000000057));
#3006=DIRECTION('',(0.0,0.0,1.0));
#3007=DIRECTION('',(1.0,0.0,0.0));
#3008=AXIS2_PLACEMENT_3D('',#3005,#3006,#3007);
#3009=CIRCLE('',#3008,1.0);
#3010=EDGE_CURVE('',#3004,#2994,#3009,.T.);
#3011=ORIENTED_EDGE('',*,*,#3010,.F.);
#3012=CARTESIAN_POINT('',(92.500000000000000,0.999999999999773,17.800000000000058));
#3013=VERTEX_POINT('',#3012);
#3014=CARTESIAN_POINT('',(92.500000000000000,0.999999999999773,17.800000000000058));
#3015=DIRECTION('',(0.0,0.0,-1.0));
#3016=VECTOR('',#3015,0.800000000000001);
#3017=LINE('',#3014,#3016);
#3018=EDGE_CURVE('',#3013,#3004,#3017,.T.);
#3019=ORIENTED_EDGE('',*,*,#3018,.F.);
#3020=CARTESIAN_POINT('',(92.500000000000000,-2.273737E-013,17.800000000000058));
#3021=DIRECTION('',(0.0,0.0,-1.0));
#3022=DIRECTION('',(1.0,0.0,0.0));
#3023=AXIS2_PLACEMENT_3D('',#3020,#3021,#3022);
#3024=CIRCLE('',#3023,1.0);
#3025=EDGE_CURVE('',#2996,#3013,#3024,.T.);
#3026=ORIENTED_EDGE('',*,*,#3025,.F.);
#3027=EDGE_LOOP('',(#3002,#3011,#3019,#3026));
#3028=FACE_OUTER_BOUND('',#3027,.T.);
#3029=ADVANCED_FACE('',(#3028),#2992,.T.);
#3030=CARTESIAN_POINT('',(92.500000000000000,-2.274961E-013,17.000000000000057));
#3031=CARTESIAN_POINT('',(92.500000000000000,-2.274961E-013,17.800000000000058));
#3032=CARTESIAN_POINT('',(92.500000000000000,-1.000000000000227,17.000000000000057));
#3033=CARTESIAN_POINT('',(92.500000000000000,-1.000000000000227,17.800000000000058));
#3034=CARTESIAN_POINT('',(93.500000000000000,-1.000000000000227,17.000000000000057));
#3035=CARTESIAN_POINT('',(93.500000000000000,-1.000000000000227,17.800000000000058));
#3036=CARTESIAN_POINT('',(94.500000000000000,-1.000000000000227,17.000000000000057));
#3037=CARTESIAN_POINT('',(94.500000000000000,-1.000000000000227,17.800000000000058));
#3038=CARTESIAN_POINT('',(94.500000000000000,-2.272512E-013,17.000000000000057));
#3039=CARTESIAN_POINT('',(94.500000000000000,-2.272512E-013,17.800000000000058));
#3040=CARTESIAN_POINT('',(94.500000000000000,0.999999999999773,17.000000000000057));
#3041=CARTESIAN_POINT('',(94.500000000000000,0.999999999999773,17.800000000000058));
#3042=CARTESIAN_POINT('',(93.500000000000000,0.999999999999773,17.000000000000057));
#3043=CARTESIAN_POINT('',(93.500000000000000,0.999999999999773,17.800000000000058));
#3044=CARTESIAN_POINT('',(92.500000000000000,0.999999999999772,17.000000000000057));
#3045=CARTESIAN_POINT('',(92.500000000000000,0.999999999999772,17.800000000000058));
#3046=CARTESIAN_POINT('',(92.500000000000000,-2.274961E-013,17.000000000000057));
#3047=CARTESIAN_POINT('',(92.500000000000000,-2.274961E-013,17.800000000000058));
#3055=(BOUNDED_SURFACE()B_SPLINE_SURFACE(1,2,((#3030,#3032,#3034,#3036,#3038,#3040,#3042,#3044,#3046),(#3031,#3033,#3035,#3037,#3039,#3041,#3043,#3045,#3047)),.UNSPECIFIED.,.F.,.T.,.U.)B_SPLINE_SURFACE_WITH_KNOTS((2,2),(3,2,2,2,3),(-0.800000000000001,0.0),(0.0,1.570796326794897,3.141592653589793,4.712388980384690,6.283185307179586),.UNSPECIFIED.)GEOMETRIC_REPRESENTATION_ITEM()RATIONAL_B_SPLINE_SURFACE(((1.0,0.707106781186548,1.0,0.707106781186548,1.0,0.707106781186548,1.0,0.707106781186548,1.0),(1.0,0.707106781186548,1.0,0.707106781186548,1.0,0.707106781186548,1.0,0.707106781186548,1.0)))REPRESENTATION_ITEM('')SURFACE());
#3056=CARTESIAN_POINT('',(94.500000000000000,-2.274961E-013,17.800000000000058));
#3057=VERTEX_POINT('',#3056);
#3058=CARTESIAN_POINT('',(94.500000000000000,-2.274961E-013,17.000000000000057));
#3059=VERTEX_POINT('',#3058);
#3060=CARTESIAN_POINT('',(94.500000000000000,-2.274961E-013,17.800000000000058));
#3061=DIRECTION('',(0.0,0.0,-1.0));
#3062=VECTOR('',#3061,0.800000000000001);
#3063=LINE('',#3060,#3062);
#3064=EDGE_CURVE('',#3057,#3059,#3063,.T.);
#3065=ORIENTED_EDGE('',*,*,#3064,.F.);
#3066=CARTESIAN_POINT('',(93.500000000000000,0.999999999999773,17.800000000000058));
#3067=VERTEX_POINT('',#3066);
#3068=CARTESIAN_POINT('',(93.500000000000000,-2.273737E-013,17.800000000000058));
#3069=DIRECTION('',(0.0,0.0,-1.0));
#3070=DIRECTION('',(1.0,0.0,0.0));
#3071=AXIS2_PLACEMENT_3D('',#3068,#3069,#3070);
#3072=CIRCLE('',#3071,1.0);
#3073=EDGE_CURVE('',#3067,#3057,#3072,.T.);
#3074=ORIENTED_EDGE('',*,*,#3073,.F.);
#3075=CARTESIAN_POINT('',(93.500000000000000,0.999999999999773,17.000000000000057));
#3076=VERTEX_POINT('',#3075);
#3077=CARTESIAN_POINT('',(93.500000000000000,0.999999999999773,17.800000000000058));
#3078=DIRECTION('',(0.0,0.0,-1.0));
#3079=VECTOR('',#3078,0.800000000000001);
#3080=LINE('',#3077,#3079);
#3081=EDGE_CURVE('',#3067,#3076,#3080,.T.);
#3082=ORIENTED_EDGE('',*,*,#3081,.T.);
#3083=CARTESIAN_POINT('',(93.500000000000000,-2.273737E-013,17.000000000000057));
#3084=DIRECTION('',(0.0,0.0,1.0));
#3085=DIRECTION('',(1.0,0.0,0.0));
#3086=AXIS2_PLACEMENT_3D('',#3083,#3084,#3085);
#3087=CIRCLE('',#3086,1.0);
#3088=EDGE_CURVE('',#3059,#3076,#3087,.T.);
#3089=ORIENTED_EDGE('',*,*,#3088,.F.);
#3090=EDGE_LOOP('',(#3065,#3074,#3082,#3089));
#3091=FACE_OUTER_BOUND('',#3090,.T.);
#3092=ADVANCED_FACE('',(#3091),#3055,.T.);
#3093=CARTESIAN_POINT('',(89.500000000000000,1.499999999999773,17.800000000000058));
#3094=CARTESIAN_POINT('',(89.500000000000000,1.499999999999773,17.000000000000057));
#3095=CARTESIAN_POINT('',(88.0,1.499999999999773,17.800000000000058));
#3096=CARTESIAN_POINT('',(88.0,1.499999999999773,17.000000000000053));
#3097=B_SPLINE_SURFACE_WITH_KNOTS('',1,1,((#3093,#3095),(#3094,#3096)),.UNSPECIFIED.,.F.,.F.,.U.,(2,2),(2,2),(0.0,0.800000000000001),(0.0,1.500000000000000),.UNSPECIFIED.);
#3098=CARTESIAN_POINT('',(88.0,1.499999999999773,17.000000000000057));
#3099=VERTEX_POINT('',#3098);
#3100=CARTESIAN_POINT('',(89.500000000000000,1.499999999999773,17.000000000000057));
#3101=VERTEX_POINT('',#3100);
#3102=CARTESIAN_POINT('',(88.0,1.499999999999773,17.000000000000057));
#3103=DIRECTION('',(1.0,0.0,0.0));
#3104=VECTOR('',#3103,1.500000000000000);
#3105=LINE('',#3102,#3104);
#3106=EDGE_CURVE('',#3099,#3101,#3105,.T.);
#3107=ORIENTED_EDGE('',*,*,#3106,.F.);
#3108=CARTESIAN_POINT('',(88.0,1.499999999999773,17.800000000000058));
#3109=VERTEX_POINT('',#3108);
#3110=CARTESIAN_POINT('',(88.0,1.499999999999773,17.800000000000058));
#3111=DIRECTION('',(0.0,0.0,-1.0));
#3112=VECTOR('',#3111,0.800000000000001);
#3113=LINE('',#3110,#3112);
#3114=EDGE_CURVE('',#3109,#3099,#3113,.T.);
#3115=ORIENTED_EDGE('',*,*,#3114,.F.);
#3116=CARTESIAN_POINT('',(89.500000000000000,1.499999999999773,17.800000000000058));
#3117=VERTEX_POINT('',#3116);
#3118=CARTESIAN_POINT('',(88.0,1.499999999999773,17.800000000000058));
#3119=DIRECTION('',(1.0,0.0,0.0));
#3120=VECTOR('',#3119,1.500000000000000);
#3121=LINE('',#3118,#3120);
#3122=EDGE_CURVE('',#3109,#3117,#3121,.T.);
#3123=ORIENTED_EDGE('',*,*,#3122,.T.);
#3124=CARTESIAN_POINT('',(89.500000000000000,1.499999999999773,17.800000000000058));
#3125=DIRECTION('',(0.0,0.0,-1.0));
#3126=VECTOR('',#3125,0.800000000000001);
#3127=LINE('',#3124,#3126);
#3128=EDGE_CURVE('',#3117,#3101,#3127,.T.);
#3129=ORIENTED_EDGE('',*,*,#3128,.T.);
#3130=EDGE_LOOP('',(#3107,#3115,#3123,#3129));
#3131=FACE_OUTER_BOUND('',#3130,.T.);
#3132=ADVANCED_FACE('',(#3131),#3097,.T.);
#3133=CARTESIAN_POINT('',(89.500000000000000,2.499999999999773,17.800000000000058));
#3134=CARTESIAN_POINT('',(89.500000000000000,2.499999999999773,17.000000000000057));
#3135=CARTESIAN_POINT('',(89.500000000000000,1.499999999999773,17.800000000000058));
#3136=CARTESIAN_POINT('',(89.500000000000000,1.499999999999773,17.000000000000053));
#3137=B_SPLINE_SURFACE_WITH_KNOTS('',1,1,((#3133,#3135),(#3134,#3136)),.UNSPECIFIED.,.F.,.F.,.U.,(2,2),(2,2),(0.0,0.800000000000001),(0.0,1.0),.UNSPECIFIED.);
#3138=CARTESIAN_POINT('',(89.500000000000000,2.499999999999773,17.000000000000057));
#3139=VERTEX_POINT('',#3138);
#3140=CARTESIAN_POINT('',(89.500000000000000,1.499999999999773,17.000000000000057));
#3141=DIRECTION('',(0.0,1.0,0.0));
#3142=VECTOR('',#3141,1.0);
#3143=LINE('',#3140,#3142);
#3144=EDGE_CURVE('',#3101,#3139,#3143,.T.);
#3145=ORIENTED_EDGE('',*,*,#3144,.F.);
#3146=ORIENTED_EDGE('',*,*,#3128,.F.);
#3147=CARTESIAN_POINT('',(89.500000000000000,2.499999999999773,17.800000000000058));
#3148=VERTEX_POINT('',#3147);
#3149=CARTESIAN_POINT('',(89.500000000000000,2.499999999999773,17.800000000000058));
#3150=DIRECTION('',(0.0,-1.0,0.0));
#3151=VECTOR('',#3150,1.0);
#3152=LINE('',#3149,#3151);
#3153=EDGE_CURVE('',#3148,#3117,#3152,.T.);
#3154=ORIENTED_EDGE('',*,*,#3153,.F.);
#3155=CARTESIAN_POINT('',(89.500000000000000,2.499999999999773,17.800000000000058));
#3156=DIRECTION('',(0.0,0.0,-1.0));
#3157=VECTOR('',#3156,0.800000000000001);
#3158=LINE('',#3155,#3157);
#3159=EDGE_CURVE('',#3148,#3139,#3158,.T.);
#3160=ORIENTED_EDGE('',*,*,#3159,.T.);
#3161=EDGE_LOOP('',(#3145,#3146,#3154,#3160));
#3162=FACE_OUTER_BOUND('',#3161,.T.);
#3163=ADVANCED_FACE('',(#3162),#3137,.T.);
#3164=CARTESIAN_POINT('',(95.0,2.499999999999773,17.800000000000058));
#3165=CARTESIAN_POINT('',(95.0,2.499999999999773,17.000000000000057));
#3166=CARTESIAN_POINT('',(89.500000000000000,2.499999999999773,17.800000000000058));
#3167=CARTESIAN_POINT('',(89.500000000000000,2.499999999999773,17.000000000000053));
#3168=B_SPLINE_SURFACE_WITH_KNOTS('',1,1,((#3164,#3166),(#3165,#3167)),.UNSPECIFIED.,.F.,.F.,.U.,(2,2),(2,2),(0.0,0.800000000000001),(0.0,5.500000000000000),.UNSPECIFIED.);
#3169=CARTESIAN_POINT('',(95.0,2.499999999999773,17.000000000000057));
#3170=VERTEX_POINT('',#3169);
#3171=CARTESIAN_POINT('',(89.500000000000000,2.499999999999773,17.000000000000057));
#3172=DIRECTION('',(1.0,0.0,0.0));
#3173=VECTOR('',#3172,5.500000000000000);
#3174=LINE('',#3171,#3173);
#3175=EDGE_CURVE('',#3139,#3170,#3174,.T.);
#3176=ORIENTED_EDGE('',*,*,#3175,.F.);
#3177=ORIENTED_EDGE('',*,*,#3159,.F.);
#3178=CARTESIAN_POINT('',(95.0,2.499999999999773,17.800000000000058));
#3179=VERTEX_POINT('',#3178);
#3180=CARTESIAN_POINT('',(89.500000000000000,2.499999999999773,17.800000000000058));
#3181=DIRECTION('',(1.0,0.0,0.0));
#3182=VECTOR('',#3181,5.500000000000000);
#3183=LINE('',#3180,#3182);
#3184=EDGE_CURVE('',#3148,#3179,#3183,.T.);
#3185=ORIENTED_EDGE('',*,*,#3184,.T.);
#3186=CARTESIAN_POINT('',(95.0,2.499999999999773,17.800000000000058));
#3187=DIRECTION('',(0.0,0.0,-1.0));
#3188=VECTOR('',#3187,0.800000000000001);
#3189=LINE('',#3186,#3188);
#3190=EDGE_CURVE('',#3179,#3170,#3189,.T.);
#3191=ORIENTED_EDGE('',*,*,#3190,.T.);
#3192=EDGE_LOOP('',(#3176,#3177,#3185,#3191));
#3193=FACE_OUTER_BOUND('',#3192,.T.);
#3194=ADVANCED_FACE('',(#3193),#3168,.T.);
#3195=CARTESIAN_POINT('',(95.0,2.499999999999773,17.000000000000057));
#3196=CARTESIAN_POINT('',(95.0,2.499999999999773,17.800000000000058));
#3197=CARTESIAN_POINT('',(96.000000000000014,1.499999999999764,17.000000000000057));
#3198=CARTESIAN_POINT('',(96.0,1.499999999999765,17.800000000000054));
#3199=B_SPLINE_SURFACE_WITH_KNOTS('',1,1,((#3195,#3197),(#3196,#3198)),.UNSPECIFIED.,.F.,.F.,.U.,(2,2),(2,2),(0.0,0.800000000000001),(0.0,1.414213562373111),.UNSPECIFIED.);
#3200=CARTESIAN_POINT('',(96.0,1.499999999999773,17.000000000000057));
#3201=VERTEX_POINT('',#3200);
#3202=CARTESIAN_POINT('',(95.0,2.499999999999773,17.000000000000057));
#3203=DIRECTION('',(0.707106781186547,-0.707106781186547,0.0));
#3204=VECTOR('',#3203,1.414213562373095);
#3205=LINE('',#3202,#3204);
#3206=EDGE_CURVE('',#3170,#3201,#3205,.T.);
#3207=ORIENTED_EDGE('',*,*,#3206,.F.);
#3208=ORIENTED_EDGE('',*,*,#3190,.F.);
#3209=CARTESIAN_POINT('',(96.0,1.499999999999773,17.800000000000058));
#3210=VERTEX_POINT('',#3209);
#3211=CARTESIAN_POINT('',(95.0,2.499999999999773,17.800000000000058));
#3212=DIRECTION('',(0.707106781186547,-0.707106781186547,0.0));
#3213=VECTOR('',#3212,1.414213562373095);
#3214=LINE('',#3211,#3213);
#3215=EDGE_CURVE('',#3179,#3210,#3214,.T.);
#3216=ORIENTED_EDGE('',*,*,#3215,.T.);
#3217=CARTESIAN_POINT('',(96.0,1.499999999999773,17.800000000000058));
#3218=DIRECTION('',(0.0,0.0,-1.0));
#3219=VECTOR('',#3218,0.800000000000001);
#3220=LINE('',#3217,#3219);
#3221=EDGE_CURVE('',#3210,#3201,#3220,.T.);
#3222=ORIENTED_EDGE('',*,*,#3221,.T.);
#3223=EDGE_LOOP('',(#3207,#3208,#3216,#3222));
#3224=FACE_OUTER_BOUND('',#3223,.T.);
#3225=ADVANCED_FACE('',(#3224),#3199,.T.);
#3226=CARTESIAN_POINT('',(96.0,1.499999999999773,17.000000000000057));
#3227=CARTESIAN_POINT('',(96.0,1.499999999999773,17.800000000000058));
#3228=CARTESIAN_POINT('',(96.0,-1.500000000000227,17.000000000000057));
#3229=CARTESIAN_POINT('',(96.0,-1.500000000000227,17.800000000000054));
#3230=B_SPLINE_SURFACE_WITH_KNOTS('',1,1,((#3226,#3228),(#3227,#3229)),.UNSPECIFIED.,.F.,.F.,.U.,(2,2),(2,2),(0.0,0.800000000000001),(0.0,3.0),.UNSPECIFIED.);
#3231=CARTESIAN_POINT('',(96.0,-1.500000000000227,17.000000000000057));
#3232=VERTEX_POINT('',#3231);
#3233=CARTESIAN_POINT('',(96.0,1.499999999999773,17.000000000000057));
#3234=DIRECTION('',(0.0,-1.0,0.0));
#3235=VECTOR('',#3234,3.0);
#3236=LINE('',#3233,#3235);
#3237=EDGE_CURVE('',#3201,#3232,#3236,.T.);
#3238=ORIENTED_EDGE('',*,*,#3237,.F.);
#3239=ORIENTED_EDGE('',*,*,#3221,.F.);
#3240=CARTESIAN_POINT('',(96.0,-1.500000000000227,17.800000000000058));
#3241=VERTEX_POINT('',#3240);
#3242=CARTESIAN_POINT('',(96.0,1.499999999999773,17.800000000000058));
#3243=DIRECTION('',(0.0,-1.0,0.0));
#3244=VECTOR('',#3243,3.0);
#3245=LINE('',#3242,#3244);
#3246=EDGE_CURVE('',#3210,#3241,#3245,.T.);
#3247=ORIENTED_EDGE('',*,*,#3246,.T.);
#3248=CARTESIAN_POINT('',(96.0,-1.500000000000227,17.800000000000058));
#3249=DIRECTION('',(0.0,0.0,-1.0));
#3250=VECTOR('',#3249,0.800000000000001);
#3251=LINE('',#3248,#3250);
#3252=EDGE_CURVE('',#3241,#3232,#3251,.T.);
#3253=ORIENTED_EDGE('',*,*,#3252,.T.);
#3254=EDGE_LOOP('',(#3238,#3239,#3247,#3253));
#3255=FACE_OUTER_BOUND('',#3254,.T.);
#3256=ADVANCED_FACE('',(#3255),#3230,.T.);
#3257=CARTESIAN_POINT('',(96.0,-1.500000000000227,17.000000000000057));
#3258=CARTESIAN_POINT('',(96.0,-1.500000000000227,17.800000000000058));
#3259=CARTESIAN_POINT('',(95.0,-2.500000000000226,17.000000000000057));
#3260=CARTESIAN_POINT('',(95.0,-2.500000000000226,17.800000000000054));
#3261=B_SPLINE_SURFACE_WITH_KNOTS('',1,1,((#3257,#3259),(#3258,#3260)),.UNSPECIFIED.,.F.,.F.,.U.,(2,2),(2,2),(0.0,0.800000000000001),(0.0,1.414213562373094),.UNSPECIFIED.);
#3262=CARTESIAN_POINT('',(95.0,-2.500000000000227,17.000000000000057));
#3263=VERTEX_POINT('',#3262);
#3264=CARTESIAN_POINT('',(96.0,-1.500000000000227,17.000000000000057));
#3265=DIRECTION('',(-0.707106781186547,-0.707106781186547,0.0));
#3266=VECTOR('',#3265,1.414213562373095);
#3267=LINE('',#3264,#3266);
#3268=EDGE_CURVE('',#3232,#3263,#3267,.T.);
#3269=ORIENTED_EDGE('',*,*,#3268,.F.);
#3270=ORIENTED_EDGE('',*,*,#3252,.F.);
#3271=CARTESIAN_POINT('',(95.0,-2.500000000000227,17.800000000000058));
#3272=VERTEX_POINT('',#3271);
#3273=CARTESIAN_POINT('',(96.0,-1.500000000000227,17.800000000000058));
#3274=DIRECTION('',(-0.707106781186547,-0.707106781186547,0.0));
#3275=VECTOR('',#3274,1.414213562373095);
#3276=LINE('',#3273,#3275);
#3277=EDGE_CURVE('',#3241,#3272,#3276,.T.);
#3278=ORIENTED_EDGE('',*,*,#3277,.T.);
#3279=CARTESIAN_POINT('',(95.0,-2.500000000000227,17.800000000000058));
#3280=DIRECTION('',(0.0,0.0,-1.0));
#3281=VECTOR('',#3280,0.800000000000001);
#3282=LINE('',#3279,#3281);
#3283=EDGE_CURVE('',#3272,#3263,#3282,.T.);
#3284=ORIENTED_EDGE('',*,*,#3283,.T.);
#3285=EDGE_LOOP('',(#3269,#3270,#3278,#3284));
#3286=FACE_OUTER_BOUND('',#3285,.T.);
#3287=ADVANCED_FACE('',(#3286),#3261,.T.);
#3288=CARTESIAN_POINT('',(95.0,-2.500000000000227,17.000000000000057));
#3289=CARTESIAN_POINT('',(95.0,-2.500000000000227,17.800000000000058));
#3290=CARTESIAN_POINT('',(89.500000000000000,-2.500000000000227,17.000000000000057));
#3291=CARTESIAN_POINT('',(89.500000000000000,-2.500000000000227,17.800000000000054));
#3292=B_SPLINE_SURFACE_WITH_KNOTS('',1,1,((#3288,#3290),(#3289,#3291)),.UNSPECIFIED.,.F.,.F.,.U.,(2,2),(2,2),(0.0,0.800000000000001),(0.0,5.500000000000000),.UNSPECIFIED.);
#3293=CARTESIAN_POINT('',(89.500000000000000,-2.500000000000227,17.000000000000057));
#3294=VERTEX_POINT('',#3293);
#3295=CARTESIAN_POINT('',(95.0,-2.500000000000227,17.000000000000057));
#3296=DIRECTION('',(-1.0,0.0,0.0));
#3297=VECTOR('',#3296,5.500000000000000);
#3298=LINE('',#3295,#3297);
#3299=EDGE_CURVE('',#3263,#3294,#3298,.T.);
#3300=ORIENTED_EDGE('',*,*,#3299,.F.);
#3301=ORIENTED_EDGE('',*,*,#3283,.F.);
#3302=CARTESIAN_POINT('',(89.500000000000000,-2.500000000000227,17.800000000000058));
#3303=VERTEX_POINT('',#3302);
#3304=CARTESIAN_POINT('',(95.0,-2.500000000000227,17.800000000000058));
#3305=DIRECTION('',(-1.0,0.0,0.0));
#3306=VECTOR('',#3305,5.500000000000000);
#3307=LINE('',#3304,#3306);
#3308=EDGE_CURVE('',#3272,#3303,#3307,.T.);
#3309=ORIENTED_EDGE('',*,*,#3308,.T.);
#3310=CARTESIAN_POINT('',(89.500000000000000,-2.500000000000227,17.800000000000058));
#3311=DIRECTION('',(0.0,0.0,-1.0));
#3312=VECTOR('',#3311,0.800000000000001);
#3313=LINE('',#3310,#3312);
#3314=EDGE_CURVE('',#3303,#3294,#3313,.T.);
#3315=ORIENTED_EDGE('',*,*,#3314,.T.);
#3316=EDGE_LOOP('',(#3300,#3301,#3309,#3315));
#3317=FACE_OUTER_BOUND('',#3316,.T.);
#3318=ADVANCED_FACE('',(#3317),#3292,.T.);
#3319=CARTESIAN_POINT('',(89.500000000000000,-1.500000000000227,17.800000000000058));
#3320=CARTESIAN_POINT('',(89.500000000000000,-1.500000000000227,17.000000000000057));
#3321=CARTESIAN_POINT('',(89.500000000000000,-2.500000000000227,17.800000000000058));
#3322=CARTESIAN_POINT('',(89.500000000000000,-2.500000000000227,17.000000000000053));
#3323=B_SPLINE_SURFACE_WITH_KNOTS('',1,1,((#3319,#3321),(#3320,#3322)),.UNSPECIFIED.,.F.,.F.,.U.,(2,2),(2,2),(0.0,0.800000000000001),(0.0,1.0),.UNSPECIFIED.);
#3324=CARTESIAN_POINT('',(89.500000000000000,-1.500000000000227,17.000000000000057));
#3325=VERTEX_POINT('',#3324);
#3326=CARTESIAN_POINT('',(89.500000000000000,-2.500000000000227,17.000000000000057));
#3327=DIRECTION('',(0.0,1.0,0.0));
#3328=VECTOR('',#3327,1.0);
#3329=LINE('',#3326,#3328);
#3330=EDGE_CURVE('',#3294,#3325,#3329,.T.);
#3331=ORIENTED_EDGE('',*,*,#3330,.F.);
#3332=ORIENTED_EDGE('',*,*,#3314,.F.);
#3333=CARTESIAN_POINT('',(89.500000000000000,-1.500000000000227,17.800000000000058));
#3334=VERTEX_POINT('',#3333);
#3335=CARTESIAN_POINT('',(89.500000000000000,-1.500000000000227,17.800000000000058));
#3336=DIRECTION('',(0.0,-1.0,0.0));
#3337=VECTOR('',#3336,1.0);
#3338=LINE('',#3335,#3337);
#3339=EDGE_CURVE('',#3334,#3303,#3338,.T.);
#3340=ORIENTED_EDGE('',*,*,#3339,.F.);
#3341=CARTESIAN_POINT('',(89.500000000000000,-1.500000000000227,17.800000000000058));
#3342=DIRECTION('',(0.0,0.0,-1.0));
#3343=VECTOR('',#3342,0.800000000000001);
#3344=LINE('',#3341,#3343);
#3345=EDGE_CURVE('',#3334,#3325,#3344,.T.);
#3346=ORIENTED_EDGE('',*,*,#3345,.T.);
#3347=EDGE_LOOP('',(#3331,#3332,#3340,#3346));
#3348=FACE_OUTER_BOUND('',#3347,.T.);
#3349=ADVANCED_FACE('',(#3348),#3323,.T.);
#3350=CARTESIAN_POINT('',(89.500000000000000,-1.500000000000227,17.000000000000057));
#3351=CARTESIAN_POINT('',(89.500000000000000,-1.500000000000227,17.800000000000058));
#3352=CARTESIAN_POINT('',(88.0,-1.500000000000227,17.000000000000057));
#3353=CARTESIAN_POINT('',(88.0,-1.500000000000227,17.800000000000054));
#3354=B_SPLINE_SURFACE_WITH_KNOTS('',1,1,((#3350,#3352),(#3351,#3353)),.UNSPECIFIED.,.F.,.F.,.U.,(2,2),(2,2),(0.0,0.800000000000001),(0.0,1.500000000000000),.UNSPECIFIED.);
#3355=CARTESIAN_POINT('',(88.0,-1.500000000000227,17.000000000000057));
#3356=VERTEX_POINT('',#3355);
#3357=CARTESIAN_POINT('',(89.500000000000000,-1.500000000000227,17.000000000000057));
#3358=DIRECTION('',(-1.0,0.0,0.0));
#3359=VECTOR('',#3358,1.500000000000000);
#3360=LINE('',#3357,#3359);
#3361=EDGE_CURVE('',#3325,#3356,#3360,.T.);
#3362=ORIENTED_EDGE('',*,*,#3361,.F.);
#3363=ORIENTED_EDGE('',*,*,#3345,.F.);
#3364=CARTESIAN_POINT('',(88.0,-1.500000000000227,17.800000000000058));
#3365=VERTEX_POINT('',#3364);
#3366=CARTESIAN_POINT('',(88.0,-1.500000000000227,17.800000000000058));
#3367=DIRECTION('',(1.0,0.0,0.0));
#3368=VECTOR('',#3367,1.500000000000000);
#3369=LINE('',#3366,#3368);
#3370=EDGE_CURVE('',#3365,#3334,#3369,.T.);
#3371=ORIENTED_EDGE('',*,*,#3370,.F.);
#3372=CARTESIAN_POINT('',(88.0,-1.500000000000227,17.000000000000057));
#3373=DIRECTION('',(0.0,0.0,1.0));
#3374=VECTOR('',#3373,0.800000000000001);
#3375=LINE('',#3372,#3374);
#3376=EDGE_CURVE('',#3356,#3365,#3375,.T.);
#3377=ORIENTED_EDGE('',*,*,#3376,.F.);
#3378=EDGE_LOOP('',(#3362,#3363,#3371,#3377));
#3379=FACE_OUTER_BOUND('',#3378,.T.);
#3380=ADVANCED_FACE('',(#3379),#3354,.T.);
#3381=CARTESIAN_POINT('',(93.500000000000000,-1.000000000000227,17.800000000000058));
#3382=CARTESIAN_POINT('',(93.500000000000000,-1.000000000000227,17.000000000000057));
#3383=CARTESIAN_POINT('',(92.500000000000000,-1.000000000000227,17.800000000000058));
#3384=CARTESIAN_POINT('',(92.500000000000000,-1.000000000000227,17.000000000000053));
#3385=B_SPLINE_SURFACE_WITH_KNOTS('',1,1,((#3381,#3383),(#3382,#3384)),.UNSPECIFIED.,.F.,.F.,.U.,(2,2),(2,2),(0.0,0.800000000000001),(0.0,1.0),.UNSPECIFIED.);
#3386=CARTESIAN_POINT('',(92.500000000000000,-1.000000000000227,17.000000000000057));
#3387=VERTEX_POINT('',#3386);
#3388=CARTESIAN_POINT('',(93.500000000000000,-1.000000000000227,17.000000000000057));
#3389=VERTEX_POINT('',#3388);
#3390=CARTESIAN_POINT('',(92.500000000000000,-1.000000000000227,17.000000000000057));
#3391=DIRECTION('',(1.0,0.0,0.0));
#3392=VECTOR('',#3391,1.0);
#3393=LINE('',#3390,#3392);
#3394=EDGE_CURVE('',#3387,#3389,#3393,.T.);
#3395=ORIENTED_EDGE('',*,*,#3394,.F.);
#3396=CARTESIAN_POINT('',(92.500000000000000,-1.000000000000227,17.800000000000058));
#3397=VERTEX_POINT('',#3396);
#3398=CARTESIAN_POINT('',(92.500000000000000,-1.000000000000227,17.800000000000058));
#3399=DIRECTION('',(0.0,0.0,-1.0));
#3400=VECTOR('',#3399,0.800000000000001);
#3401=LINE('',#3398,#3400);
#3402=EDGE_CURVE('',#3397,#3387,#3401,.T.);
#3403=ORIENTED_EDGE('',*,*,#3402,.F.);
#3404=CARTESIAN_POINT('',(93.500000000000000,-1.000000000000227,17.800000000000058));
#3405=VERTEX_POINT('',#3404);
#3406=CARTESIAN_POINT('',(93.500000000000000,-1.000000000000227,17.800000000000058));
#3407=DIRECTION('',(-1.0,0.0,0.0));
#3408=VECTOR('',#3407,1.0);
#3409=LINE('',#3406,#3408);
#3410=EDGE_CURVE('',#3405,#3397,#3409,.T.);
#3411=ORIENTED_EDGE('',*,*,#3410,.F.);
#3412=CARTESIAN_POINT('',(93.500000000000000,-1.000000000000227,17.800000000000058));
#3413=DIRECTION('',(0.0,0.0,-1.0));
#3414=VECTOR('',#3413,0.800000000000001);
#3415=LINE('',#3412,#3414);
#3416=EDGE_CURVE('',#3405,#3389,#3415,.T.);
#3417=ORIENTED_EDGE('',*,*,#3416,.T.);
#3418=EDGE_LOOP('',(#3395,#3403,#3411,#3417));
#3419=FACE_OUTER_BOUND('',#3418,.T.);
#3420=ADVANCED_FACE('',(#3419),#3385,.T.);
#3421=CARTESIAN_POINT('',(92.500000000000000,-2.274961E-013,17.000000000000057));
#3422=CARTESIAN_POINT('',(92.500000000000000,-2.274961E-013,17.800000000000058));
#3423=CARTESIAN_POINT('',(92.500000000000000,-1.000000000000227,17.000000000000057));
#3424=CARTESIAN_POINT('',(92.500000000000000,-1.000000000000227,17.800000000000058));
#3425=CARTESIAN_POINT('',(93.500000000000000,-1.000000000000227,17.000000000000057));
#3426=CARTESIAN_POINT('',(93.500000000000000,-1.000000000000227,17.800000000000058));
#3427=CARTESIAN_POINT('',(94.500000000000000,-1.000000000000227,17.000000000000057));
#3428=CARTESIAN_POINT('',(94.500000000000000,-1.000000000000227,17.800000000000058));
#3429=CARTESIAN_POINT('',(94.500000000000000,-2.272512E-013,17.000000000000057));
#3430=CARTESIAN_POINT('',(94.500000000000000,-2.272512E-013,17.800000000000058));
#3431=CARTESIAN_POINT('',(94.500000000000000,0.999999999999773,17.000000000000057));
#3432=CARTESIAN_POINT('',(94.500000000000000,0.999999999999773,17.800000000000058));
#3433=CARTESIAN_POINT('',(93.500000000000000,0.999999999999773,17.000000000000057));
#3434=CARTESIAN_POINT('',(93.500000000000000,0.999999999999773,17.800000000000058));
#3435=CARTESIAN_POINT('',(92.500000000000000,0.999999999999772,17.000000000000057));
#3436=CARTESIAN_POINT('',(92.500000000000000,0.999999999999772,17.800000000000058));
#3437=CARTESIAN_POINT('',(92.500000000000000,-2.274961E-013,17.000000000000057));
#3438=CARTESIAN_POINT('',(92.500000000000000,-2.274961E-013,17.800000000000058));
#3446=(BOUNDED_SURFACE()B_SPLINE_SURFACE(1,2,((#3421,#3423,#3425,#3427,#3429,#3431,#3433,#3435,#3437),(#3422,#3424,#3426,#3428,#3430,#3432,#3434,#3436,#3438)),.UNSPECIFIED.,.F.,.T.,.U.)B_SPLINE_SURFACE_WITH_KNOTS((2,2),(3,2,2,2,3),(-0.800000000000001,0.0),(0.0,1.570796326794897,3.141592653589793,4.712388980384690,6.283185307179586),.UNSPECIFIED.)GEOMETRIC_REPRESENTATION_ITEM()RATIONAL_B_SPLINE_SURFACE(((1.0,0.707106781186548,1.0,0.707106781186548,1.0,0.707106781186548,1.0,0.707106781186548,1.0),(1.0,0.707106781186548,1.0,0.707106781186548,1.0,0.707106781186548,1.0,0.707106781186548,1.0)))REPRESENTATION_ITEM('')SURFACE());
#3447=ORIENTED_EDGE('',*,*,#3064,.T.);
#3448=CARTESIAN_POINT('',(93.500000000000000,-2.273737E-013,17.000000000000057));
#3449=DIRECTION('',(0.0,0.0,1.0));
#3450=DIRECTION('',(1.0,0.0,0.0));
#3451=AXIS2_PLACEMENT_3D('',#3448,#3449,#3450);
#3452=CIRCLE('',#3451,1.0);
#3453=EDGE_CURVE('',#3389,#3059,#3452,.T.);
#3454=ORIENTED_EDGE('',*,*,#3453,.F.);
#3455=ORIENTED_EDGE('',*,*,#3416,.F.);
#3456=CARTESIAN_POINT('',(93.500000000000000,-2.273737E-013,17.800000000000058));
#3457=DIRECTION('',(0.0,0.0,-1.0));
#3458=DIRECTION('',(1.0,0.0,0.0));
#3459=AXIS2_PLACEMENT_3D('',#3456,#3457,#3458);
#3460=CIRCLE('',#3459,1.0);
#3461=EDGE_CURVE('',#3057,#3405,#3460,.T.);
#3462=ORIENTED_EDGE('',*,*,#3461,.F.);
#3463=EDGE_LOOP('',(#3447,#3454,#3455,#3462));
#3464=FACE_OUTER_BOUND('',#3463,.T.);
#3465=ADVANCED_FACE('',(#3464),#3446,.T.);
#3466=CARTESIAN_POINT('',(93.500000000000000,0.999999999999773,17.000000000000057));
#3467=CARTESIAN_POINT('',(93.500000000000000,0.999999999999773,17.800000000000058));
#3468=CARTESIAN_POINT('',(92.500000000000000,0.999999999999773,17.000000000000057));
#3469=CARTESIAN_POINT('',(92.500000000000000,0.999999999999773,17.800000000000054));
#3470=B_SPLINE_SURFACE_WITH_KNOTS('',1,1,((#3466,#3468),(#3467,#3469)),.UNSPECIFIED.,.F.,.F.,.U.,(2,2),(2,2),(0.0,0.800000000000001),(0.0,1.0),.UNSPECIFIED.);
#3471=CARTESIAN_POINT('',(93.500000000000000,0.999999999999773,17.000000000000057));
#3472=DIRECTION('',(-1.0,0.0,0.0));
#3473=VECTOR('',#3472,1.0);
#3474=LINE('',#3471,#3473);
#3475=EDGE_CURVE('',#3076,#3004,#3474,.T.);
#3476=ORIENTED_EDGE('',*,*,#3475,.F.);
#3477=ORIENTED_EDGE('',*,*,#3081,.F.);
#3478=CARTESIAN_POINT('',(92.500000000000000,0.999999999999773,17.800000000000058));
#3479=DIRECTION('',(1.0,0.0,0.0));
#3480=VECTOR('',#3479,1.0);
#3481=LINE('',#3478,#3480);
#3482=EDGE_CURVE('',#3013,#3067,#3481,.T.);
#3483=ORIENTED_EDGE('',*,*,#3482,.F.);
#3484=ORIENTED_EDGE('',*,*,#3018,.T.);
#3485=EDGE_LOOP('',(#3476,#3477,#3483,#3484));
#3486=FACE_OUTER_BOUND('',#3485,.T.);
#3487=ADVANCED_FACE('',(#3486),#3470,.T.);
#3488=CARTESIAN_POINT('',(91.500000000000000,-2.274961E-013,17.000000000000057));
#3489=CARTESIAN_POINT('',(91.500000000000000,-2.274961E-013,17.800000000000058));
#3490=CARTESIAN_POINT('',(91.500000000000014,-1.000000000000227,17.000000000000057));
#3491=CARTESIAN_POINT('',(91.500000000000014,-1.000000000000227,17.800000000000058));
#3492=CARTESIAN_POINT('',(92.500000000000000,-1.000000000000227,17.000000000000057));
#3493=CARTESIAN_POINT('',(92.500000000000000,-1.000000000000227,17.800000000000058));
#3494=CARTESIAN_POINT('',(93.500000000000000,-1.000000000000227,17.000000000000057));
#3495=CARTESIAN_POINT('',(93.500000000000000,-1.000000000000227,17.800000000000058));
#3496=CARTESIAN_POINT('',(93.500000000000000,-2.272512E-013,17.000000000000057));
#3497=CARTESIAN_POINT('',(93.500000000000000,-2.272512E-013,17.800000000000058));
#3498=CARTESIAN_POINT('',(93.500000000000000,0.999999999999773,17.000000000000057));
#3499=CARTESIAN_POINT('',(93.500000000000000,0.999999999999773,17.800000000000058));
#3500=CARTESIAN_POINT('',(92.500000000000000,0.999999999999773,17.000000000000057));
#3501=CARTESIAN_POINT('',(92.500000000000000,0.999999999999773,17.800000000000058));
#3502=CARTESIAN_POINT('',(91.500000000000014,0.999999999999772,17.000000000000057));
#3503=CARTESIAN_POINT('',(91.500000000000014,0.999999999999772,17.800000000000058));
#3504=CARTESIAN_POINT('',(91.500000000000000,-2.274961E-013,17.000000000000057));
#3505=CARTESIAN_POINT('',(91.500000000000000,-2.274961E-013,17.800000000000058));
#3513=(BOUNDED_SURFACE()B_SPLINE_SURFACE(1,2,((#3488,#3490,#3492,#3494,#3496,#3498,#3500,#3502,#3504),(#3489,#3491,#3493,#3495,#3497,#3499,#3501,#3503,#3505)),.UNSPECIFIED.,.F.,.T.,.U.)B_SPLINE_SURFACE_WITH_KNOTS((2,2),(3,2,2,2,3),(-0.800000000000001,0.0),(0.0,1.570796326794897,3.141592653589793,4.712388980384690,6.283185307179586),.UNSPECIFIED.)GEOMETRIC_REPRESENTATION_ITEM()RATIONAL_B_SPLINE_SURFACE(((1.0,0.707106781186548,1.0,0.707106781186548,1.0,0.707106781186548,1.0,0.707106781186548,1.0),(1.0,0.707106781186548,1.0,0.707106781186548,1.0,0.707106781186548,1.0,0.707106781186548,1.0)))REPRESENTATION_ITEM('')SURFACE());
#3514=ORIENTED_EDGE('',*,*,#3001,.T.);
#3515=CARTESIAN_POINT('',(92.500000000000000,-2.273737E-013,17.800000000000058));
#3516=DIRECTION('',(0.0,0.0,-1.0));
#3517=DIRECTION('',(1.0,0.0,0.0));
#3518=AXIS2_PLACEMENT_3D('',#3515,#3516,#3517);
#3519=CIRCLE('',#3518,1.0);
#3520=EDGE_CURVE('',#3397,#2996,#3519,.T.);
#3521=ORIENTED_EDGE('',*,*,#3520,.F.);
#3522=ORIENTED_EDGE('',*,*,#3402,.T.);
#3523=CARTESIAN_POINT('',(92.500000000000000,-2.273737E-013,17.000000000000057));
#3524=DIRECTION('',(0.0,0.0,1.0));
#3525=DIRECTION('',(1.0,0.0,0.0));
#3526=AXIS2_PLACEMENT_3D('',#3523,#3524,#3525);
#3527=CIRCLE('',#3526,1.0);
#3528=EDGE_CURVE('',#2994,#3387,#3527,.T.);
#3529=ORIENTED_EDGE('',*,*,#3528,.F.);
#3530=EDGE_LOOP('',(#3514,#3521,#3522,#3529));
#3531=FACE_OUTER_BOUND('',#3530,.T.);
#3532=ADVANCED_FACE('',(#3531),#3513,.T.);
#3533=CARTESIAN_POINT('',(88.0,2.499999999999773,17.800000000000058));
#3534=CARTESIAN_POINT('',(96.0,2.499999999999773,17.800000000000058));
#3535=CARTESIAN_POINT('',(88.0,-2.500000000000227,17.800000000000058));
#3536=CARTESIAN_POINT('',(96.0,-2.500000000000227,17.800000000000058));
#3537=B_SPLINE_SURFACE_WITH_KNOTS('',1,1,((#3533,#3535),(#3534,#3536)),.UNSPECIFIED.,.F.,.F.,.U.,(2,2),(2,2),(0.0,8.0),(0.0,5.0),.UNSPECIFIED.);
#3538=ORIENTED_EDGE('',*,*,#3370,.T.);
#3539=ORIENTED_EDGE('',*,*,#3339,.T.);
#3540=ORIENTED_EDGE('',*,*,#3308,.F.);
#3541=ORIENTED_EDGE('',*,*,#3277,.F.);
#3542=ORIENTED_EDGE('',*,*,#3246,.F.);
#3543=ORIENTED_EDGE('',*,*,#3215,.F.);
#3544=ORIENTED_EDGE('',*,*,#3184,.F.);
#3545=ORIENTED_EDGE('',*,*,#3153,.T.);
#3546=ORIENTED_EDGE('',*,*,#3122,.F.);
#3547=CARTESIAN_POINT('',(88.0,-1.500000000000227,17.800000000000058));
#3548=DIRECTION('',(0.0,1.0,0.0));
#3549=VECTOR('',#3548,3.0);
#3550=LINE('',#3547,#3549);
#3551=EDGE_CURVE('',#3365,#3109,#3550,.T.);
#3552=ORIENTED_EDGE('',*,*,#3551,.F.);
#3553=EDGE_LOOP('',(#3538,#3539,#3540,#3541,#3542,#3543,#3544,#3545,#3546,#3552));
#3554=FACE_OUTER_BOUND('',#3553,.T.);
#3555=ORIENTED_EDGE('',*,*,#3520,.T.);
#3556=ORIENTED_EDGE('',*,*,#3025,.T.);
#3557=ORIENTED_EDGE('',*,*,#3482,.T.);
#3558=ORIENTED_EDGE('',*,*,#3073,.T.);
#3559=ORIENTED_EDGE('',*,*,#3461,.T.);
#3560=ORIENTED_EDGE('',*,*,#3410,.T.);
#3561=EDGE_LOOP('',(#3555,#3556,#3557,#3558,#3559,#3560));
#3562=FACE_BOUND('',#3561,.T.);
#3563=ADVANCED_FACE('',(#3554,#3562),#3537,.F.);
#3564=CARTESIAN_POINT('',(88.0,2.499999999999773,17.000000000000057));
#3565=CARTESIAN_POINT('',(96.0,2.499999999999773,17.000000000000057));
#3566=CARTESIAN_POINT('',(88.0,-2.500000000000227,17.000000000000057));
#3567=CARTESIAN_POINT('',(96.0,-2.500000000000227,17.000000000000057));
#3568=B_SPLINE_SURFACE_WITH_KNOTS('',1,1,((#3564,#3566),(#3565,#3567)),.UNSPECIFIED.,.F.,.F.,.U.,(2,2),(2,2),(0.0,8.0),(0.0,5.0),.UNSPECIFIED.);
#3569=CARTESIAN_POINT('',(88.0,1.499999999999773,17.000000000000057));
#3570=DIRECTION('',(0.0,-1.0,0.0));
#3571=VECTOR('',#3570,3.0);
#3572=LINE('',#3569,#3571);
#3573=EDGE_CURVE('',#3099,#3356,#3572,.T.);
#3574=ORIENTED_EDGE('',*,*,#3573,.F.);
#3575=ORIENTED_EDGE('',*,*,#3106,.T.);
#3576=ORIENTED_EDGE('',*,*,#3144,.T.);
#3577=ORIENTED_EDGE('',*,*,#3175,.T.);
#3578=ORIENTED_EDGE('',*,*,#3206,.T.);
#3579=ORIENTED_EDGE('',*,*,#3237,.T.);
#3580=ORIENTED_EDGE('',*,*,#3268,.T.);
#3581=ORIENTED_EDGE('',*,*,#3299,.T.);
#3582=ORIENTED_EDGE('',*,*,#3330,.T.);
#3583=ORIENTED_EDGE('',*,*,#3361,.T.);
#3584=EDGE_LOOP('',(#3574,#3575,#3576,#3577,#3578,#3579,#3580,#3581,#3582,#3583));
#3585=FACE_OUTER_BOUND('',#3584,.T.);
#3586=ORIENTED_EDGE('',*,*,#3394,.T.);
#3587=ORIENTED_EDGE('',*,*,#3453,.T.);
#3588=ORIENTED_EDGE('',*,*,#3088,.T.);
#3589=ORIENTED_EDGE('',*,*,#3475,.T.);
#3590=ORIENTED_EDGE('',*,*,#3010,.T.);
#3591=ORIENTED_EDGE('',*,*,#3528,.T.);
#3592=EDGE_LOOP('',(#3586,#3587,#3588,#3589,#3590,#3591));
#3593=FACE_BOUND('',#3592,.T.);
#3594=ADVANCED_FACE('',(#3585,#3593),#3568,.T.);
#3595=CARTESIAN_POINT('',(86.500000000000000,9.500000000000114,14.097872179872255));
#3596=DIRECTION('',(-1.0,0.0,0.0));
#3597=DIRECTION('',(0.0,-1.0,0.0));
#3598=AXIS2_PLACEMENT_3D('',#3595,#3596,#3597);
#3599=CYLINDRICAL_SURFACE('',#3598,1.250000000000000);
#3600=ORIENTED_EDGE('',*,*,#2938,.T.);
#3601=CARTESIAN_POINT('',(85.499999999999943,9.500000000000114,14.097872179872255));
#3602=DIRECTION('',(-1.0,0.0,0.0));
#3603=DIRECTION('',(0.0,-1.0,0.0));
#3604=AXIS2_PLACEMENT_3D('',#3601,#3602,#3603);
#3605=CIRCLE('',#3604,1.250000000000000);
#3606=EDGE_CURVE('',#2950,#2933,#3605,.T.);
#3607=ORIENTED_EDGE('',*,*,#3606,.F.);
#3608=ORIENTED_EDGE('',*,*,#2955,.T.);
#3609=CARTESIAN_POINT('',(86.500000000000000,9.500000000000114,14.097872179872255));
#3610=DIRECTION('',(-1.0,0.0,0.0));
#3611=DIRECTION('',(0.0,-1.0,0.0));
#3612=AXIS2_PLACEMENT_3D('',#3609,#3610,#3611);
#3613=CIRCLE('',#3612,1.250000000000000);
#3614=EDGE_CURVE('',#2941,#2931,#3613,.T.);
#3615=ORIENTED_EDGE('',*,*,#3614,.T.);
#3616=EDGE_LOOP('',(#3600,#3607,#3608,#3615));
#3617=FACE_OUTER_BOUND('',#3616,.T.);
#3618=ADVANCED_FACE('',(#3617),#3599,.T.);
#3619=CARTESIAN_POINT('',(86.500000000000000,9.386363636363740,14.097872179872253));
#3620=DIRECTION('',(1.0,0.0,0.0));
#3621=DIRECTION('',(0.0,0.0,-1.0));
#3622=AXIS2_PLACEMENT_3D('',#3619,#3620,#3621);
#3623=PLANE('',#3622);
#3624=ORIENTED_EDGE('',*,*,#2947,.F.);
#3625=ORIENTED_EDGE('',*,*,#3614,.F.);
#3626=EDGE_LOOP('',(#3624,#3625));
#3627=FACE_OUTER_BOUND('',#3626,.T.);
#3628=ADVANCED_FACE('',(#3627),#3623,.T.);
#3629=CARTESIAN_POINT('',(86.500000000000000,-9.500000000000114,14.097872179871633));
#3630=DIRECTION('',(-1.0,0.0,0.0));
#3631=DIRECTION('',(0.0,-1.0,0.0));
#3632=AXIS2_PLACEMENT_3D('',#3629,#3630,#3631);
#3633=CYLINDRICAL_SURFACE('',#3632,1.250000000000000);
#3634=ORIENTED_EDGE('',*,*,#2896,.T.);
#3635=CARTESIAN_POINT('',(85.499999999999943,-9.500000000000114,14.097872179871633));
#3636=DIRECTION('',(-1.0,0.0,0.0));
#3637=DIRECTION('',(0.0,-1.0,0.0));
#3638=AXIS2_PLACEMENT_3D('',#3635,#3636,#3637);
#3639=CIRCLE('',#3638,1.250000000000000);
#3640=EDGE_CURVE('',#2908,#2891,#3639,.T.);
#3641=ORIENTED_EDGE('',*,*,#3640,.F.);
#3642=ORIENTED_EDGE('',*,*,#2913,.T.);
#3643=CARTESIAN_POINT('',(86.500000000000000,-9.500000000000114,14.097872179871633));
#3644=DIRECTION('',(-1.0,0.0,0.0));
#3645=DIRECTION('',(0.0,-1.0,0.0));
#3646=AXIS2_PLACEMENT_3D('',#3643,#3644,#3645);
#3647=CIRCLE('',#3646,1.250000000000000);
#3648=EDGE_CURVE('',#2899,#2889,#3647,.T.);
#3649=ORIENTED_EDGE('',*,*,#3648,.T.);
#3650=EDGE_LOOP('',(#3634,#3641,#3642,#3649));
#3651=FACE_OUTER_BOUND('',#3650,.T.);
#3652=ADVANCED_FACE('',(#3651),#3633,.T.);
#3653=CARTESIAN_POINT('',(86.500000000000000,-9.613636363636488,14.097872179871631));
#3654=DIRECTION('',(1.0,0.0,0.0));
#3655=DIRECTION('',(0.0,0.0,-1.0));
#3656=AXIS2_PLACEMENT_3D('',#3653,#3654,#3655);
#3657=PLANE('',#3656);
#3658=ORIENTED_EDGE('',*,*,#2905,.F.);
#3659=ORIENTED_EDGE('',*,*,#3648,.F.);
#3660=EDGE_LOOP('',(#3658,#3659));
#3661=FACE_OUTER_BOUND('',#3660,.T.);
#3662=ADVANCED_FACE('',(#3661),#3657,.T.);
#3663=CARTESIAN_POINT('',(87.0,-5.000000000000341,19.364916731036999));
#3664=DIRECTION('',(0.0,-1.0,0.0));
#3665=DIRECTION('',(0.0,0.0,-1.0));
#3666=AXIS2_PLACEMENT_3D('',#3663,#3664,#3665);
#3667=PLANE('',#3666);
#3668=CARTESIAN_POINT('',(87.0,-5.000000000000227,15.500000000000057));
#3669=VERTEX_POINT('',#3668);
#3670=CARTESIAN_POINT('',(85.500000000000000,-5.000000000000227,15.500000000000057));
#3671=VERTEX_POINT('',#3670);
#3672=CARTESIAN_POINT('',(87.0,-5.000000000000227,15.500000000000057));
#3673=DIRECTION('',(-1.0,0.0,0.0));
#3674=VECTOR('',#3673,1.500000000000000);
#3675=LINE('',#3672,#3674);
#3676=EDGE_CURVE('',#3669,#3671,#3675,.T.);
#3677=ORIENTED_EDGE('',*,*,#3676,.F.);
#3678=CARTESIAN_POINT('',(87.0,-5.000000000000227,15.500000000000057));
#3679=DIRECTION('',(0.0,0.0,1.0));
#3680=VECTOR('',#3679,3.864916731036942);
#3681=LINE('',#3678,#3680);
#3682=EDGE_CURVE('',#3669,#2194,#3681,.T.);
#3683=ORIENTED_EDGE('',*,*,#3682,.T.);
#3684=ORIENTED_EDGE('',*,*,#2199,.T.);
#3685=CARTESIAN_POINT('',(85.500000000000000,-5.000000000000227,15.500000000000057));
#3686=DIRECTION('',(0.0,0.0,1.0));
#3687=VECTOR('',#3686,3.864916731036942);
#3688=LINE('',#3685,#3687);
#3689=EDGE_CURVE('',#3671,#2185,#3688,.T.);
#3690=ORIENTED_EDGE('',*,*,#3689,.F.);
#3691=EDGE_LOOP('',(#3677,#3683,#3684,#3690));
#3692=FACE_OUTER_BOUND('',#3691,.T.);
#3693=ADVANCED_FACE('',(#3692),#3667,.T.);
#3694=CARTESIAN_POINT('',(88.0,-3.750000000000227,15.500000000000057));
#3695=DIRECTION('',(0.0,0.0,-1.0));
#3696=DIRECTION('',(-1.0,0.0,0.0));
#3697=AXIS2_PLACEMENT_3D('',#3694,#3695,#3696);
#3698=PLANE('',#3697);
#3699=CARTESIAN_POINT('',(87.0,4.999999999999773,15.500000000000057));
#3700=VERTEX_POINT('',#3699);
#3701=CARTESIAN_POINT('',(85.500000000000000,4.999999999999773,15.500000000000057));
#3702=VERTEX_POINT('',#3701);
#3703=CARTESIAN_POINT('',(87.0,4.999999999999773,15.500000000000057));
#3704=DIRECTION('',(-1.0,0.0,0.0));
#3705=VECTOR('',#3704,1.500000000000000);
#3706=LINE('',#3703,#3705);
#3707=EDGE_CURVE('',#3700,#3702,#3706,.T.);
#3708=ORIENTED_EDGE('',*,*,#3707,.F.);
#3709=CARTESIAN_POINT('',(87.0,3.749999999999773,15.500000000000057));
#3710=VERTEX_POINT('',#3709);
#3711=CARTESIAN_POINT('',(87.0,4.999999999999773,15.500000000000057));
#3712=DIRECTION('',(0.0,-1.0,0.0));
#3713=VECTOR('',#3712,1.250000000000000);
#3714=LINE('',#3711,#3713);
#3715=EDGE_CURVE('',#3700,#3710,#3714,.T.);
#3716=ORIENTED_EDGE('',*,*,#3715,.T.);
#3717=CARTESIAN_POINT('',(88.0,3.749999999999773,15.500000000000057));
#3718=VERTEX_POINT('',#3717);
#3719=CARTESIAN_POINT('',(88.0,3.749999999999773,15.500000000000057));
#3720=DIRECTION('',(-1.0,0.0,0.0));
#3721=VECTOR('',#3720,1.0);
#3722=LINE('',#3719,#3721);
#3723=EDGE_CURVE('',#3718,#3710,#3722,.T.);
#3724=ORIENTED_EDGE('',*,*,#3723,.F.);
#3725=CARTESIAN_POINT('',(88.0,-3.750000000000227,15.500000000000057));
#3726=VERTEX_POINT('',#3725);
#3727=CARTESIAN_POINT('',(88.0,3.749999999999773,15.500000000000057));
#3728=DIRECTION('',(0.0,-1.0,0.0));
#3729=VECTOR('',#3728,7.500000000000000);
#3730=LINE('',#3727,#3729);
#3731=EDGE_CURVE('',#3718,#3726,#3730,.T.);
#3732=ORIENTED_EDGE('',*,*,#3731,.T.);
#3733=CARTESIAN_POINT('',(87.0,-3.750000000000227,15.500000000000057));
#3734=VERTEX_POINT('',#3733);
#3735=CARTESIAN_POINT('',(88.0,-3.750000000000227,15.500000000000057));
#3736=DIRECTION('',(-1.0,0.0,0.0));
#3737=VECTOR('',#3736,1.0);
#3738=LINE('',#3735,#3737);
#3739=EDGE_CURVE('',#3726,#3734,#3738,.T.);
#3740=ORIENTED_EDGE('',*,*,#3739,.T.);
#3741=CARTESIAN_POINT('',(87.0,-3.750000000000227,15.500000000000057));
#3742=DIRECTION('',(0.0,-1.0,0.0));
#3743=VECTOR('',#3742,1.250000000000000);
#3744=LINE('',#3741,#3743);
#3745=EDGE_CURVE('',#3734,#3669,#3744,.T.);
#3746=ORIENTED_EDGE('',*,*,#3745,.T.);
#3747=ORIENTED_EDGE('',*,*,#3676,.T.);
#3748=CARTESIAN_POINT('',(85.500000000000000,4.999999999999773,15.500000000000057));
#3749=DIRECTION('',(0.0,-1.0,0.0));
#3750=VECTOR('',#3749,10.0);
#3751=LINE('',#3748,#3750);
#3752=EDGE_CURVE('',#3702,#3671,#3751,.T.);
#3753=ORIENTED_EDGE('',*,*,#3752,.F.);
#3754=EDGE_LOOP('',(#3708,#3716,#3724,#3732,#3740,#3746,#3747,#3753));
#3755=FACE_OUTER_BOUND('',#3754,.T.);
#3756=ADVANCED_FACE('',(#3755),#3698,.T.);
#3757=CARTESIAN_POINT('',(87.0,4.999999999999773,15.500000000000057));
#3758=DIRECTION('',(0.0,1.0,0.0));
#3759=DIRECTION('',(0.0,0.0,1.0));
#3760=AXIS2_PLACEMENT_3D('',#3757,#3758,#3759);
#3761=PLANE('',#3760);
#3762=CARTESIAN_POINT('',(87.0,4.999999999999773,19.364916731037141));
#3763=VERTEX_POINT('',#3762);
#3764=CARTESIAN_POINT('',(85.500000000000000,4.999999999999773,19.364916731037141));
#3765=VERTEX_POINT('',#3764);
#3766=CARTESIAN_POINT('',(87.0,4.999999999999773,19.364916731037141));
#3767=DIRECTION('',(-1.0,0.0,0.0));
#3768=VECTOR('',#3767,1.500000000000000);
#3769=LINE('',#3766,#3768);
#3770=EDGE_CURVE('',#3763,#3765,#3769,.T.);
#3771=ORIENTED_EDGE('',*,*,#3770,.F.);
#3772=CARTESIAN_POINT('',(87.0,4.999999999999773,15.500000000000057));
#3773=DIRECTION('',(0.0,0.0,1.0));
#3774=VECTOR('',#3773,3.864916731037084);
#3775=LINE('',#3772,#3774);
#3776=EDGE_CURVE('',#3700,#3763,#3775,.T.);
#3777=ORIENTED_EDGE('',*,*,#3776,.F.);
#3778=ORIENTED_EDGE('',*,*,#3707,.T.);
#3779=CARTESIAN_POINT('',(85.500000000000000,4.999999999999773,19.364916731037141));
#3780=DIRECTION('',(0.0,0.0,-1.0));
#3781=VECTOR('',#3780,3.864916731037084);
#3782=LINE('',#3779,#3781);
#3783=EDGE_CURVE('',#3765,#3702,#3782,.T.);
#3784=ORIENTED_EDGE('',*,*,#3783,.F.);
#3785=EDGE_LOOP('',(#3771,#3777,#3778,#3784));
#3786=FACE_OUTER_BOUND('',#3785,.T.);
#3787=ADVANCED_FACE('',(#3786),#3761,.T.);
#3788=CARTESIAN_POINT('',(87.0,-2.273737E-013,17.578112758985675));
#3789=DIRECTION('',(1.0,0.0,0.0));
#3790=DIRECTION('',(0.0,0.0,-1.0));
#3791=AXIS2_PLACEMENT_3D('',#3788,#3789,#3790);
#3792=PLANE('',#3791);
#3793=CARTESIAN_POINT('',(87.0,3.749999999999773,19.000000000000057));
#3794=VERTEX_POINT('',#3793);
#3795=CARTESIAN_POINT('',(87.0,3.749999999999773,15.500000000000057));
#3796=DIRECTION('',(0.0,0.0,1.0));
#3797=VECTOR('',#3796,3.500000000000000);
#3798=LINE('',#3795,#3797);
#3799=EDGE_CURVE('',#3710,#3794,#3798,.T.);
#3800=ORIENTED_EDGE('',*,*,#3799,.F.);
#3801=ORIENTED_EDGE('',*,*,#3715,.F.);
#3802=ORIENTED_EDGE('',*,*,#3776,.T.);
#3803=CARTESIAN_POINT('',(87.0,0.0,0.0));
#3804=DIRECTION('',(-1.0,0.0,0.0));
#3805=DIRECTION('',(0.0,-1.0,0.0));
#3806=AXIS2_PLACEMENT_3D('',#3803,#3804,#3805);
#3807=CIRCLE('',#3806,20.0);
#3808=EDGE_CURVE('',#2143,#3763,#3807,.T.);
#3809=ORIENTED_EDGE('',*,*,#3808,.F.);
#3810=ORIENTED_EDGE('',*,*,#2206,.F.);
#3811=ORIENTED_EDGE('',*,*,#3682,.F.);
#3812=ORIENTED_EDGE('',*,*,#3745,.F.);
#3813=CARTESIAN_POINT('',(87.0,-3.750000000000227,19.000000000000057));
#3814=VERTEX_POINT('',#3813);
#3815=CARTESIAN_POINT('',(87.0,-3.750000000000227,19.000000000000057));
#3816=DIRECTION('',(0.0,0.0,-1.0));
#3817=VECTOR('',#3816,3.500000000000000);
#3818=LINE('',#3815,#3817);
#3819=EDGE_CURVE('',#3814,#3734,#3818,.T.);
#3820=ORIENTED_EDGE('',*,*,#3819,.F.);
#3821=CARTESIAN_POINT('',(87.0,3.749999999999773,19.000000000000057));
#3822=DIRECTION('',(0.0,-1.0,0.0));
#3823=VECTOR('',#3822,7.500000000000000);
#3824=LINE('',#3821,#3823);
#3825=EDGE_CURVE('',#3794,#3814,#3824,.T.);
#3826=ORIENTED_EDGE('',*,*,#3825,.F.);
#3827=EDGE_LOOP('',(#3800,#3801,#3802,#3809,#3810,#3811,#3812,#3820,#3826));
#3828=FACE_OUTER_BOUND('',#3827,.T.);
#3829=ADVANCED_FACE('',(#3828),#3792,.T.);
#3830=CARTESIAN_POINT('',(88.0,3.749999999999773,15.500000000000057));
#3831=DIRECTION('',(0.0,1.0,0.0));
#3832=DIRECTION('',(0.0,0.0,1.0));
#3833=AXIS2_PLACEMENT_3D('',#3830,#3831,#3832);
#3834=PLANE('',#3833);
#3835=ORIENTED_EDGE('',*,*,#3799,.T.);
#3836=CARTESIAN_POINT('',(88.0,3.749999999999773,19.000000000000057));
#3837=VERTEX_POINT('',#3836);
#3838=CARTESIAN_POINT('',(88.0,3.749999999999773,19.000000000000057));
#3839=DIRECTION('',(-1.0,0.0,0.0));
#3840=VECTOR('',#3839,1.0);
#3841=LINE('',#3838,#3840);
#3842=EDGE_CURVE('',#3837,#3794,#3841,.T.);
#3843=ORIENTED_EDGE('',*,*,#3842,.F.);
#3844=CARTESIAN_POINT('',(88.0,3.749999999999773,19.000000000000057));
#3845=DIRECTION('',(0.0,0.0,-1.0));
#3846=VECTOR('',#3845,3.500000000000000);
#3847=LINE('',#3844,#3846);
#3848=EDGE_CURVE('',#3837,#3718,#3847,.T.);
#3849=ORIENTED_EDGE('',*,*,#3848,.T.);
#3850=ORIENTED_EDGE('',*,*,#3723,.T.);
#3851=EDGE_LOOP('',(#3835,#3843,#3849,#3850));
#3852=FACE_OUTER_BOUND('',#3851,.T.);
#3853=ADVANCED_FACE('',(#3852),#3834,.T.);
#3854=CARTESIAN_POINT('',(88.0,3.749999999999773,19.000000000000057));
#3855=DIRECTION('',(0.0,0.0,1.0));
#3856=DIRECTION('',(1.0,0.0,0.0));
#3857=AXIS2_PLACEMENT_3D('',#3854,#3855,#3856);
#3858=PLANE('',#3857);
#3859=ORIENTED_EDGE('',*,*,#3825,.T.);
#3860=CARTESIAN_POINT('',(88.0,-3.750000000000227,19.000000000000057));
#3861=VERTEX_POINT('',#3860);
#3862=CARTESIAN_POINT('',(88.0,-3.750000000000227,19.000000000000057));
#3863=DIRECTION('',(-1.0,0.0,0.0));
#3864=VECTOR('',#3863,1.0);
#3865=LINE('',#3862,#3864);
#3866=EDGE_CURVE('',#3861,#3814,#3865,.T.);
#3867=ORIENTED_EDGE('',*,*,#3866,.F.);
#3868=CARTESIAN_POINT('',(88.0,3.749999999999773,19.000000000000057));
#3869=DIRECTION('',(0.0,-1.0,0.0));
#3870=VECTOR('',#3869,7.500000000000000);
#3871=LINE('',#3868,#3870);
#3872=EDGE_CURVE('',#3837,#3861,#3871,.T.);
#3873=ORIENTED_EDGE('',*,*,#3872,.F.);
#3874=ORIENTED_EDGE('',*,*,#3842,.T.);
#3875=EDGE_LOOP('',(#3859,#3867,#3873,#3874));
#3876=FACE_OUTER_BOUND('',#3875,.T.);
#3877=ADVANCED_FACE('',(#3876),#3858,.T.);
#3878=CARTESIAN_POINT('',(88.0,-3.750000000000227,19.000000000000057));
#3879=DIRECTION('',(0.0,-1.0,0.0));
#3880=DIRECTION('',(0.0,0.0,-1.0));
#3881=AXIS2_PLACEMENT_3D('',#3878,#3879,#3880);
#3882=PLANE('',#3881);
#3883=ORIENTED_EDGE('',*,*,#3819,.T.);
#3884=ORIENTED_EDGE('',*,*,#3739,.F.);
#3885=CARTESIAN_POINT('',(88.0,-3.750000000000227,19.000000000000057));
#3886=DIRECTION('',(0.0,0.0,-1.0));
#3887=VECTOR('',#3886,3.500000000000000);
#3888=LINE('',#3885,#3887);
#3889=EDGE_CURVE('',#3861,#3726,#3888,.T.);
#3890=ORIENTED_EDGE('',*,*,#3889,.F.);
#3891=ORIENTED_EDGE('',*,*,#3866,.T.);
#3892=EDGE_LOOP('',(#3883,#3884,#3890,#3891));
#3893=FACE_OUTER_BOUND('',#3892,.T.);
#3894=ADVANCED_FACE('',(#3893),#3882,.T.);
#3895=CARTESIAN_POINT('',(88.0,-2.273737E-013,17.250000000000057));
#3896=DIRECTION('',(1.0,0.0,0.0));
#3897=DIRECTION('',(0.0,0.0,-1.0));
#3898=AXIS2_PLACEMENT_3D('',#3895,#3896,#3897);
#3899=PLANE('',#3898);
#3900=ORIENTED_EDGE('',*,*,#3889,.T.);
#3901=ORIENTED_EDGE('',*,*,#3731,.F.);
#3902=ORIENTED_EDGE('',*,*,#3848,.F.);
#3903=ORIENTED_EDGE('',*,*,#3872,.T.);
#3904=EDGE_LOOP('',(#3900,#3901,#3902,#3903));
#3905=FACE_OUTER_BOUND('',#3904,.T.);
#3906=ORIENTED_EDGE('',*,*,#3376,.T.);
#3907=ORIENTED_EDGE('',*,*,#3551,.T.);
#3908=ORIENTED_EDGE('',*,*,#3114,.T.);
#3909=ORIENTED_EDGE('',*,*,#3573,.T.);
#3910=EDGE_LOOP('',(#3906,#3907,#3908,#3909));
#3911=FACE_BOUND('',#3910,.T.);
#3912=ADVANCED_FACE('',(#3905,#3911),#3899,.T.);
#3913=CARTESIAN_POINT('',(85.499999999999943,0.0,17.249999999999943));
#3914=DIRECTION('',(1.0,0.0,0.0));
#3915=DIRECTION('',(0.0,0.0,-1.0));
#3916=AXIS2_PLACEMENT_3D('',#3913,#3914,#3915);
#3917=PLANE('',#3916);
#3918=ORIENTED_EDGE('',*,*,#3783,.T.);
#3919=ORIENTED_EDGE('',*,*,#3752,.T.);
#3920=ORIENTED_EDGE('',*,*,#3689,.T.);
#3921=ORIENTED_EDGE('',*,*,#2191,.T.);
#3922=CARTESIAN_POINT('',(85.500000000000000,-5.000000000000227,-15.500000000000057));
#3923=VERTEX_POINT('',#3922);
#3924=CARTESIAN_POINT('',(85.500000000000000,-5.000000000000341,-19.364916731036999));
#3925=DIRECTION('',(0.0,0.0,1.0));
#3926=VECTOR('',#3925,3.864916731036942);
#3927=LINE('',#3924,#3926);
#3928=EDGE_CURVE('',#2177,#3923,#3927,.T.);
#3929=ORIENTED_EDGE('',*,*,#3928,.T.);
#3930=CARTESIAN_POINT('',(85.500000000000000,4.999999999999773,-15.500000000000057));
#3931=VERTEX_POINT('',#3930);
#3932=CARTESIAN_POINT('',(85.500000000000000,-5.000000000000227,-15.500000000000057));
#3933=DIRECTION('',(0.0,1.0,0.0));
#3934=VECTOR('',#3933,10.0);
#3935=LINE('',#3932,#3934);
#3936=EDGE_CURVE('',#3923,#3931,#3935,.T.);
#3937=ORIENTED_EDGE('',*,*,#3936,.T.);
#3938=CARTESIAN_POINT('',(85.500000000000000,4.999999999999773,-19.364916731037145));
#3939=VERTEX_POINT('',#3938);
#3940=CARTESIAN_POINT('',(85.500000000000000,4.999999999999773,-15.500000000000057));
#3941=DIRECTION('',(0.0,0.0,-1.0));
#3942=VECTOR('',#3941,3.864916731037088);
#3943=LINE('',#3940,#3942);
#3944=EDGE_CURVE('',#3931,#3939,#3943,.T.);
#3945=ORIENTED_EDGE('',*,*,#3944,.T.);
#3946=CARTESIAN_POINT('',(85.499999999999943,0.0,0.0));
#3947=DIRECTION('',(1.0,0.0,0.0));
#3948=DIRECTION('',(0.0,0.0,1.0));
#3949=AXIS2_PLACEMENT_3D('',#3946,#3947,#3948);
#3950=CIRCLE('',#3949,20.0);
#3951=EDGE_CURVE('',#3939,#3765,#3950,.T.);
#3952=ORIENTED_EDGE('',*,*,#3951,.T.);
#3953=EDGE_LOOP('',(#3918,#3919,#3920,#3921,#3929,#3937,#3945,#3952));
#3954=FACE_OUTER_BOUND('',#3953,.T.);
#3955=ORIENTED_EDGE('',*,*,#2962,.T.);
#3956=ORIENTED_EDGE('',*,*,#3606,.T.);
#3957=EDGE_LOOP('',(#3955,#3956));
#3958=FACE_BOUND('',#3957,.T.);
#3959=ORIENTED_EDGE('',*,*,#2920,.T.);
#3960=ORIENTED_EDGE('',*,*,#3640,.T.);
#3961=EDGE_LOOP('',(#3959,#3960));
#3962=FACE_BOUND('',#3961,.T.);
#3963=ORIENTED_EDGE('',*,*,#2115,.F.);
#3964=CARTESIAN_POINT('',(85.499999999999943,0.0,0.0));
#3965=DIRECTION('',(1.0,0.0,0.0));
#3966=DIRECTION('',(0.0,0.0,1.0));
#3967=AXIS2_PLACEMENT_3D('',#3964,#3965,#3966);
#3968=CIRCLE('',#3967,14.499999999999886);
#3969=EDGE_CURVE('',#2109,#2099,#3968,.T.);
#3970=ORIENTED_EDGE('',*,*,#3969,.F.);
#3971=EDGE_LOOP('',(#3963,#3970));
#3972=FACE_BOUND('',#3971,.T.);
#3973=CARTESIAN_POINT('',(85.500000000000000,-14.722431864335363,8.499999999999972));
#3974=DIRECTION('',(1.0,0.0,0.0));
#3975=DIRECTION('',(0.0,-1.0,0.0));
#3976=AXIS2_PLACEMENT_3D('',#3973,#3974,#3975);
#3977=CIRCLE('',#3976,1.750000000000000);
#3978=EDGE_CURVE('',#1863,#1880,#3977,.T.);
#3979=ORIENTED_EDGE('',*,*,#3978,.F.);
#3980=ORIENTED_EDGE('',*,*,#1892,.F.);
#3981=EDGE_LOOP('',(#3979,#3980));
#3982=FACE_BOUND('',#3981,.T.);
#3983=CARTESIAN_POINT('',(85.500000000000000,14.722431864335022,8.499999999999773));
#3984=DIRECTION('',(1.0,0.0,0.0));
#3985=DIRECTION('',(0.0,-1.0,0.0));
#3986=AXIS2_PLACEMENT_3D('',#3983,#3984,#3985);
#3987=CIRCLE('',#3986,1.750000000000000);
#3988=EDGE_CURVE('',#1821,#1838,#3987,.T.);
#3989=ORIENTED_EDGE('',*,*,#3988,.F.);
#3990=ORIENTED_EDGE('',*,*,#1850,.F.);
#3991=EDGE_LOOP('',(#3989,#3990));
#3992=FACE_BOUND('',#3991,.T.);
#3993=ORIENTED_EDGE('',*,*,#2668,.T.);
#3994=CARTESIAN_POINT('',(85.499999999999943,-9.500000000000114,-14.097872179871633));
#3995=DIRECTION('',(-1.0,0.0,0.0));
#3996=DIRECTION('',(0.0,-1.0,0.0));
#3997=AXIS2_PLACEMENT_3D('',#3994,#3995,#3996);
#3998=CIRCLE('',#3997,1.250000000000000);
#3999=EDGE_CURVE('',#2656,#2639,#3998,.T.);
#4000=ORIENTED_EDGE('',*,*,#3999,.T.);
#4001=EDGE_LOOP('',(#3993,#4000));
#4002=FACE_BOUND('',#4001,.T.);
#4003=ORIENTED_EDGE('',*,*,#2794,.T.);
#4004=CARTESIAN_POINT('',(85.499999999999943,9.500000000000114,-14.097872179872255));
#4005=DIRECTION('',(-1.0,0.0,0.0));
#4006=DIRECTION('',(0.0,-1.0,0.0));
#4007=AXIS2_PLACEMENT_3D('',#4004,#4005,#4006);
#4008=CIRCLE('',#4007,1.250000000000000);
#4009=EDGE_CURVE('',#2782,#2765,#4008,.T.);
#4010=ORIENTED_EDGE('',*,*,#4009,.T.);
#4011=EDGE_LOOP('',(#4003,#4010));
#4012=FACE_BOUND('',#4011,.T.);
#4013=ORIENTED_EDGE('',*,*,#2836,.T.);
#4014=CARTESIAN_POINT('',(85.499999999999943,-14.722431864335363,-8.499999999999773));
#4015=DIRECTION('',(-1.0,0.0,0.0));
#4016=DIRECTION('',(0.0,-1.0,0.0));
#4017=AXIS2_PLACEMENT_3D('',#4014,#4015,#4016);
#4018=CIRCLE('',#4017,1.750000000000000);
#4019=EDGE_CURVE('',#2824,#2807,#4018,.T.);
#4020=ORIENTED_EDGE('',*,*,#4019,.T.);
#4021=EDGE_LOOP('',(#4013,#4020));
#4022=FACE_BOUND('',#4021,.T.);
#4023=ORIENTED_EDGE('',*,*,#2878,.T.);
#4024=CARTESIAN_POINT('',(85.499999999999943,14.722431864334908,-8.499999999999858));
#4025=DIRECTION('',(-1.0,0.0,0.0));
#4026=DIRECTION('',(0.0,-1.0,0.0));
#4027=AXIS2_PLACEMENT_3D('',#4024,#4025,#4026);
#4028=CIRCLE('',#4027,1.750000000000000);
#4029=EDGE_CURVE('',#2866,#2849,#4028,.T.);
#4030=ORIENTED_EDGE('',*,*,#4029,.T.);
#4031=EDGE_LOOP('',(#4023,#4030));
#4032=FACE_BOUND('',#4031,.T.);
#4033=ADVANCED_FACE('',(#3954,#3958,#3962,#3972,#3982,#3992,#4002,#4012,#4022,#4032),#3917,.T.);
#4034=CARTESIAN_POINT('',(86.500000000000000,14.722431864334908,-8.499999999999858));
#4035=DIRECTION('',(-1.0,0.0,0.0));
#4036=DIRECTION('',(0.0,-1.0,0.0));
#4037=AXIS2_PLACEMENT_3D('',#4034,#4035,#4036);
#4038=CYLINDRICAL_SURFACE('',#4037,1.750000000000000);
#4039=ORIENTED_EDGE('',*,*,#2854,.T.);
#4040=ORIENTED_EDGE('',*,*,#4029,.F.);
#4041=ORIENTED_EDGE('',*,*,#2871,.T.);
#4042=CARTESIAN_POINT('',(86.500000000000000,14.722431864334908,-8.499999999999858));
#4043=DIRECTION('',(-1.0,0.0,0.0));
#4044=DIRECTION('',(0.0,-1.0,0.0));
#4045=AXIS2_PLACEMENT_3D('',#4042,#4043,#4044);
#4046=CIRCLE('',#4045,1.750000000000000);
#4047=EDGE_CURVE('',#2857,#2847,#4046,.T.);
#4048=ORIENTED_EDGE('',*,*,#4047,.T.);
#4049=EDGE_LOOP('',(#4039,#4040,#4041,#4048));
#4050=FACE_OUTER_BOUND('',#4049,.T.);
#4051=ADVANCED_FACE('',(#4050),#4038,.T.);
#4052=CARTESIAN_POINT('',(86.500000000000000,14.563340955244030,-8.499999999999858));
#4053=DIRECTION('',(1.0,0.0,0.0));
#4054=DIRECTION('',(0.0,0.0,-1.0));
#4055=AXIS2_PLACEMENT_3D('',#4052,#4053,#4054);
#4056=PLANE('',#4055);
#4057=ORIENTED_EDGE('',*,*,#2863,.F.);
#4058=ORIENTED_EDGE('',*,*,#4047,.F.);
#4059=EDGE_LOOP('',(#4057,#4058));
#4060=FACE_OUTER_BOUND('',#4059,.T.);
#4061=ADVANCED_FACE('',(#4060),#4056,.T.);
#4062=CARTESIAN_POINT('',(86.500000000000000,-14.722431864335363,-8.499999999999773));
#4063=DIRECTION('',(-1.0,0.0,0.0));
#4064=DIRECTION('',(0.0,-1.0,0.0));
#4065=AXIS2_PLACEMENT_3D('',#4062,#4063,#4064);
#4066=CYLINDRICAL_SURFACE('',#4065,1.750000000000000);
#4067=ORIENTED_EDGE('',*,*,#2812,.T.);
#4068=ORIENTED_EDGE('',*,*,#4019,.F.);
#4069=ORIENTED_EDGE('',*,*,#2829,.T.);
#4070=CARTESIAN_POINT('',(86.500000000000000,-14.722431864335363,-8.499999999999773));
#4071=DIRECTION('',(-1.0,0.0,0.0));
#4072=DIRECTION('',(0.0,-1.0,0.0));
#4073=AXIS2_PLACEMENT_3D('',#4070,#4071,#4072);
#4074=CIRCLE('',#4073,1.750000000000000);
#4075=EDGE_CURVE('',#2815,#2805,#4074,.T.);
#4076=ORIENTED_EDGE('',*,*,#4075,.T.);
#4077=EDGE_LOOP('',(#4067,#4068,#4069,#4076));
#4078=FACE_OUTER_BOUND('',#4077,.T.);
#4079=ADVANCED_FACE('',(#4078),#4066,.T.);
#4080=CARTESIAN_POINT('',(86.500000000000000,-14.881522773426241,-8.499999999999773));
#4081=DIRECTION('',(1.0,0.0,0.0));
#4082=DIRECTION('',(0.0,0.0,-1.0));
#4083=AXIS2_PLACEMENT_3D('',#4080,#4081,#4082);
#4084=PLANE('',#4083);
#4085=ORIENTED_EDGE('',*,*,#2821,.F.);
#4086=ORIENTED_EDGE('',*,*,#4075,.F.);
#4087=EDGE_LOOP('',(#4085,#4086));
#4088=FACE_OUTER_BOUND('',#4087,.T.);
#4089=ADVANCED_FACE('',(#4088),#4084,.T.);
#4090=CARTESIAN_POINT('',(86.500000000000000,9.500000000000114,-14.097872179872255));
#4091=DIRECTION('',(-1.0,0.0,0.0));
#4092=DIRECTION('',(0.0,-1.0,0.0));
#4093=AXIS2_PLACEMENT_3D('',#4090,#4091,#4092);
#4094=CYLINDRICAL_SURFACE('',#4093,1.250000000000000);
#4095=ORIENTED_EDGE('',*,*,#2770,.T.);
#4096=ORIENTED_EDGE('',*,*,#4009,.F.);
#4097=ORIENTED_EDGE('',*,*,#2787,.T.);
#4098=CARTESIAN_POINT('',(86.500000000000000,9.500000000000114,-14.097872179872255));
#4099=DIRECTION('',(-1.0,0.0,0.0));
#4100=DIRECTION('',(0.0,-1.0,0.0));
#4101=AXIS2_PLACEMENT_3D('',#4098,#4099,#4100);
#4102=CIRCLE('',#4101,1.250000000000000);
#4103=EDGE_CURVE('',#2773,#2763,#4102,.T.);
#4104=ORIENTED_EDGE('',*,*,#4103,.T.);
#4105=EDGE_LOOP('',(#4095,#4096,#4097,#4104));
#4106=FACE_OUTER_BOUND('',#4105,.T.);
#4107=ADVANCED_FACE('',(#4106),#4094,.T.);
#4108=CARTESIAN_POINT('',(86.500000000000000,9.386363636363740,-14.097872179872255));
#4109=DIRECTION('',(1.0,0.0,0.0));
#4110=DIRECTION('',(0.0,0.0,-1.0));
#4111=AXIS2_PLACEMENT_3D('',#4108,#4109,#4110);
#4112=PLANE('',#4111);
#4113=ORIENTED_EDGE('',*,*,#2779,.F.);
#4114=ORIENTED_EDGE('',*,*,#4103,.F.);
#4115=EDGE_LOOP('',(#4113,#4114));
#4116=FACE_OUTER_BOUND('',#4115,.T.);
#4117=ADVANCED_FACE('',(#4116),#4112,.T.);
#4118=CARTESIAN_POINT('',(88.0,1.499999999999773,-17.800000000000058));
#4119=DIRECTION('',(0.0,1.0,0.0));
#4120=DIRECTION('',(0.0,0.0,1.0));
#4121=AXIS2_PLACEMENT_3D('',#4118,#4119,#4120);
#4122=PLANE('',#4121);
#4123=CARTESIAN_POINT('',(88.0,1.499999999999773,-17.000000000000057));
#4124=VERTEX_POINT('',#4123);
#4125=CARTESIAN_POINT('',(89.500000000000000,1.499999999999773,-17.000000000000057));
#4126=VERTEX_POINT('',#4125);
#4127=CARTESIAN_POINT('',(88.0,1.499999999999773,-17.000000000000057));
#4128=DIRECTION('',(1.0,0.0,0.0));
#4129=VECTOR('',#4128,1.500000000000000);
#4130=LINE('',#4127,#4129);
#4131=EDGE_CURVE('',#4124,#4126,#4130,.T.);
#4132=ORIENTED_EDGE('',*,*,#4131,.T.);
#4133=CARTESIAN_POINT('',(89.500000000000000,1.499999999999773,-17.800000000000058));
#4134=VERTEX_POINT('',#4133);
#4135=CARTESIAN_POINT('',(89.500000000000000,1.499999999999773,-17.800000000000058));
#4136=DIRECTION('',(0.0,0.0,1.0));
#4137=VECTOR('',#4136,0.800000000000001);
#4138=LINE('',#4135,#4137);
#4139=EDGE_CURVE('',#4134,#4126,#4138,.T.);
#4140=ORIENTED_EDGE('',*,*,#4139,.F.);
#4141=CARTESIAN_POINT('',(88.0,1.499999999999773,-17.800000000000058));
#4142=VERTEX_POINT('',#4141);
#4143=CARTESIAN_POINT('',(88.0,1.499999999999773,-17.800000000000058));
#4144=DIRECTION('',(1.0,0.0,0.0));
#4145=VECTOR('',#4144,1.500000000000000);
#4146=LINE('',#4143,#4145);
#4147=EDGE_CURVE('',#4142,#4134,#4146,.T.);
#4148=ORIENTED_EDGE('',*,*,#4147,.F.);
#4149=CARTESIAN_POINT('',(88.0,1.499999999999773,-17.000000000000057));
#4150=DIRECTION('',(0.0,0.0,-1.0));
#4151=VECTOR('',#4150,0.800000000000001);
#4152=LINE('',#4149,#4151);
#4153=EDGE_CURVE('',#4124,#4142,#4152,.T.);
#4154=ORIENTED_EDGE('',*,*,#4153,.F.);
#4155=EDGE_LOOP('',(#4132,#4140,#4148,#4154));
#4156=FACE_OUTER_BOUND('',#4155,.T.);
#4157=ADVANCED_FACE('',(#4156),#4122,.T.);
#4158=CARTESIAN_POINT('',(89.500000000000000,1.499999999999773,-17.800000000000058));
#4159=DIRECTION('',(-1.0,0.0,0.0));
#4160=DIRECTION('',(0.0,0.0,1.0));
#4161=AXIS2_PLACEMENT_3D('',#4158,#4159,#4160);
#4162=PLANE('',#4161);
#4163=CARTESIAN_POINT('',(89.500000000000000,2.499999999999773,-17.000000000000057));
#4164=VERTEX_POINT('',#4163);
#4165=CARTESIAN_POINT('',(89.500000000000000,1.499999999999773,-17.000000000000057));
#4166=DIRECTION('',(0.0,1.0,0.0));
#4167=VECTOR('',#4166,1.0);
#4168=LINE('',#4165,#4167);
#4169=EDGE_CURVE('',#4126,#4164,#4168,.T.);
#4170=ORIENTED_EDGE('',*,*,#4169,.T.);
#4171=CARTESIAN_POINT('',(89.500000000000000,2.499999999999773,-17.800000000000058));
#4172=VERTEX_POINT('',#4171);
#4173=CARTESIAN_POINT('',(89.500000000000000,2.499999999999773,-17.800000000000058));
#4174=DIRECTION('',(0.0,0.0,1.0));
#4175=VECTOR('',#4174,0.800000000000001);
#4176=LINE('',#4173,#4175);
#4177=EDGE_CURVE('',#4172,#4164,#4176,.T.);
#4178=ORIENTED_EDGE('',*,*,#4177,.F.);
#4179=CARTESIAN_POINT('',(89.500000000000000,2.499999999999773,-17.800000000000058));
#4180=DIRECTION('',(0.0,-1.0,0.0));
#4181=VECTOR('',#4180,1.0);
#4182=LINE('',#4179,#4181);
#4183=EDGE_CURVE('',#4172,#4134,#4182,.T.);
#4184=ORIENTED_EDGE('',*,*,#4183,.T.);
#4185=ORIENTED_EDGE('',*,*,#4139,.T.);
#4186=EDGE_LOOP('',(#4170,#4178,#4184,#4185));
#4187=FACE_OUTER_BOUND('',#4186,.T.);
#4188=ADVANCED_FACE('',(#4187),#4162,.T.);
#4189=CARTESIAN_POINT('',(89.500000000000000,2.499999999999773,-17.800000000000058));
#4190=DIRECTION('',(0.0,1.0,0.0));
#4191=DIRECTION('',(0.0,0.0,1.0));
#4192=AXIS2_PLACEMENT_3D('',#4189,#4190,#4191);
#4193=PLANE('',#4192);
#4194=CARTESIAN_POINT('',(95.0,2.499999999999773,-17.000000000000057));
#4195=VERTEX_POINT('',#4194);
#4196=CARTESIAN_POINT('',(89.500000000000000,2.499999999999773,-17.000000000000057));
#4197=DIRECTION('',(1.0,0.0,0.0));
#4198=VECTOR('',#4197,5.500000000000000);
#4199=LINE('',#4196,#4198);
#4200=EDGE_CURVE('',#4164,#4195,#4199,.T.);
#4201=ORIENTED_EDGE('',*,*,#4200,.T.);
#4202=CARTESIAN_POINT('',(95.0,2.499999999999773,-17.800000000000058));
#4203=VERTEX_POINT('',#4202);
#4204=CARTESIAN_POINT('',(95.0,2.499999999999773,-17.800000000000058));
#4205=DIRECTION('',(0.0,0.0,1.0));
#4206=VECTOR('',#4205,0.800000000000001);
#4207=LINE('',#4204,#4206);
#4208=EDGE_CURVE('',#4203,#4195,#4207,.T.);
#4209=ORIENTED_EDGE('',*,*,#4208,.F.);
#4210=CARTESIAN_POINT('',(89.500000000000000,2.499999999999773,-17.800000000000058));
#4211=DIRECTION('',(1.0,0.0,0.0));
#4212=VECTOR('',#4211,5.500000000000000);
#4213=LINE('',#4210,#4212);
#4214=EDGE_CURVE('',#4172,#4203,#4213,.T.);
#4215=ORIENTED_EDGE('',*,*,#4214,.F.);
#4216=ORIENTED_EDGE('',*,*,#4177,.T.);
#4217=EDGE_LOOP('',(#4201,#4209,#4215,#4216));
#4218=FACE_OUTER_BOUND('',#4217,.T.);
#4219=ADVANCED_FACE('',(#4218),#4193,.T.);
#4220=CARTESIAN_POINT('',(95.0,2.499999999999773,-17.800000000000058));
#4221=DIRECTION('',(0.707106781186548,0.707106781186548,0.0));
#4222=DIRECTION('',(0.0,0.0,-1.0));
#4223=AXIS2_PLACEMENT_3D('',#4220,#4221,#4222);
#4224=PLANE('',#4223);
#4225=CARTESIAN_POINT('',(96.0,1.499999999999773,-17.000000000000057));
#4226=VERTEX_POINT('',#4225);
#4227=CARTESIAN_POINT('',(95.0,2.499999999999773,-17.000000000000057));
#4228=DIRECTION('',(0.707106781186547,-0.707106781186547,0.0));
#4229=VECTOR('',#4228,1.414213562373095);
#4230=LINE('',#4227,#4229);
#4231=EDGE_CURVE('',#4195,#4226,#4230,.T.);
#4232=ORIENTED_EDGE('',*,*,#4231,.T.);
#4233=CARTESIAN_POINT('',(96.0,1.499999999999773,-17.800000000000058));
#4234=VERTEX_POINT('',#4233);
#4235=CARTESIAN_POINT('',(96.0,1.499999999999773,-17.800000000000058));
#4236=DIRECTION('',(0.0,0.0,1.0));
#4237=VECTOR('',#4236,0.800000000000001);
#4238=LINE('',#4235,#4237);
#4239=EDGE_CURVE('',#4234,#4226,#4238,.T.);
#4240=ORIENTED_EDGE('',*,*,#4239,.F.);
#4241=CARTESIAN_POINT('',(95.0,2.499999999999773,-17.800000000000058));
#4242=DIRECTION('',(0.707106781186547,-0.707106781186547,0.0));
#4243=VECTOR('',#4242,1.414213562373095);
#4244=LINE('',#4241,#4243);
#4245=EDGE_CURVE('',#4203,#4234,#4244,.T.);
#4246=ORIENTED_EDGE('',*,*,#4245,.F.);
#4247=ORIENTED_EDGE('',*,*,#4208,.T.);
#4248=EDGE_LOOP('',(#4232,#4240,#4246,#4247));
#4249=FACE_OUTER_BOUND('',#4248,.T.);
#4250=ADVANCED_FACE('',(#4249),#4224,.T.);
#4251=CARTESIAN_POINT('',(96.0,1.499999999999773,-17.800000000000058));
#4252=DIRECTION('',(1.0,0.0,0.0));
#4253=DIRECTION('',(0.0,0.0,-1.0));
#4254=AXIS2_PLACEMENT_3D('',#4251,#4252,#4253);
#4255=PLANE('',#4254);
#4256=CARTESIAN_POINT('',(96.0,-1.500000000000227,-17.000000000000057));
#4257=VERTEX_POINT('',#4256);
#4258=CARTESIAN_POINT('',(96.0,1.499999999999773,-17.000000000000057));
#4259=DIRECTION('',(0.0,-1.0,0.0));
#4260=VECTOR('',#4259,3.0);
#4261=LINE('',#4258,#4260);
#4262=EDGE_CURVE('',#4226,#4257,#4261,.T.);
#4263=ORIENTED_EDGE('',*,*,#4262,.T.);
#4264=CARTESIAN_POINT('',(96.0,-1.500000000000227,-17.800000000000058));
#4265=VERTEX_POINT('',#4264);
#4266=CARTESIAN_POINT('',(96.0,-1.500000000000227,-17.800000000000058));
#4267=DIRECTION('',(0.0,0.0,1.0));
#4268=VECTOR('',#4267,0.800000000000001);
#4269=LINE('',#4266,#4268);
#4270=EDGE_CURVE('',#4265,#4257,#4269,.T.);
#4271=ORIENTED_EDGE('',*,*,#4270,.F.);
#4272=CARTESIAN_POINT('',(96.0,1.499999999999773,-17.800000000000058));
#4273=DIRECTION('',(0.0,-1.0,0.0));
#4274=VECTOR('',#4273,3.0);
#4275=LINE('',#4272,#4274);
#4276=EDGE_CURVE('',#4234,#4265,#4275,.T.);
#4277=ORIENTED_EDGE('',*,*,#4276,.F.);
#4278=ORIENTED_EDGE('',*,*,#4239,.T.);
#4279=EDGE_LOOP('',(#4263,#4271,#4277,#4278));
#4280=FACE_OUTER_BOUND('',#4279,.T.);
#4281=ADVANCED_FACE('',(#4280),#4255,.T.);
#4282=CARTESIAN_POINT('',(96.0,-1.500000000000227,-17.800000000000058));
#4283=DIRECTION('',(0.707106781186548,-0.707106781186548,0.0));
#4284=DIRECTION('',(0.0,0.0,-1.0));
#4285=AXIS2_PLACEMENT_3D('',#4282,#4283,#4284);
#4286=PLANE('',#4285);
#4287=CARTESIAN_POINT('',(95.0,-2.500000000000227,-17.000000000000057));
#4288=VERTEX_POINT('',#4287);
#4289=CARTESIAN_POINT('',(96.0,-1.500000000000227,-17.000000000000057));
#4290=DIRECTION('',(-0.707106781186547,-0.707106781186547,0.0));
#4291=VECTOR('',#4290,1.414213562373095);
#4292=LINE('',#4289,#4291);
#4293=EDGE_CURVE('',#4257,#4288,#4292,.T.);
#4294=ORIENTED_EDGE('',*,*,#4293,.T.);
#4295=CARTESIAN_POINT('',(95.0,-2.500000000000227,-17.800000000000058));
#4296=VERTEX_POINT('',#4295);
#4297=CARTESIAN_POINT('',(95.0,-2.500000000000227,-17.800000000000058));
#4298=DIRECTION('',(0.0,0.0,1.0));
#4299=VECTOR('',#4298,0.800000000000001);
#4300=LINE('',#4297,#4299);
#4301=EDGE_CURVE('',#4296,#4288,#4300,.T.);
#4302=ORIENTED_EDGE('',*,*,#4301,.F.);
#4303=CARTESIAN_POINT('',(96.0,-1.500000000000227,-17.800000000000058));
#4304=DIRECTION('',(-0.707106781186547,-0.707106781186547,0.0));
#4305=VECTOR('',#4304,1.414213562373095);
#4306=LINE('',#4303,#4305);
#4307=EDGE_CURVE('',#4265,#4296,#4306,.T.);
#4308=ORIENTED_EDGE('',*,*,#4307,.F.);
#4309=ORIENTED_EDGE('',*,*,#4270,.T.);
#4310=EDGE_LOOP('',(#4294,#4302,#4308,#4309));
#4311=FACE_OUTER_BOUND('',#4310,.T.);
#4312=ADVANCED_FACE('',(#4311),#4286,.T.);
#4313=CARTESIAN_POINT('',(95.0,-2.500000000000227,-17.800000000000058));
#4314=DIRECTION('',(0.0,-1.0,0.0));
#4315=DIRECTION('',(0.0,0.0,-1.0));
#4316=AXIS2_PLACEMENT_3D('',#4313,#4314,#4315);
#4317=PLANE('',#4316);
#4318=CARTESIAN_POINT('',(89.500000000000000,-2.500000000000227,-17.000000000000057));
#4319=VERTEX_POINT('',#4318);
#4320=CARTESIAN_POINT('',(95.0,-2.500000000000227,-17.000000000000057));
#4321=DIRECTION('',(-1.0,0.0,0.0));
#4322=VECTOR('',#4321,5.500000000000000);
#4323=LINE('',#4320,#4322);
#4324=EDGE_CURVE('',#4288,#4319,#4323,.T.);
#4325=ORIENTED_EDGE('',*,*,#4324,.T.);
#4326=CARTESIAN_POINT('',(89.500000000000000,-2.500000000000227,-17.800000000000058));
#4327=VERTEX_POINT('',#4326);
#4328=CARTESIAN_POINT('',(89.500000000000000,-2.500000000000227,-17.800000000000058));
#4329=DIRECTION('',(0.0,0.0,1.0));
#4330=VECTOR('',#4329,0.800000000000001);
#4331=LINE('',#4328,#4330);
#4332=EDGE_CURVE('',#4327,#4319,#4331,.T.);
#4333=ORIENTED_EDGE('',*,*,#4332,.F.);
#4334=CARTESIAN_POINT('',(95.0,-2.500000000000227,-17.800000000000058));
#4335=DIRECTION('',(-1.0,0.0,0.0));
#4336=VECTOR('',#4335,5.500000000000000);
#4337=LINE('',#4334,#4336);
#4338=EDGE_CURVE('',#4296,#4327,#4337,.T.);
#4339=ORIENTED_EDGE('',*,*,#4338,.F.);
#4340=ORIENTED_EDGE('',*,*,#4301,.T.);
#4341=EDGE_LOOP('',(#4325,#4333,#4339,#4340));
#4342=FACE_OUTER_BOUND('',#4341,.T.);
#4343=ADVANCED_FACE('',(#4342),#4317,.T.);
#4344=CARTESIAN_POINT('',(89.500000000000000,-2.500000000000227,-17.800000000000058));
#4345=DIRECTION('',(-1.0,0.0,0.0));
#4346=DIRECTION('',(0.0,0.0,1.0));
#4347=AXIS2_PLACEMENT_3D('',#4344,#4345,#4346);
#4348=PLANE('',#4347);
#4349=CARTESIAN_POINT('',(89.500000000000000,-1.500000000000227,-17.000000000000057));
#4350=VERTEX_POINT('',#4349);
#4351=CARTESIAN_POINT('',(89.500000000000000,-2.500000000000227,-17.000000000000057));
#4352=DIRECTION('',(0.0,1.0,0.0));
#4353=VECTOR('',#4352,1.0);
#4354=LINE('',#4351,#4353);
#4355=EDGE_CURVE('',#4319,#4350,#4354,.T.);
#4356=ORIENTED_EDGE('',*,*,#4355,.T.);
#4357=CARTESIAN_POINT('',(89.500000000000000,-1.500000000000227,-17.800000000000058));
#4358=VERTEX_POINT('',#4357);
#4359=CARTESIAN_POINT('',(89.500000000000000,-1.500000000000227,-17.800000000000058));
#4360=DIRECTION('',(0.0,0.0,1.0));
#4361=VECTOR('',#4360,0.800000000000001);
#4362=LINE('',#4359,#4361);
#4363=EDGE_CURVE('',#4358,#4350,#4362,.T.);
#4364=ORIENTED_EDGE('',*,*,#4363,.F.);
#4365=CARTESIAN_POINT('',(89.500000000000000,-1.500000000000227,-17.800000000000058));
#4366=DIRECTION('',(0.0,-1.0,0.0));
#4367=VECTOR('',#4366,1.0);
#4368=LINE('',#4365,#4367);
#4369=EDGE_CURVE('',#4358,#4327,#4368,.T.);
#4370=ORIENTED_EDGE('',*,*,#4369,.T.);
#4371=ORIENTED_EDGE('',*,*,#4332,.T.);
#4372=EDGE_LOOP('',(#4356,#4364,#4370,#4371));
#4373=FACE_OUTER_BOUND('',#4372,.T.);
#4374=ADVANCED_FACE('',(#4373),#4348,.T.);
#4375=CARTESIAN_POINT('',(89.500000000000000,-1.500000000000227,-17.800000000000058));
#4376=DIRECTION('',(0.0,-1.0,0.0));
#4377=DIRECTION('',(0.0,0.0,-1.0));
#4378=AXIS2_PLACEMENT_3D('',#4375,#4376,#4377);
#4379=PLANE('',#4378);
#4380=CARTESIAN_POINT('',(88.0,-1.500000000000227,-17.000000000000057));
#4381=VERTEX_POINT('',#4380);
#4382=CARTESIAN_POINT('',(89.500000000000000,-1.500000000000227,-17.000000000000057));
#4383=DIRECTION('',(-1.0,0.0,0.0));
#4384=VECTOR('',#4383,1.500000000000000);
#4385=LINE('',#4382,#4384);
#4386=EDGE_CURVE('',#4350,#4381,#4385,.T.);
#4387=ORIENTED_EDGE('',*,*,#4386,.T.);
#4388=CARTESIAN_POINT('',(88.0,-1.500000000000227,-17.800000000000058));
#4389=VERTEX_POINT('',#4388);
#4390=CARTESIAN_POINT('',(88.0,-1.500000000000227,-17.800000000000058));
#4391=DIRECTION('',(0.0,0.0,1.0));
#4392=VECTOR('',#4391,0.800000000000001);
#4393=LINE('',#4390,#4392);
#4394=EDGE_CURVE('',#4389,#4381,#4393,.T.);
#4395=ORIENTED_EDGE('',*,*,#4394,.F.);
#4396=CARTESIAN_POINT('',(88.0,-1.500000000000227,-17.800000000000058));
#4397=DIRECTION('',(1.0,0.0,0.0));
#4398=VECTOR('',#4397,1.500000000000000);
#4399=LINE('',#4396,#4398);
#4400=EDGE_CURVE('',#4389,#4358,#4399,.T.);
#4401=ORIENTED_EDGE('',*,*,#4400,.T.);
#4402=ORIENTED_EDGE('',*,*,#4363,.T.);
#4403=EDGE_LOOP('',(#4387,#4395,#4401,#4402));
#4404=FACE_OUTER_BOUND('',#4403,.T.);
#4405=ADVANCED_FACE('',(#4404),#4379,.T.);
#4406=CARTESIAN_POINT('',(92.500000000000000,-1.000000000000227,-17.800000000000058));
#4407=DIRECTION('',(0.0,1.0,0.0));
#4408=DIRECTION('',(0.0,0.0,1.0));
#4409=AXIS2_PLACEMENT_3D('',#4406,#4407,#4408);
#4410=PLANE('',#4409);
#4411=CARTESIAN_POINT('',(92.500000000000000,-1.000000000000227,-17.000000000000057));
#4412=DIRECTION('',(1.0,0.0,0.0));
#4413=VECTOR('',#4412,1.0);
#4414=LINE('',#4411,#4413);
#4415=EDGE_CURVE('',#2689,#2740,#4414,.T.);
#4416=ORIENTED_EDGE('',*,*,#4415,.T.);
#4417=ORIENTED_EDGE('',*,*,#2745,.F.);
#4418=CARTESIAN_POINT('',(93.500000000000000,-1.000000000000227,-17.800000000000058));
#4419=DIRECTION('',(-1.0,0.0,0.0));
#4420=VECTOR('',#4419,1.0);
#4421=LINE('',#4418,#4420);
#4422=EDGE_CURVE('',#2731,#2698,#4421,.T.);
#4423=ORIENTED_EDGE('',*,*,#4422,.T.);
#4424=ORIENTED_EDGE('',*,*,#2703,.T.);
#4425=EDGE_LOOP('',(#4416,#4417,#4423,#4424));
#4426=FACE_OUTER_BOUND('',#4425,.T.);
#4427=ADVANCED_FACE('',(#4426),#4410,.T.);
#4428=CARTESIAN_POINT('',(93.500000000000000,-2.273737E-013,-17.800000000000058));
#4429=DIRECTION('',(0.0,0.0,1.0));
#4430=DIRECTION('',(1.0,0.0,0.0));
#4431=AXIS2_PLACEMENT_3D('',#4428,#4429,#4430);
#4432=CYLINDRICAL_SURFACE('',#4431,1.0);
#4433=ORIENTED_EDGE('',*,*,#2728,.T.);
#4434=CARTESIAN_POINT('',(93.500000000000000,0.999999999999773,-17.000000000000057));
#4435=VERTEX_POINT('',#4434);
#4436=CARTESIAN_POINT('',(93.500000000000000,-2.273737E-013,-17.000000000000057));
#4437=DIRECTION('',(0.0,0.0,1.0));
#4438=DIRECTION('',(1.0,0.0,0.0));
#4439=AXIS2_PLACEMENT_3D('',#4436,#4437,#4438);
#4440=CIRCLE('',#4439,1.0);
#4441=EDGE_CURVE('',#2723,#4435,#4440,.T.);
#4442=ORIENTED_EDGE('',*,*,#4441,.T.);
#4443=CARTESIAN_POINT('',(93.500000000000000,0.999999999999773,-17.800000000000058));
#4444=VERTEX_POINT('',#4443);
#4445=CARTESIAN_POINT('',(93.500000000000000,0.999999999999773,-17.800000000000058));
#4446=DIRECTION('',(0.0,0.0,1.0));
#4447=VECTOR('',#4446,0.800000000000001);
#4448=LINE('',#4445,#4447);
#4449=EDGE_CURVE('',#4444,#4435,#4448,.T.);
#4450=ORIENTED_EDGE('',*,*,#4449,.F.);
#4451=CARTESIAN_POINT('',(93.500000000000000,-2.273737E-013,-17.800000000000058));
#4452=DIRECTION('',(0.0,0.0,-1.0));
#4453=DIRECTION('',(1.0,0.0,0.0));
#4454=AXIS2_PLACEMENT_3D('',#4451,#4452,#4453);
#4455=CIRCLE('',#4454,1.0);
#4456=EDGE_CURVE('',#4444,#2721,#4455,.T.);
#4457=ORIENTED_EDGE('',*,*,#4456,.T.);
#4458=EDGE_LOOP('',(#4433,#4442,#4450,#4457));
#4459=FACE_OUTER_BOUND('',#4458,.T.);
#4460=ADVANCED_FACE('',(#4459),#4432,.F.);
#4461=CARTESIAN_POINT('',(93.500000000000000,0.999999999999773,-17.800000000000058));
#4462=DIRECTION('',(0.0,-1.0,0.0));
#4463=DIRECTION('',(0.0,0.0,-1.0));
#4464=AXIS2_PLACEMENT_3D('',#4461,#4462,#4463);
#4465=PLANE('',#4464);
#4466=CARTESIAN_POINT('',(92.500000000000000,0.999999999999773,-17.000000000000057));
#4467=VERTEX_POINT('',#4466);
#4468=CARTESIAN_POINT('',(93.500000000000000,0.999999999999773,-17.000000000000057));
#4469=DIRECTION('',(-1.0,0.0,0.0));
#4470=VECTOR('',#4469,1.0);
#4471=LINE('',#4468,#4470);
#4472=EDGE_CURVE('',#4435,#4467,#4471,.T.);
#4473=ORIENTED_EDGE('',*,*,#4472,.T.);
#4474=CARTESIAN_POINT('',(92.500000000000000,0.999999999999773,-17.800000000000058));
#4475=VERTEX_POINT('',#4474);
#4476=CARTESIAN_POINT('',(92.500000000000000,0.999999999999773,-17.800000000000058));
#4477=DIRECTION('',(0.0,0.0,1.0));
#4478=VECTOR('',#4477,0.800000000000001);
#4479=LINE('',#4476,#4478);
#4480=EDGE_CURVE('',#4475,#4467,#4479,.T.);
#4481=ORIENTED_EDGE('',*,*,#4480,.F.);
#4482=CARTESIAN_POINT('',(92.500000000000000,0.999999999999773,-17.800000000000058));
#4483=DIRECTION('',(1.0,0.0,0.0));
#4484=VECTOR('',#4483,1.0);
#4485=LINE('',#4482,#4484);
#4486=EDGE_CURVE('',#4475,#4444,#4485,.T.);
#4487=ORIENTED_EDGE('',*,*,#4486,.T.);
#4488=ORIENTED_EDGE('',*,*,#4449,.T.);
#4489=EDGE_LOOP('',(#4473,#4481,#4487,#4488));
#4490=FACE_OUTER_BOUND('',#4489,.T.);
#4491=ADVANCED_FACE('',(#4490),#4465,.T.);
#4492=CARTESIAN_POINT('',(92.500000000000000,-2.273737E-013,-17.800000000000058));
#4493=DIRECTION('',(0.0,0.0,1.0));
#4494=DIRECTION('',(1.0,0.0,0.0));
#4495=AXIS2_PLACEMENT_3D('',#4492,#4493,#4494);
#4496=CYLINDRICAL_SURFACE('',#4495,1.0);
#4497=ORIENTED_EDGE('',*,*,#2686,.T.);
#4498=CARTESIAN_POINT('',(92.500000000000000,-2.273737E-013,-17.800000000000058));
#4499=DIRECTION('',(0.0,0.0,-1.0));
#4500=DIRECTION('',(1.0,0.0,0.0));
#4501=AXIS2_PLACEMENT_3D('',#4498,#4499,#4500);
#4502=CIRCLE('',#4501,1.0);
#4503=EDGE_CURVE('',#2681,#4475,#4502,.T.);
#4504=ORIENTED_EDGE('',*,*,#4503,.T.);
#4505=ORIENTED_EDGE('',*,*,#4480,.T.);
#4506=CARTESIAN_POINT('',(92.500000000000000,-2.273737E-013,-17.000000000000057));
#4507=DIRECTION('',(0.0,0.0,1.0));
#4508=DIRECTION('',(1.0,0.0,0.0));
#4509=AXIS2_PLACEMENT_3D('',#4506,#4507,#4508);
#4510=CIRCLE('',#4509,1.0);
#4511=EDGE_CURVE('',#4467,#2679,#4510,.T.);
#4512=ORIENTED_EDGE('',*,*,#4511,.T.);
#4513=EDGE_LOOP('',(#4497,#4504,#4505,#4512));
#4514=FACE_OUTER_BOUND('',#4513,.T.);
#4515=ADVANCED_FACE('',(#4514),#4496,.F.);
#4516=CARTESIAN_POINT('',(91.915399189290724,-2.273737E-013,-17.800000000000058));
#4517=DIRECTION('',(0.0,0.0,1.0));
#4518=DIRECTION('',(1.0,0.0,0.0));
#4519=AXIS2_PLACEMENT_3D('',#4516,#4517,#4518);
#4520=PLANE('',#4519);
#4521=ORIENTED_EDGE('',*,*,#4400,.F.);
#4522=CARTESIAN_POINT('',(88.0,1.499999999999773,-17.800000000000058));
#4523=DIRECTION('',(0.0,-1.0,0.0));
#4524=VECTOR('',#4523,3.0);
#4525=LINE('',#4522,#4524);
#4526=EDGE_CURVE('',#4142,#4389,#4525,.T.);
#4527=ORIENTED_EDGE('',*,*,#4526,.F.);
#4528=ORIENTED_EDGE('',*,*,#4147,.T.);
#4529=ORIENTED_EDGE('',*,*,#4183,.F.);
#4530=ORIENTED_EDGE('',*,*,#4214,.T.);
#4531=ORIENTED_EDGE('',*,*,#4245,.T.);
#4532=ORIENTED_EDGE('',*,*,#4276,.T.);
#4533=ORIENTED_EDGE('',*,*,#4307,.T.);
#4534=ORIENTED_EDGE('',*,*,#4338,.T.);
#4535=ORIENTED_EDGE('',*,*,#4369,.F.);
#4536=EDGE_LOOP('',(#4521,#4527,#4528,#4529,#4530,#4531,#4532,#4533,#4534,#4535));
#4537=FACE_OUTER_BOUND('',#4536,.T.);
#4538=ORIENTED_EDGE('',*,*,#2710,.F.);
#4539=ORIENTED_EDGE('',*,*,#4422,.F.);
#4540=ORIENTED_EDGE('',*,*,#2737,.F.);
#4541=ORIENTED_EDGE('',*,*,#4456,.F.);
#4542=ORIENTED_EDGE('',*,*,#4486,.F.);
#4543=ORIENTED_EDGE('',*,*,#4503,.F.);
#4544=EDGE_LOOP('',(#4538,#4539,#4540,#4541,#4542,#4543));
#4545=FACE_BOUND('',#4544,.T.);
#4546=ADVANCED_FACE('',(#4537,#4545),#4520,.F.);
#4547=CARTESIAN_POINT('',(91.915399189290724,-2.273737E-013,-17.000000000000057));
#4548=DIRECTION('',(0.0,0.0,1.0));
#4549=DIRECTION('',(1.0,0.0,0.0));
#4550=AXIS2_PLACEMENT_3D('',#4547,#4548,#4549);
#4551=PLANE('',#4550);
#4552=CARTESIAN_POINT('',(88.0,-1.500000000000227,-17.000000000000057));
#4553=DIRECTION('',(0.0,1.0,0.0));
#4554=VECTOR('',#4553,3.0);
#4555=LINE('',#4552,#4554);
#4556=EDGE_CURVE('',#4381,#4124,#4555,.T.);
#4557=ORIENTED_EDGE('',*,*,#4556,.F.);
#4558=ORIENTED_EDGE('',*,*,#4386,.F.);
#4559=ORIENTED_EDGE('',*,*,#4355,.F.);
#4560=ORIENTED_EDGE('',*,*,#4324,.F.);
#4561=ORIENTED_EDGE('',*,*,#4293,.F.);
#4562=ORIENTED_EDGE('',*,*,#4262,.F.);
#4563=ORIENTED_EDGE('',*,*,#4231,.F.);
#4564=ORIENTED_EDGE('',*,*,#4200,.F.);
#4565=ORIENTED_EDGE('',*,*,#4169,.F.);
#4566=ORIENTED_EDGE('',*,*,#4131,.F.);
#4567=EDGE_LOOP('',(#4557,#4558,#4559,#4560,#4561,#4562,#4563,#4564,#4565,#4566));
#4568=FACE_OUTER_BOUND('',#4567,.T.);
#4569=ORIENTED_EDGE('',*,*,#4415,.F.);
#4570=ORIENTED_EDGE('',*,*,#2695,.F.);
#4571=ORIENTED_EDGE('',*,*,#4511,.F.);
#4572=ORIENTED_EDGE('',*,*,#4472,.F.);
#4573=ORIENTED_EDGE('',*,*,#4441,.F.);
#4574=ORIENTED_EDGE('',*,*,#2752,.F.);
#4575=EDGE_LOOP('',(#4569,#4570,#4571,#4572,#4573,#4574));
#4576=FACE_BOUND('',#4575,.T.);
#4577=ADVANCED_FACE('',(#4568,#4576),#4551,.T.);
#4578=CARTESIAN_POINT('',(86.500000000000000,-9.500000000000114,-14.097872179871633));
#4579=DIRECTION('',(-1.0,0.0,0.0));
#4580=DIRECTION('',(0.0,-1.0,0.0));
#4581=AXIS2_PLACEMENT_3D('',#4578,#4579,#4580);
#4582=CYLINDRICAL_SURFACE('',#4581,1.250000000000000);
#4583=ORIENTED_EDGE('',*,*,#2644,.T.);
#4584=ORIENTED_EDGE('',*,*,#3999,.F.);
#4585=ORIENTED_EDGE('',*,*,#2661,.T.);
#4586=CARTESIAN_POINT('',(86.500000000000000,-9.500000000000114,-14.097872179871633));
#4587=DIRECTION('',(-1.0,0.0,0.0));
#4588=DIRECTION('',(0.0,-1.0,0.0));
#4589=AXIS2_PLACEMENT_3D('',#4586,#4587,#4588);
#4590=CIRCLE('',#4589,1.250000000000000);
#4591=EDGE_CURVE('',#2647,#2637,#4590,.T.);
#4592=ORIENTED_EDGE('',*,*,#4591,.T.);
#4593=EDGE_LOOP('',(#4583,#4584,#4585,#4592));
#4594=FACE_OUTER_BOUND('',#4593,.T.);
#4595=ADVANCED_FACE('',(#4594),#4582,.T.);
#4596=CARTESIAN_POINT('',(86.500000000000000,-9.613636363636488,-14.097872179871633));
#4597=DIRECTION('',(1.0,0.0,0.0));
#4598=DIRECTION('',(0.0,0.0,-1.0));
#4599=AXIS2_PLACEMENT_3D('',#4596,#4597,#4598);
#4600=PLANE('',#4599);
#4601=ORIENTED_EDGE('',*,*,#2653,.F.);
#4602=ORIENTED_EDGE('',*,*,#4591,.F.);
#4603=EDGE_LOOP('',(#4601,#4602));
#4604=FACE_OUTER_BOUND('',#4603,.T.);
#4605=ADVANCED_FACE('',(#4604),#4600,.T.);
#4606=CARTESIAN_POINT('',(88.0,3.749999999999773,-15.500000000000057));
#4607=DIRECTION('',(0.0,0.0,1.0));
#4608=DIRECTION('',(1.0,0.0,0.0));
#4609=AXIS2_PLACEMENT_3D('',#4606,#4607,#4608);
#4610=PLANE('',#4609);
#4611=CARTESIAN_POINT('',(87.0,-5.000000000000227,-15.500000000000057));
#4612=VERTEX_POINT('',#4611);
#4613=CARTESIAN_POINT('',(87.0,-5.000000000000227,-15.500000000000057));
#4614=DIRECTION('',(-1.0,0.0,0.0));
#4615=VECTOR('',#4614,1.500000000000000);
#4616=LINE('',#4613,#4615);
#4617=EDGE_CURVE('',#4612,#3923,#4616,.T.);
#4618=ORIENTED_EDGE('',*,*,#4617,.F.);
#4619=CARTESIAN_POINT('',(87.0,-3.750000000000227,-15.500000000000057));
#4620=VERTEX_POINT('',#4619);
#4621=CARTESIAN_POINT('',(87.0,-3.750000000000227,-15.500000000000057));
#4622=DIRECTION('',(0.0,-1.0,0.0));
#4623=VECTOR('',#4622,1.250000000000000);
#4624=LINE('',#4621,#4623);
#4625=EDGE_CURVE('',#4620,#4612,#4624,.T.);
#4626=ORIENTED_EDGE('',*,*,#4625,.F.);
#4627=CARTESIAN_POINT('',(88.0,-3.750000000000227,-15.500000000000057));
#4628=VERTEX_POINT('',#4627);
#4629=CARTESIAN_POINT('',(88.0,-3.750000000000227,-15.500000000000057));
#4630=DIRECTION('',(-1.0,0.0,0.0));
#4631=VECTOR('',#4630,1.0);
#4632=LINE('',#4629,#4631);
#4633=EDGE_CURVE('',#4628,#4620,#4632,.T.);
#4634=ORIENTED_EDGE('',*,*,#4633,.F.);
#4635=CARTESIAN_POINT('',(88.0,3.749999999999773,-15.500000000000057));
#4636=VERTEX_POINT('',#4635);
#4637=CARTESIAN_POINT('',(88.0,3.749999999999773,-15.500000000000057));
#4638=DIRECTION('',(0.0,-1.0,0.0));
#4639=VECTOR('',#4638,7.500000000000000);
#4640=LINE('',#4637,#4639);
#4641=EDGE_CURVE('',#4636,#4628,#4640,.T.);
#4642=ORIENTED_EDGE('',*,*,#4641,.F.);
#4643=CARTESIAN_POINT('',(87.0,3.749999999999773,-15.500000000000057));
#4644=VERTEX_POINT('',#4643);
#4645=CARTESIAN_POINT('',(88.0,3.749999999999773,-15.500000000000057));
#4646=DIRECTION('',(-1.0,0.0,0.0));
#4647=VECTOR('',#4646,1.0);
#4648=LINE('',#4645,#4647);
#4649=EDGE_CURVE('',#4636,#4644,#4648,.T.);
#4650=ORIENTED_EDGE('',*,*,#4649,.T.);
#4651=CARTESIAN_POINT('',(87.0,4.999999999999773,-15.500000000000057));
#4652=VERTEX_POINT('',#4651);
#4653=CARTESIAN_POINT('',(87.0,4.999999999999773,-15.500000000000057));
#4654=DIRECTION('',(0.0,-1.0,0.0));
#4655=VECTOR('',#4654,1.250000000000000);
#4656=LINE('',#4653,#4655);
#4657=EDGE_CURVE('',#4652,#4644,#4656,.T.);
#4658=ORIENTED_EDGE('',*,*,#4657,.F.);
#4659=CARTESIAN_POINT('',(87.0,4.999999999999773,-15.500000000000057));
#4660=DIRECTION('',(-1.0,0.0,0.0));
#4661=VECTOR('',#4660,1.500000000000000);
#4662=LINE('',#4659,#4661);
#4663=EDGE_CURVE('',#4652,#3931,#4662,.T.);
#4664=ORIENTED_EDGE('',*,*,#4663,.T.);
#4665=ORIENTED_EDGE('',*,*,#3936,.F.);
#4666=EDGE_LOOP('',(#4618,#4626,#4634,#4642,#4650,#4658,#4664,#4665));
#4667=FACE_OUTER_BOUND('',#4666,.T.);
#4668=ADVANCED_FACE('',(#4667),#4610,.T.);
#4669=CARTESIAN_POINT('',(87.0,-5.000000000000227,-15.500000000000057));
#4670=DIRECTION('',(0.0,-1.0,0.0));
#4671=DIRECTION('',(0.0,0.0,-1.0));
#4672=AXIS2_PLACEMENT_3D('',#4669,#4670,#4671);
#4673=PLANE('',#4672);
#4674=ORIENTED_EDGE('',*,*,#2182,.F.);
#4675=CARTESIAN_POINT('',(87.0,-5.000000000000227,-15.500000000000057));
#4676=DIRECTION('',(0.0,0.0,-1.0));
#4677=VECTOR('',#4676,3.864916731036942);
#4678=LINE('',#4675,#4677);
#4679=EDGE_CURVE('',#4612,#2168,#4678,.T.);
#4680=ORIENTED_EDGE('',*,*,#4679,.F.);
#4681=ORIENTED_EDGE('',*,*,#4617,.T.);
#4682=ORIENTED_EDGE('',*,*,#3928,.F.);
#4683=EDGE_LOOP('',(#4674,#4680,#4681,#4682));
#4684=FACE_OUTER_BOUND('',#4683,.T.);
#4685=ADVANCED_FACE('',(#4684),#4673,.T.);
#4686=CARTESIAN_POINT('',(87.0,4.999999999999773,-19.364916731037145));
#4687=DIRECTION('',(0.0,1.0,0.0));
#4688=DIRECTION('',(0.0,0.0,1.0));
#4689=AXIS2_PLACEMENT_3D('',#4686,#4687,#4688);
#4690=PLANE('',#4689);
#4691=ORIENTED_EDGE('',*,*,#4663,.F.);
#4692=CARTESIAN_POINT('',(87.0,4.999999999999773,-19.364916731037145));
#4693=VERTEX_POINT('',#4692);
#4694=CARTESIAN_POINT('',(87.0,4.999999999999773,-15.500000000000057));
#4695=DIRECTION('',(0.0,0.0,-1.0));
#4696=VECTOR('',#4695,3.864916731037088);
#4697=LINE('',#4694,#4696);
#4698=EDGE_CURVE('',#4652,#4693,#4697,.T.);
#4699=ORIENTED_EDGE('',*,*,#4698,.T.);
#4700=CARTESIAN_POINT('',(87.0,4.999999999999773,-19.364916731037145));
#4701=DIRECTION('',(-1.0,0.0,0.0));
#4702=VECTOR('',#4701,1.500000000000000);
#4703=LINE('',#4700,#4702);
#4704=EDGE_CURVE('',#4693,#3939,#4703,.T.);
#4705=ORIENTED_EDGE('',*,*,#4704,.T.);
#4706=ORIENTED_EDGE('',*,*,#3944,.F.);
#4707=EDGE_LOOP('',(#4691,#4699,#4705,#4706));
#4708=FACE_OUTER_BOUND('',#4707,.T.);
#4709=ADVANCED_FACE('',(#4708),#4690,.T.);
#4710=CARTESIAN_POINT('',(87.0,-2.273737E-013,-17.578112758985672));
#4711=DIRECTION('',(1.0,0.0,0.0));
#4712=DIRECTION('',(0.0,0.0,-1.0));
#4713=AXIS2_PLACEMENT_3D('',#4710,#4711,#4712);
#4714=PLANE('',#4713);
#4715=CARTESIAN_POINT('',(87.0,-3.750000000000227,-19.000000000000057));
#4716=VERTEX_POINT('',#4715);
#4717=CARTESIAN_POINT('',(87.0,-3.750000000000227,-15.500000000000057));
#4718=DIRECTION('',(0.0,0.0,-1.0));
#4719=VECTOR('',#4718,3.500000000000000);
#4720=LINE('',#4717,#4719);
#4721=EDGE_CURVE('',#4620,#4716,#4720,.T.);
#4722=ORIENTED_EDGE('',*,*,#4721,.F.);
#4723=ORIENTED_EDGE('',*,*,#4625,.T.);
#4724=ORIENTED_EDGE('',*,*,#4679,.T.);
#4725=ORIENTED_EDGE('',*,*,#2174,.F.);
#4726=CARTESIAN_POINT('',(87.0,0.0,0.0));
#4727=DIRECTION('',(-1.0,0.0,0.0));
#4728=DIRECTION('',(0.0,-1.0,0.0));
#4729=AXIS2_PLACEMENT_3D('',#4726,#4727,#4728);
#4730=CIRCLE('',#4729,20.0);
#4731=EDGE_CURVE('',#4693,#2160,#4730,.T.);
#4732=ORIENTED_EDGE('',*,*,#4731,.F.);
#4733=ORIENTED_EDGE('',*,*,#4698,.F.);
#4734=ORIENTED_EDGE('',*,*,#4657,.T.);
#4735=CARTESIAN_POINT('',(87.0,3.749999999999773,-19.000000000000057));
#4736=VERTEX_POINT('',#4735);
#4737=CARTESIAN_POINT('',(87.0,3.749999999999773,-19.000000000000057));
#4738=DIRECTION('',(0.0,0.0,1.0));
#4739=VECTOR('',#4738,3.500000000000000);
#4740=LINE('',#4737,#4739);
#4741=EDGE_CURVE('',#4736,#4644,#4740,.T.);
#4742=ORIENTED_EDGE('',*,*,#4741,.F.);
#4743=CARTESIAN_POINT('',(87.0,-3.750000000000227,-19.000000000000057));
#4744=DIRECTION('',(0.0,1.0,0.0));
#4745=VECTOR('',#4744,7.500000000000000);
#4746=LINE('',#4743,#4745);
#4747=EDGE_CURVE('',#4716,#4736,#4746,.T.);
#4748=ORIENTED_EDGE('',*,*,#4747,.F.);
#4749=EDGE_LOOP('',(#4722,#4723,#4724,#4725,#4732,#4733,#4734,#4742,#4748));
#4750=FACE_OUTER_BOUND('',#4749,.T.);
#4751=ADVANCED_FACE('',(#4750),#4714,.T.);
#4752=CARTESIAN_POINT('',(88.0,-3.750000000000227,-15.500000000000057));
#4753=DIRECTION('',(0.0,-1.0,0.0));
#4754=DIRECTION('',(0.0,0.0,-1.0));
#4755=AXIS2_PLACEMENT_3D('',#4752,#4753,#4754);
#4756=PLANE('',#4755);
#4757=ORIENTED_EDGE('',*,*,#4721,.T.);
#4758=CARTESIAN_POINT('',(88.0,-3.750000000000227,-19.000000000000057));
#4759=VERTEX_POINT('',#4758);
#4760=CARTESIAN_POINT('',(88.0,-3.750000000000227,-19.000000000000057));
#4761=DIRECTION('',(-1.0,0.0,0.0));
#4762=VECTOR('',#4761,1.0);
#4763=LINE('',#4760,#4762);
#4764=EDGE_CURVE('',#4759,#4716,#4763,.T.);
#4765=ORIENTED_EDGE('',*,*,#4764,.F.);
#4766=CARTESIAN_POINT('',(88.0,-3.750000000000227,-19.000000000000057));
#4767=DIRECTION('',(0.0,0.0,1.0));
#4768=VECTOR('',#4767,3.500000000000000);
#4769=LINE('',#4766,#4768);
#4770=EDGE_CURVE('',#4759,#4628,#4769,.T.);
#4771=ORIENTED_EDGE('',*,*,#4770,.T.);
#4772=ORIENTED_EDGE('',*,*,#4633,.T.);
#4773=EDGE_LOOP('',(#4757,#4765,#4771,#4772));
#4774=FACE_OUTER_BOUND('',#4773,.T.);
#4775=ADVANCED_FACE('',(#4774),#4756,.T.);
#4776=CARTESIAN_POINT('',(88.0,-3.750000000000227,-19.000000000000057));
#4777=DIRECTION('',(0.0,0.0,-1.0));
#4778=DIRECTION('',(-1.0,0.0,0.0));
#4779=AXIS2_PLACEMENT_3D('',#4776,#4777,#4778);
#4780=PLANE('',#4779);
#4781=ORIENTED_EDGE('',*,*,#4747,.T.);
#4782=CARTESIAN_POINT('',(88.0,3.749999999999773,-19.000000000000057));
#4783=VERTEX_POINT('',#4782);
#4784=CARTESIAN_POINT('',(88.0,3.749999999999773,-19.000000000000057));
#4785=DIRECTION('',(-1.0,0.0,0.0));
#4786=VECTOR('',#4785,1.0);
#4787=LINE('',#4784,#4786);
#4788=EDGE_CURVE('',#4783,#4736,#4787,.T.);
#4789=ORIENTED_EDGE('',*,*,#4788,.F.);
#4790=CARTESIAN_POINT('',(88.0,3.749999999999773,-19.000000000000057));
#4791=DIRECTION('',(0.0,-1.0,0.0));
#4792=VECTOR('',#4791,7.500000000000000);
#4793=LINE('',#4790,#4792);
#4794=EDGE_CURVE('',#4783,#4759,#4793,.T.);
#4795=ORIENTED_EDGE('',*,*,#4794,.T.);
#4796=ORIENTED_EDGE('',*,*,#4764,.T.);
#4797=EDGE_LOOP('',(#4781,#4789,#4795,#4796));
#4798=FACE_OUTER_BOUND('',#4797,.T.);
#4799=ADVANCED_FACE('',(#4798),#4780,.T.);
#4800=CARTESIAN_POINT('',(88.0,3.749999999999773,-19.000000000000057));
#4801=DIRECTION('',(0.0,1.0,0.0));
#4802=DIRECTION('',(0.0,0.0,1.0));
#4803=AXIS2_PLACEMENT_3D('',#4800,#4801,#4802);
#4804=PLANE('',#4803);
#4805=ORIENTED_EDGE('',*,*,#4741,.T.);
#4806=ORIENTED_EDGE('',*,*,#4649,.F.);
#4807=CARTESIAN_POINT('',(88.0,3.749999999999773,-19.000000000000057));
#4808=DIRECTION('',(0.0,0.0,1.0));
#4809=VECTOR('',#4808,3.500000000000000);
#4810=LINE('',#4807,#4809);
#4811=EDGE_CURVE('',#4783,#4636,#4810,.T.);
#4812=ORIENTED_EDGE('',*,*,#4811,.F.);
#4813=ORIENTED_EDGE('',*,*,#4788,.T.);
#4814=EDGE_LOOP('',(#4805,#4806,#4812,#4813));
#4815=FACE_OUTER_BOUND('',#4814,.T.);
#4816=ADVANCED_FACE('',(#4815),#4804,.T.);
#4817=CARTESIAN_POINT('',(88.0,-2.273737E-013,-17.250000000000057));
#4818=DIRECTION('',(1.0,0.0,0.0));
#4819=DIRECTION('',(0.0,0.0,-1.0));
#4820=AXIS2_PLACEMENT_3D('',#4817,#4818,#4819);
#4821=PLANE('',#4820);
#4822=ORIENTED_EDGE('',*,*,#4811,.T.);
#4823=ORIENTED_EDGE('',*,*,#4641,.T.);
#4824=ORIENTED_EDGE('',*,*,#4770,.F.);
#4825=ORIENTED_EDGE('',*,*,#4794,.F.);
#4826=EDGE_LOOP('',(#4822,#4823,#4824,#4825));
#4827=FACE_OUTER_BOUND('',#4826,.T.);
#4828=ORIENTED_EDGE('',*,*,#4394,.T.);
#4829=ORIENTED_EDGE('',*,*,#4556,.T.);
#4830=ORIENTED_EDGE('',*,*,#4153,.T.);
#4831=ORIENTED_EDGE('',*,*,#4526,.T.);
#4832=EDGE_LOOP('',(#4828,#4829,#4830,#4831));
#4833=FACE_BOUND('',#4832,.T.);
#4834=ADVANCED_FACE('',(#4827,#4833),#4821,.T.);
#4835=CARTESIAN_POINT('',(104.558565786490760,-4.417261248348268,10.074115497840971));
#4836=DIRECTION('',(-1.0,0.0,0.0));
#4837=DIRECTION('',(0.0,-1.0,0.0));
#4838=AXIS2_PLACEMENT_3D('',#4835,#4836,#4837);
#4839=CYLINDRICAL_SURFACE('',#4838,1.499999999999979);
#4840=ORIENTED_EDGE('',*,*,#2602,.T.);
#4841=CARTESIAN_POINT('',(85.999999999999943,-3.814907441755281,8.700372475408138));
#4842=VERTEX_POINT('',#4841);
#4843=CARTESIAN_POINT('',(85.999999999999943,-4.417261248348268,10.074115497840971));
#4844=DIRECTION('',(1.0,0.0,0.0));
#4845=DIRECTION('',(0.0,-1.0,0.0));
#4846=AXIS2_PLACEMENT_3D('',#4843,#4844,#4845);
#4847=CIRCLE('',#4846,1.499999999999979);
#4848=EDGE_CURVE('',#4842,#2597,#4847,.T.);
#4849=ORIENTED_EDGE('',*,*,#4848,.F.);
#4850=CARTESIAN_POINT('',(86.999999999999943,-3.814907441755281,8.700372475408138));
#4851=VERTEX_POINT('',#4850);
#4852=CARTESIAN_POINT('',(86.999999999999943,-3.814907441755281,8.700372475408138));
#4853=DIRECTION('',(-1.0,0.0,0.0));
#4854=VECTOR('',#4853,1.0);
#4855=LINE('',#4852,#4854);
#4856=EDGE_CURVE('',#4851,#4842,#4855,.T.);
#4857=ORIENTED_EDGE('',*,*,#4856,.F.);
#4858=CARTESIAN_POINT('',(86.999999999999943,-4.417261248348268,10.074115497840971));
#4859=DIRECTION('',(-1.0,0.0,0.0));
#4860=DIRECTION('',(0.0,-1.0,0.0));
#4861=AXIS2_PLACEMENT_3D('',#4858,#4859,#4860);
#4862=CIRCLE('',#4861,1.499999999999979);
#4863=EDGE_CURVE('',#2595,#4851,#4862,.T.);
#4864=ORIENTED_EDGE('',*,*,#4863,.F.);
#4865=EDGE_LOOP('',(#4840,#4849,#4857,#4864));
#4866=FACE_OUTER_BOUND('',#4865,.T.);
#4867=ADVANCED_FACE('',(#4866),#4839,.F.);
#4868=CARTESIAN_POINT('',(104.558565786490760,0.0,4.440892E-016));
#4869=DIRECTION('',(-1.0,0.0,0.0));
#4870=DIRECTION('',(0.0,-1.0,0.0));
#4871=AXIS2_PLACEMENT_3D('',#4868,#4869,#4870);
#4872=CYLINDRICAL_SURFACE('',#4871,9.500000000000000);
#4873=CARTESIAN_POINT('',(86.999999999999943,-8.700372475408017,3.814907441755736));
#4874=VERTEX_POINT('',#4873);
#4875=CARTESIAN_POINT('',(86.999999999999943,0.0,4.440892E-016));
#4876=DIRECTION('',(1.0,0.0,0.0));
#4877=DIRECTION('',(0.0,-1.0,0.0));
#4878=AXIS2_PLACEMENT_3D('',#4875,#4876,#4877);
#4879=CIRCLE('',#4878,9.500000000000000);
#4880=EDGE_CURVE('',#4851,#4874,#4879,.T.);
#4881=ORIENTED_EDGE('',*,*,#4880,.F.);
#4882=ORIENTED_EDGE('',*,*,#4856,.T.);
#4883=CARTESIAN_POINT('',(85.999999999999943,-8.700372475408017,3.814907441755736));
#4884=VERTEX_POINT('',#4883);
#4885=CARTESIAN_POINT('',(85.999999999999943,0.0,4.440892E-016));
#4886=DIRECTION('',(-1.0,0.0,0.0));
#4887=DIRECTION('',(0.0,-1.0,0.0));
#4888=AXIS2_PLACEMENT_3D('',#4885,#4886,#4887);
#4889=CIRCLE('',#4888,9.500000000000000);
#4890=EDGE_CURVE('',#4884,#4842,#4889,.T.);
#4891=ORIENTED_EDGE('',*,*,#4890,.F.);
#4892=CARTESIAN_POINT('',(86.999999999999943,-8.700372475408017,3.814907441755736));
#4893=DIRECTION('',(-1.0,0.0,0.0));
#4894=VECTOR('',#4893,1.0);
#4895=LINE('',#4892,#4894);
#4896=EDGE_CURVE('',#4874,#4884,#4895,.T.);
#4897=ORIENTED_EDGE('',*,*,#4896,.F.);
#4898=EDGE_LOOP('',(#4881,#4882,#4891,#4897));
#4899=FACE_OUTER_BOUND('',#4898,.T.);
#4900=ADVANCED_FACE('',(#4899),#4872,.T.);
#4901=CARTESIAN_POINT('',(104.558565786490760,-10.074115497840921,4.417261248348723));
#4902=DIRECTION('',(-1.0,0.0,0.0));
#4903=DIRECTION('',(0.0,-1.0,0.0));
#4904=AXIS2_PLACEMENT_3D('',#4901,#4902,#4903);
#4905=CYLINDRICAL_SURFACE('',#4904,1.499999999999979);
#4906=ORIENTED_EDGE('',*,*,#2560,.T.);
#4907=CARTESIAN_POINT('',(86.999999999999943,-10.074115497840921,4.417261248348723));
#4908=DIRECTION('',(-1.0,0.0,0.0));
#4909=DIRECTION('',(0.0,-1.0,0.0));
#4910=AXIS2_PLACEMENT_3D('',#4907,#4908,#4909);
#4911=CIRCLE('',#4910,1.499999999999979);
#4912=EDGE_CURVE('',#4874,#2555,#4911,.T.);
#4913=ORIENTED_EDGE('',*,*,#4912,.F.);
#4914=ORIENTED_EDGE('',*,*,#4896,.T.);
#4915=CARTESIAN_POINT('',(85.999999999999943,-10.074115497840921,4.417261248348723));
#4916=DIRECTION('',(1.0,0.0,0.0));
#4917=DIRECTION('',(0.0,-1.0,0.0));
#4918=AXIS2_PLACEMENT_3D('',#4915,#4916,#4917);
#4919=CIRCLE('',#4918,1.499999999999979);
#4920=EDGE_CURVE('',#2553,#4884,#4919,.T.);
#4921=ORIENTED_EDGE('',*,*,#4920,.F.);
#4922=EDGE_LOOP('',(#4906,#4913,#4914,#4921));
#4923=FACE_OUTER_BOUND('',#4922,.T.);
#4924=ADVANCED_FACE('',(#4923),#4905,.F.);
#4925=CARTESIAN_POINT('',(104.558565786490760,0.0,4.440892E-016));
#4926=DIRECTION('',(-1.0,0.0,0.0));
#4927=DIRECTION('',(0.0,-1.0,0.0));
#4928=AXIS2_PLACEMENT_3D('',#4925,#4926,#4927);
#4929=CYLINDRICAL_SURFACE('',#4928,12.500000000000000);
#4930=CARTESIAN_POINT('',(86.999999999999943,0.0,4.440892E-016));
#4931=DIRECTION('',(-1.0,0.0,0.0));
#4932=DIRECTION('',(0.0,-1.0,0.0));
#4933=AXIS2_PLACEMENT_3D('',#4930,#4931,#4932);
#4934=CIRCLE('',#4933,12.500000000000000);
#4935=EDGE_CURVE('',#2572,#2605,#4934,.T.);
#4936=ORIENTED_EDGE('',*,*,#4935,.F.);
#4937=ORIENTED_EDGE('',*,*,#2577,.T.);
#4938=CARTESIAN_POINT('',(85.999999999999943,0.0,4.440892E-016));
#4939=DIRECTION('',(1.0,0.0,0.0));
#4940=DIRECTION('',(0.0,-1.0,0.0));
#4941=AXIS2_PLACEMENT_3D('',#4938,#4939,#4940);
#4942=CIRCLE('',#4941,12.500000000000000);
#4943=EDGE_CURVE('',#2614,#2563,#4942,.T.);
#4944=ORIENTED_EDGE('',*,*,#4943,.F.);
#4945=ORIENTED_EDGE('',*,*,#2619,.F.);
#4946=EDGE_LOOP('',(#4936,#4937,#4944,#4945));
#4947=FACE_OUTER_BOUND('',#4946,.T.);
#4948=ADVANCED_FACE('',(#4947),#4929,.F.);
#4949=CARTESIAN_POINT('',(104.558565786490760,4.417261248348041,-10.074115497841206));
#4950=DIRECTION('',(-1.0,0.0,0.0));
#4951=DIRECTION('',(0.0,-1.0,0.0));
#4952=AXIS2_PLACEMENT_3D('',#4949,#4950,#4951);
#4953=CYLINDRICAL_SURFACE('',#4952,1.499999999999979);
#4954=ORIENTED_EDGE('',*,*,#2518,.T.);
#4955=CARTESIAN_POINT('',(86.999999999999943,5.019615054941028,-11.447858520274039));
#4956=VERTEX_POINT('',#4955);
#4957=CARTESIAN_POINT('',(86.999999999999943,4.417261248348041,-10.074115497841206));
#4958=DIRECTION('',(-1.0,0.0,0.0));
#4959=DIRECTION('',(0.0,-1.0,0.0));
#4960=AXIS2_PLACEMENT_3D('',#4957,#4958,#4959);
#4961=CIRCLE('',#4960,1.499999999999979);
#4962=EDGE_CURVE('',#4956,#2513,#4961,.T.);
#4963=ORIENTED_EDGE('',*,*,#4962,.F.);
#4964=CARTESIAN_POINT('',(85.999999999999943,5.019615054941028,-11.447858520274039));
#4965=VERTEX_POINT('',#4964);
#4966=CARTESIAN_POINT('',(86.999999999999943,5.019615054941028,-11.447858520274039));
#4967=DIRECTION('',(-1.0,0.0,0.0));
#4968=VECTOR('',#4967,1.0);
#4969=LINE('',#4966,#4968);
#4970=EDGE_CURVE('',#4956,#4965,#4969,.T.);
#4971=ORIENTED_EDGE('',*,*,#4970,.T.);
#4972=CARTESIAN_POINT('',(85.999999999999943,4.417261248348041,-10.074115497841206));
#4973=DIRECTION('',(1.0,0.0,0.0));
#4974=DIRECTION('',(0.0,-1.0,0.0));
#4975=AXIS2_PLACEMENT_3D('',#4972,#4973,#4974);
#4976=CIRCLE('',#4975,1.499999999999979);
#4977=EDGE_CURVE('',#2511,#4965,#4976,.T.);
#4978=ORIENTED_EDGE('',*,*,#4977,.F.);
#4979=EDGE_LOOP('',(#4954,#4963,#4971,#4978));
#4980=FACE_OUTER_BOUND('',#4979,.T.);
#4981=ADVANCED_FACE('',(#4980),#4953,.F.);
#4982=CARTESIAN_POINT('',(104.558565786490760,-2.273737E-013,-1.700862E-013));
#4983=DIRECTION('',(-1.0,0.0,0.0));
#4984=DIRECTION('',(0.0,-1.0,0.0));
#4985=AXIS2_PLACEMENT_3D('',#4982,#4983,#4984);
#4986=CYLINDRICAL_SURFACE('',#4985,9.500000000000000);
#4987=CARTESIAN_POINT('',(86.999999999999943,-2.273737E-013,-1.700862E-013));
#4988=DIRECTION('',(1.0,0.0,0.0));
#4989=DIRECTION('',(0.0,-1.0,0.0));
#4990=AXIS2_PLACEMENT_3D('',#4987,#4988,#4989);
#4991=CIRCLE('',#4990,9.500000000000000);
#4992=EDGE_CURVE('',#2530,#2479,#4991,.T.);
#4993=ORIENTED_EDGE('',*,*,#4992,.F.);
#4994=ORIENTED_EDGE('',*,*,#2535,.T.);
#4995=CARTESIAN_POINT('',(85.999999999999943,-2.273737E-013,-1.700862E-013));
#4996=DIRECTION('',(-1.0,0.0,0.0));
#4997=DIRECTION('',(0.0,-1.0,0.0));
#4998=AXIS2_PLACEMENT_3D('',#4995,#4996,#4997);
#4999=CIRCLE('',#4998,9.500000000000000);
#5000=EDGE_CURVE('',#2488,#2521,#4999,.T.);
#5001=ORIENTED_EDGE('',*,*,#5000,.F.);
#5002=ORIENTED_EDGE('',*,*,#2493,.F.);
#5003=EDGE_LOOP('',(#4993,#4994,#5001,#5002));
#5004=FACE_OUTER_BOUND('',#5003,.T.);
#5005=ADVANCED_FACE('',(#5004),#4986,.T.);
#5006=CARTESIAN_POINT('',(104.558565786490760,10.074115497840580,-4.417261248349007));
#5007=DIRECTION('',(-1.0,0.0,0.0));
#5008=DIRECTION('',(0.0,-1.0,0.0));
#5009=AXIS2_PLACEMENT_3D('',#5006,#5007,#5008);
#5010=CYLINDRICAL_SURFACE('',#5009,1.499999999999979);
#5011=ORIENTED_EDGE('',*,*,#2476,.T.);
#5012=CARTESIAN_POINT('',(85.999999999999943,11.447858520273371,-5.019615054942008));
#5013=VERTEX_POINT('',#5012);
#5014=CARTESIAN_POINT('',(85.999999999999943,10.074115497840580,-4.417261248349007));
#5015=DIRECTION('',(1.0,0.0,0.0));
#5016=DIRECTION('',(0.0,-1.0,0.0));
#5017=AXIS2_PLACEMENT_3D('',#5014,#5015,#5016);
#5018=CIRCLE('',#5017,1.499999999999979);
#5019=EDGE_CURVE('',#5013,#2471,#5018,.T.);
#5020=ORIENTED_EDGE('',*,*,#5019,.F.);
#5021=CARTESIAN_POINT('',(86.999999999999943,11.447858520273371,-5.019615054942008));
#5022=VERTEX_POINT('',#5021);
#5023=CARTESIAN_POINT('',(86.999999999999943,11.447858520273371,-5.019615054942008));
#5024=DIRECTION('',(-1.0,0.0,0.0));
#5025=VECTOR('',#5024,1.0);
#5026=LINE('',#5023,#5025);
#5027=EDGE_CURVE('',#5022,#5013,#5026,.T.);
#5028=ORIENTED_EDGE('',*,*,#5027,.F.);
#5029=CARTESIAN_POINT('',(86.999999999999943,10.074115497840580,-4.417261248349007));
#5030=DIRECTION('',(-1.0,0.0,0.0));
#5031=DIRECTION('',(0.0,-1.0,0.0));
#5032=AXIS2_PLACEMENT_3D('',#5029,#5030,#5031);
#5033=CIRCLE('',#5032,1.499999999999979);
#5034=EDGE_CURVE('',#2469,#5022,#5033,.T.);
#5035=ORIENTED_EDGE('',*,*,#5034,.F.);
#5036=EDGE_LOOP('',(#5011,#5020,#5028,#5035));
#5037=FACE_OUTER_BOUND('',#5036,.T.);
#5038=ADVANCED_FACE('',(#5037),#5010,.F.);
#5039=CARTESIAN_POINT('',(104.558565786490760,-2.273737E-013,-1.700862E-013));
#5040=DIRECTION('',(-1.0,0.0,0.0));
#5041=DIRECTION('',(0.0,-1.0,0.0));
#5042=AXIS2_PLACEMENT_3D('',#5039,#5040,#5041);
#5043=CYLINDRICAL_SURFACE('',#5042,12.500000000000000);
#5044=CARTESIAN_POINT('',(86.999999999999943,-2.273737E-013,-1.700862E-013));
#5045=DIRECTION('',(-1.0,0.0,0.0));
#5046=DIRECTION('',(0.0,-1.0,0.0));
#5047=AXIS2_PLACEMENT_3D('',#5044,#5045,#5046);
#5048=CIRCLE('',#5047,12.500000000000000);
#5049=EDGE_CURVE('',#5022,#4956,#5048,.T.);
#5050=ORIENTED_EDGE('',*,*,#5049,.F.);
#5051=ORIENTED_EDGE('',*,*,#5027,.T.);
#5052=CARTESIAN_POINT('',(85.999999999999943,-2.273737E-013,-1.700862E-013));
#5053=DIRECTION('',(1.0,0.0,0.0));
#5054=DIRECTION('',(0.0,-1.0,0.0));
#5055=AXIS2_PLACEMENT_3D('',#5052,#5053,#5054);
#5056=CIRCLE('',#5055,12.500000000000000);
#5057=EDGE_CURVE('',#4965,#5013,#5056,.T.);
#5058=ORIENTED_EDGE('',*,*,#5057,.F.);
#5059=ORIENTED_EDGE('',*,*,#4970,.F.);
#5060=EDGE_LOOP('',(#5050,#5051,#5058,#5059));
#5061=FACE_OUTER_BOUND('',#5060,.T.);
#5062=ADVANCED_FACE('',(#5061),#5043,.F.);
#5063=CARTESIAN_POINT('',(104.558565786490760,0.0,-11.0));
#5064=DIRECTION('',(-1.0,0.0,0.0));
#5065=DIRECTION('',(0.0,-1.0,0.0));
#5066=AXIS2_PLACEMENT_3D('',#5063,#5064,#5065);
#5067=CYLINDRICAL_SURFACE('',#5066,1.250000000000000);
#5068=ORIENTED_EDGE('',*,*,#2434,.T.);
#5069=CARTESIAN_POINT('',(86.999999999999943,0.0,-11.0));
#5070=DIRECTION('',(-1.0,0.0,0.0));
#5071=DIRECTION('',(0.0,-1.0,0.0));
#5072=AXIS2_PLACEMENT_3D('',#5069,#5070,#5071);
#5073=CIRCLE('',#5072,1.250000000000000);
#5074=EDGE_CURVE('',#2446,#2429,#5073,.T.);
#5075=ORIENTED_EDGE('',*,*,#5074,.F.);
#5076=ORIENTED_EDGE('',*,*,#2451,.T.);
#5077=CARTESIAN_POINT('',(85.999999999999943,0.0,-11.0));
#5078=DIRECTION('',(1.0,0.0,0.0));
#5079=DIRECTION('',(0.0,-1.0,0.0));
#5080=AXIS2_PLACEMENT_3D('',#5077,#5078,#5079);
#5081=CIRCLE('',#5080,1.250000000000000);
#5082=EDGE_CURVE('',#2427,#2437,#5081,.T.);
#5083=ORIENTED_EDGE('',*,*,#5082,.F.);
#5084=EDGE_LOOP('',(#5068,#5075,#5076,#5083));
#5085=FACE_OUTER_BOUND('',#5084,.T.);
#5086=ADVANCED_FACE('',(#5085),#5067,.F.);
#5087=CARTESIAN_POINT('',(104.558565786490760,-10.074115497841149,-4.417261248348211));
#5088=DIRECTION('',(-1.0,0.0,0.0));
#5089=DIRECTION('',(0.0,-1.0,0.0));
#5090=AXIS2_PLACEMENT_3D('',#5087,#5088,#5089);
#5091=CYLINDRICAL_SURFACE('',#5090,1.499999999999979);
#5092=ORIENTED_EDGE('',*,*,#2392,.T.);
#5093=CARTESIAN_POINT('',(86.999999999999943,-11.447858520274053,-5.019615054941212));
#5094=VERTEX_POINT('',#5093);
#5095=CARTESIAN_POINT('',(86.999999999999943,-10.074115497841149,-4.417261248348211));
#5096=DIRECTION('',(-1.0,0.0,0.0));
#5097=DIRECTION('',(0.0,-1.0,0.0));
#5098=AXIS2_PLACEMENT_3D('',#5095,#5096,#5097);
#5099=CIRCLE('',#5098,1.499999999999979);
#5100=EDGE_CURVE('',#5094,#2387,#5099,.T.);
#5101=ORIENTED_EDGE('',*,*,#5100,.F.);
#5102=CARTESIAN_POINT('',(85.999999999999943,-11.447858520274053,-5.019615054941212));
#5103=VERTEX_POINT('',#5102);
#5104=CARTESIAN_POINT('',(86.999999999999943,-11.447858520274053,-5.019615054941212));
#5105=DIRECTION('',(-1.0,0.0,0.0));
#5106=VECTOR('',#5105,1.0);
#5107=LINE('',#5104,#5106);
#5108=EDGE_CURVE('',#5094,#5103,#5107,.T.);
#5109=ORIENTED_EDGE('',*,*,#5108,.T.);
#5110=CARTESIAN_POINT('',(85.999999999999943,-10.074115497841149,-4.417261248348211));
#5111=DIRECTION('',(1.0,0.0,0.0));
#5112=DIRECTION('',(0.0,-1.0,0.0));
#5113=AXIS2_PLACEMENT_3D('',#5110,#5111,#5112);
#5114=CIRCLE('',#5113,1.499999999999979);
#5115=EDGE_CURVE('',#2385,#5103,#5114,.T.);
#5116=ORIENTED_EDGE('',*,*,#5115,.F.);
#5117=EDGE_LOOP('',(#5092,#5101,#5109,#5116));
#5118=FACE_OUTER_BOUND('',#5117,.T.);
#5119=ADVANCED_FACE('',(#5118),#5091,.F.);
#5120=CARTESIAN_POINT('',(104.558565786490760,-2.273737E-013,5.728751E-014));
#5121=DIRECTION('',(-1.0,0.0,0.0));
#5122=DIRECTION('',(0.0,-1.0,0.0));
#5123=AXIS2_PLACEMENT_3D('',#5120,#5121,#5122);
#5124=CYLINDRICAL_SURFACE('',#5123,9.500000000000000);
#5125=CARTESIAN_POINT('',(86.999999999999943,-2.273737E-013,5.728751E-014));
#5126=DIRECTION('',(1.0,0.0,0.0));
#5127=DIRECTION('',(0.0,-1.0,0.0));
#5128=AXIS2_PLACEMENT_3D('',#5125,#5126,#5127);
#5129=CIRCLE('',#5128,9.500000000000000);
#5130=EDGE_CURVE('',#2404,#2353,#5129,.T.);
#5131=ORIENTED_EDGE('',*,*,#5130,.F.);
#5132=ORIENTED_EDGE('',*,*,#2409,.T.);
#5133=CARTESIAN_POINT('',(85.999999999999943,-2.273737E-013,5.728751E-014));
#5134=DIRECTION('',(-1.0,0.0,0.0));
#5135=DIRECTION('',(0.0,-1.0,0.0));
#5136=AXIS2_PLACEMENT_3D('',#5133,#5134,#5135);
#5137=CIRCLE('',#5136,9.500000000000000);
#5138=EDGE_CURVE('',#2362,#2395,#5137,.T.);
#5139=ORIENTED_EDGE('',*,*,#5138,.F.);
#5140=ORIENTED_EDGE('',*,*,#2367,.F.);
#5141=EDGE_LOOP('',(#5131,#5132,#5139,#5140));
#5142=FACE_OUTER_BOUND('',#5141,.T.);
#5143=ADVANCED_FACE('',(#5142),#5124,.T.);
#5144=CARTESIAN_POINT('',(104.558565786490760,-4.417261248348950,-10.074115497840751));
#5145=DIRECTION('',(-1.0,0.0,0.0));
#5146=DIRECTION('',(0.0,-1.0,0.0));
#5147=AXIS2_PLACEMENT_3D('',#5144,#5145,#5146);
#5148=CYLINDRICAL_SURFACE('',#5147,1.499999999999979);
#5149=ORIENTED_EDGE('',*,*,#2350,.T.);
#5150=CARTESIAN_POINT('',(85.999999999999943,-5.019615054942051,-11.447858520273563));
#5151=VERTEX_POINT('',#5150);
#5152=CARTESIAN_POINT('',(85.999999999999943,-4.417261248348950,-10.074115497840751));
#5153=DIRECTION('',(1.0,0.0,0.0));
#5154=DIRECTION('',(0.0,-1.0,0.0));
#5155=AXIS2_PLACEMENT_3D('',#5152,#5153,#5154);
#5156=CIRCLE('',#5155,1.499999999999979);
#5157=EDGE_CURVE('',#5151,#2345,#5156,.T.);
#5158=ORIENTED_EDGE('',*,*,#5157,.F.);
#5159=CARTESIAN_POINT('',(86.999999999999943,-5.019615054942051,-11.447858520273563));
#5160=VERTEX_POINT('',#5159);
#5161=CARTESIAN_POINT('',(86.999999999999943,-5.019615054942051,-11.447858520273563));
#5162=DIRECTION('',(-1.0,0.0,0.0));
#5163=VECTOR('',#5162,1.0);
#5164=LINE('',#5161,#5163);
#5165=EDGE_CURVE('',#5160,#5151,#5164,.T.);
#5166=ORIENTED_EDGE('',*,*,#5165,.F.);
#5167=CARTESIAN_POINT('',(86.999999999999943,-4.417261248348950,-10.074115497840751));
#5168=DIRECTION('',(-1.0,0.0,0.0));
#5169=DIRECTION('',(0.0,-1.0,0.0));
#5170=AXIS2_PLACEMENT_3D('',#5167,#5168,#5169);
#5171=CIRCLE('',#5170,1.499999999999979);
#5172=EDGE_CURVE('',#2343,#5160,#5171,.T.);
#5173=ORIENTED_EDGE('',*,*,#5172,.F.);
#5174=EDGE_LOOP('',(#5149,#5158,#5166,#5173));
#5175=FACE_OUTER_BOUND('',#5174,.T.);
#5176=ADVANCED_FACE('',(#5175),#5148,.F.);
#5177=CARTESIAN_POINT('',(104.558565786490760,-2.273737E-013,5.728751E-014));
#5178=DIRECTION('',(-1.0,0.0,0.0));
#5179=DIRECTION('',(0.0,-1.0,0.0));
#5180=AXIS2_PLACEMENT_3D('',#5177,#5178,#5179);
#5181=CYLINDRICAL_SURFACE('',#5180,12.500000000000000);
#5182=CARTESIAN_POINT('',(86.999999999999943,-2.273737E-013,5.728751E-014));
#5183=DIRECTION('',(-1.0,0.0,0.0));
#5184=DIRECTION('',(0.0,-1.0,0.0));
#5185=AXIS2_PLACEMENT_3D('',#5182,#5183,#5184);
#5186=CIRCLE('',#5185,12.500000000000000);
#5187=EDGE_CURVE('',#5160,#5094,#5186,.T.);
#5188=ORIENTED_EDGE('',*,*,#5187,.F.);
#5189=ORIENTED_EDGE('',*,*,#5165,.T.);
#5190=CARTESIAN_POINT('',(85.999999999999943,-2.273737E-013,5.728751E-014));
#5191=DIRECTION('',(1.0,0.0,0.0));
#5192=DIRECTION('',(0.0,-1.0,0.0));
#5193=AXIS2_PLACEMENT_3D('',#5190,#5191,#5192);
#5194=CIRCLE('',#5193,12.500000000000000);
#5195=EDGE_CURVE('',#5103,#5151,#5194,.T.);
#5196=ORIENTED_EDGE('',*,*,#5195,.F.);
#5197=ORIENTED_EDGE('',*,*,#5108,.F.);
#5198=EDGE_LOOP('',(#5188,#5189,#5196,#5197));
#5199=FACE_OUTER_BOUND('',#5198,.T.);
#5200=ADVANCED_FACE('',(#5199),#5181,.F.);
#5201=CARTESIAN_POINT('',(104.558565786490760,0.0,10.999999999999993));
#5202=DIRECTION('',(-1.0,0.0,0.0));
#5203=DIRECTION('',(0.0,-1.0,0.0));
#5204=AXIS2_PLACEMENT_3D('',#5201,#5202,#5203);
#5205=CYLINDRICAL_SURFACE('',#5204,1.250000000000000);
#5206=ORIENTED_EDGE('',*,*,#2308,.T.);
#5207=CARTESIAN_POINT('',(86.999999999999943,0.0,10.999999999999993));
#5208=DIRECTION('',(-1.0,0.0,0.0));
#5209=DIRECTION('',(0.0,-1.0,0.0));
#5210=AXIS2_PLACEMENT_3D('',#5207,#5208,#5209);
#5211=CIRCLE('',#5210,1.250000000000000);
#5212=EDGE_CURVE('',#2320,#2303,#5211,.T.);
#5213=ORIENTED_EDGE('',*,*,#5212,.F.);
#5214=ORIENTED_EDGE('',*,*,#2325,.T.);
#5215=CARTESIAN_POINT('',(85.999999999999943,0.0,10.999999999999993));
#5216=DIRECTION('',(1.0,0.0,0.0));
#5217=DIRECTION('',(0.0,-1.0,0.0));
#5218=AXIS2_PLACEMENT_3D('',#5215,#5216,#5217);
#5219=CIRCLE('',#5218,1.250000000000000);
#5220=EDGE_CURVE('',#2301,#2311,#5219,.T.);
#5221=ORIENTED_EDGE('',*,*,#5220,.F.);
#5222=EDGE_LOOP('',(#5206,#5213,#5214,#5221));
#5223=FACE_OUTER_BOUND('',#5222,.T.);
#5224=ADVANCED_FACE('',(#5223),#5205,.F.);
#5225=CARTESIAN_POINT('',(104.558565786490760,10.074115497840808,4.417261248348041));
#5226=DIRECTION('',(-1.0,0.0,0.0));
#5227=DIRECTION('',(0.0,-1.0,0.0));
#5228=AXIS2_PLACEMENT_3D('',#5225,#5226,#5227);
#5229=CYLINDRICAL_SURFACE('',#5228,1.499999999999979);
#5230=ORIENTED_EDGE('',*,*,#2266,.T.);
#5231=CARTESIAN_POINT('',(85.999999999999943,8.700372475408017,3.814907441755068));
#5232=VERTEX_POINT('',#5231);
#5233=CARTESIAN_POINT('',(85.999999999999943,10.074115497840808,4.417261248348041));
#5234=DIRECTION('',(1.0,0.0,0.0));
#5235=DIRECTION('',(0.0,-1.0,0.0));
#5236=AXIS2_PLACEMENT_3D('',#5233,#5234,#5235);
#5237=CIRCLE('',#5236,1.499999999999979);
#5238=EDGE_CURVE('',#5232,#2261,#5237,.T.);
#5239=ORIENTED_EDGE('',*,*,#5238,.F.);
#5240=CARTESIAN_POINT('',(86.999999999999943,8.700372475408017,3.814907441755068));
#5241=VERTEX_POINT('',#5240);
#5242=CARTESIAN_POINT('',(86.999999999999943,8.700372475408017,3.814907441755068));
#5243=DIRECTION('',(-1.0,0.0,0.0));
#5244=VECTOR('',#5243,1.0);
#5245=LINE('',#5242,#5244);
#5246=EDGE_CURVE('',#5241,#5232,#5245,.T.);
#5247=ORIENTED_EDGE('',*,*,#5246,.F.);
#5248=CARTESIAN_POINT('',(86.999999999999943,10.074115497840808,4.417261248348041));
#5249=DIRECTION('',(-1.0,0.0,0.0));
#5250=DIRECTION('',(0.0,-1.0,0.0));
#5251=AXIS2_PLACEMENT_3D('',#5248,#5249,#5250);
#5252=CIRCLE('',#5251,1.499999999999979);
#5253=EDGE_CURVE('',#2259,#5241,#5252,.T.);
#5254=ORIENTED_EDGE('',*,*,#5253,.F.);
#5255=EDGE_LOOP('',(#5230,#5239,#5247,#5254));
#5256=FACE_OUTER_BOUND('',#5255,.T.);
#5257=ADVANCED_FACE('',(#5256),#5229,.F.);
#5258=CARTESIAN_POINT('',(104.558565786490760,-2.273737E-013,-2.837730E-013));
#5259=DIRECTION('',(-1.0,0.0,0.0));
#5260=DIRECTION('',(0.0,-1.0,0.0));
#5261=AXIS2_PLACEMENT_3D('',#5258,#5259,#5260);
#5262=CYLINDRICAL_SURFACE('',#5261,9.500000000000000);
#5263=CARTESIAN_POINT('',(86.999999999999943,3.814907441755508,8.700372475407697));
#5264=VERTEX_POINT('',#5263);
#5265=CARTESIAN_POINT('',(86.999999999999943,-2.273737E-013,-2.837730E-013));
#5266=DIRECTION('',(1.0,0.0,0.0));
#5267=DIRECTION('',(0.0,-1.0,0.0));
#5268=AXIS2_PLACEMENT_3D('',#5265,#5266,#5267);
#5269=CIRCLE('',#5268,9.500000000000000);
#5270=EDGE_CURVE('',#5241,#5264,#5269,.T.);
#5271=ORIENTED_EDGE('',*,*,#5270,.F.);
#5272=ORIENTED_EDGE('',*,*,#5246,.T.);
#5273=CARTESIAN_POINT('',(85.999999999999943,3.814907441755508,8.700372475407697));
#5274=VERTEX_POINT('',#5273);
#5275=CARTESIAN_POINT('',(85.999999999999943,-2.273737E-013,-2.837730E-013));
#5276=DIRECTION('',(-1.0,0.0,0.0));
#5277=DIRECTION('',(0.0,-1.0,0.0));
#5278=AXIS2_PLACEMENT_3D('',#5275,#5276,#5277);
#5279=CIRCLE('',#5278,9.500000000000000);
#5280=EDGE_CURVE('',#5274,#5232,#5279,.T.);
#5281=ORIENTED_EDGE('',*,*,#5280,.F.);
#5282=CARTESIAN_POINT('',(86.999999999999943,3.814907441755508,8.700372475407697));
#5283=DIRECTION('',(-1.0,0.0,0.0));
#5284=VECTOR('',#5283,1.0);
#5285=LINE('',#5282,#5284);
#5286=EDGE_CURVE('',#5264,#5274,#5285,.T.);
#5287=ORIENTED_EDGE('',*,*,#5286,.F.);
#5288=EDGE_LOOP('',(#5271,#5272,#5281,#5287));
#5289=FACE_OUTER_BOUND('',#5288,.T.);
#5290=ADVANCED_FACE('',(#5289),#5262,.T.);
#5291=CARTESIAN_POINT('',(104.558565786490760,4.417261248348609,10.074115497840516));
#5292=DIRECTION('',(-1.0,0.0,0.0));
#5293=DIRECTION('',(0.0,-1.0,0.0));
#5294=AXIS2_PLACEMENT_3D('',#5291,#5292,#5293);
#5295=CYLINDRICAL_SURFACE('',#5294,1.499999999999979);
#5296=ORIENTED_EDGE('',*,*,#2224,.T.);
#5297=CARTESIAN_POINT('',(86.999999999999943,4.417261248348609,10.074115497840516));
#5298=DIRECTION('',(-1.0,0.0,0.0));
#5299=DIRECTION('',(0.0,-1.0,0.0));
#5300=AXIS2_PLACEMENT_3D('',#5297,#5298,#5299);
#5301=CIRCLE('',#5300,1.499999999999979);
#5302=EDGE_CURVE('',#5264,#2219,#5301,.T.);
#5303=ORIENTED_EDGE('',*,*,#5302,.F.);
#5304=ORIENTED_EDGE('',*,*,#5286,.T.);
#5305=CARTESIAN_POINT('',(85.999999999999943,4.417261248348609,10.074115497840516));
#5306=DIRECTION('',(1.0,0.0,0.0));
#5307=DIRECTION('',(0.0,-1.0,0.0));
#5308=AXIS2_PLACEMENT_3D('',#5305,#5306,#5307);
#5309=CIRCLE('',#5308,1.499999999999979);
#5310=EDGE_CURVE('',#2217,#5274,#5309,.T.);
#5311=ORIENTED_EDGE('',*,*,#5310,.F.);
#5312=EDGE_LOOP('',(#5296,#5303,#5304,#5311));
#5313=FACE_OUTER_BOUND('',#5312,.T.);
#5314=ADVANCED_FACE('',(#5313),#5295,.F.);
#5315=CARTESIAN_POINT('',(104.558565786490760,-2.273737E-013,-2.837730E-013));
#5316=DIRECTION('',(-1.0,0.0,0.0));
#5317=DIRECTION('',(0.0,-1.0,0.0));
#5318=AXIS2_PLACEMENT_3D('',#5315,#5316,#5317);
#5319=CYLINDRICAL_SURFACE('',#5318,12.500000000000000);
#5320=CARTESIAN_POINT('',(86.999999999999943,-2.273737E-013,-2.837730E-013));
#5321=DIRECTION('',(-1.0,0.0,0.0));
#5322=DIRECTION('',(0.0,-1.0,0.0));
#5323=AXIS2_PLACEMENT_3D('',#5320,#5321,#5322);
#5324=CIRCLE('',#5323,12.500000000000000);
#5325=EDGE_CURVE('',#2236,#2269,#5324,.T.);
#5326=ORIENTED_EDGE('',*,*,#5325,.F.);
#5327=ORIENTED_EDGE('',*,*,#2241,.T.);
#5328=CARTESIAN_POINT('',(85.999999999999943,-2.273737E-013,-2.837730E-013));
#5329=DIRECTION('',(1.0,0.0,0.0));
#5330=DIRECTION('',(0.0,-1.0,0.0));
#5331=AXIS2_PLACEMENT_3D('',#5328,#5329,#5330);
#5332=CIRCLE('',#5331,12.500000000000000);
#5333=EDGE_CURVE('',#2278,#2227,#5332,.T.);
#5334=ORIENTED_EDGE('',*,*,#5333,.F.);
#5335=ORIENTED_EDGE('',*,*,#2283,.F.);
#5336=EDGE_LOOP('',(#5326,#5327,#5334,#5335));
#5337=FACE_OUTER_BOUND('',#5336,.T.);
#5338=ADVANCED_FACE('',(#5337),#5319,.F.);
#5339=CARTESIAN_POINT('',(84.499999999999943,0.0,17.042893218813390));
#5340=DIRECTION('',(-1.0,0.0,0.0));
#5341=DIRECTION('',(0.0,0.0,1.0));
#5342=AXIS2_PLACEMENT_3D('',#5339,#5340,#5341);
#5343=PLANE('',#5342);
#5344=ORIENTED_EDGE('',*,*,#2157,.F.);
#5345=CARTESIAN_POINT('',(84.500000000000000,0.0,0.0));
#5346=DIRECTION('',(1.0,0.0,0.0));
#5347=DIRECTION('',(0.0,0.0,1.0));
#5348=AXIS2_PLACEMENT_3D('',#5345,#5346,#5347);
#5349=CIRCLE('',#5348,20.0);
#5350=EDGE_CURVE('',#2151,#2141,#5349,.T.);
#5351=ORIENTED_EDGE('',*,*,#5350,.F.);
#5352=EDGE_LOOP('',(#5344,#5351));
#5353=FACE_OUTER_BOUND('',#5352,.T.);
#5354=CARTESIAN_POINT('',(84.499999999999943,0.0,0.0));
#5355=DIRECTION('',(1.0,0.0,0.0));
#5356=DIRECTION('',(0.0,0.0,1.0));
#5357=AXIS2_PLACEMENT_3D('',#5354,#5355,#5356);
#5358=CIRCLE('',#5357,14.085786437626780);
#5359=EDGE_CURVE('',#1903,#1913,#5358,.T.);
#5360=ORIENTED_EDGE('',*,*,#5359,.T.);
#5361=ORIENTED_EDGE('',*,*,#1919,.T.);
#5362=EDGE_LOOP('',(#5360,#5361));
#5363=FACE_BOUND('',#5362,.T.);
#5364=ADVANCED_FACE('',(#5353,#5363),#5343,.T.);
#5365=CARTESIAN_POINT('',(84.999999999999943,0.0,0.0));
#5366=DIRECTION('',(1.0,0.0,-1.025309E-050));
#5367=DIRECTION('',(0.0,0.0,1.0));
#5368=AXIS2_PLACEMENT_3D('',#5365,#5366,#5367);
#5369=CYLINDRICAL_SURFACE('',#5368,20.0);
#5370=ORIENTED_EDGE('',*,*,#2148,.T.);
#5371=ORIENTED_EDGE('',*,*,#3808,.T.);
#5372=ORIENTED_EDGE('',*,*,#3770,.T.);
#5373=ORIENTED_EDGE('',*,*,#3951,.F.);
#5374=ORIENTED_EDGE('',*,*,#4704,.F.);
#5375=ORIENTED_EDGE('',*,*,#4731,.T.);
#5376=ORIENTED_EDGE('',*,*,#2165,.T.);
#5377=ORIENTED_EDGE('',*,*,#5350,.T.);
#5378=EDGE_LOOP('',(#5370,#5371,#5372,#5373,#5374,#5375,#5376,#5377));
#5379=FACE_OUTER_BOUND('',#5378,.T.);
#5380=ADVANCED_FACE('',(#5379),#5369,.T.);
#5381=CARTESIAN_POINT('',(86.249999999999943,0.0,0.0));
#5382=DIRECTION('',(-1.0,0.0,1.025309E-050));
#5383=DIRECTION('',(0.0,0.0,1.0));
#5384=AXIS2_PLACEMENT_3D('',#5381,#5382,#5383);
#5385=CONICAL_SURFACE('',#5384,13.749999999999716,45.000000000006516);
#5386=ORIENTED_EDGE('',*,*,#2106,.T.);
#5387=CARTESIAN_POINT('',(86.999999999999943,0.0,0.0));
#5388=DIRECTION('',(1.0,0.0,0.0));
#5389=DIRECTION('',(0.0,0.0,1.0));
#5390=AXIS2_PLACEMENT_3D('',#5387,#5388,#5389);
#5391=CIRCLE('',#5390,12.999999999999545);
#5392=EDGE_CURVE('',#2118,#2101,#5391,.T.);
#5393=ORIENTED_EDGE('',*,*,#5392,.F.);
#5394=ORIENTED_EDGE('',*,*,#2123,.T.);
#5395=ORIENTED_EDGE('',*,*,#3969,.T.);
#5396=EDGE_LOOP('',(#5386,#5393,#5394,#5395));
#5397=FACE_OUTER_BOUND('',#5396,.T.);
#5398=ADVANCED_FACE('',(#5397),#5385,.T.);
#5399=CARTESIAN_POINT('',(86.999999999999943,0.0,10.249999999999773));
#5400=DIRECTION('',(1.0,0.0,0.0));
#5401=DIRECTION('',(0.0,0.0,-1.0));
#5402=AXIS2_PLACEMENT_3D('',#5399,#5400,#5401);
#5403=PLANE('',#5402);
#5404=ORIENTED_EDGE('',*,*,#2130,.T.);
#5405=ORIENTED_EDGE('',*,*,#5392,.T.);
#5406=EDGE_LOOP('',(#5404,#5405));
#5407=FACE_OUTER_BOUND('',#5406,.T.);
#5408=ORIENTED_EDGE('',*,*,#4912,.T.);
#5409=ORIENTED_EDGE('',*,*,#2584,.T.);
#5410=ORIENTED_EDGE('',*,*,#4935,.T.);
#5411=ORIENTED_EDGE('',*,*,#2611,.T.);
#5412=ORIENTED_EDGE('',*,*,#4863,.T.);
#5413=ORIENTED_EDGE('',*,*,#4880,.T.);
#5414=EDGE_LOOP('',(#5408,#5409,#5410,#5411,#5412,#5413));
#5415=FACE_BOUND('',#5414,.T.);
#5416=ORIENTED_EDGE('',*,*,#2485,.T.);
#5417=ORIENTED_EDGE('',*,*,#5034,.T.);
#5418=ORIENTED_EDGE('',*,*,#5049,.T.);
#5419=ORIENTED_EDGE('',*,*,#4962,.T.);
#5420=ORIENTED_EDGE('',*,*,#2542,.T.);
#5421=ORIENTED_EDGE('',*,*,#4992,.T.);
#5422=EDGE_LOOP('',(#5416,#5417,#5418,#5419,#5420,#5421));
#5423=FACE_BOUND('',#5422,.T.);
#5424=ORIENTED_EDGE('',*,*,#5074,.T.);
#5425=ORIENTED_EDGE('',*,*,#2458,.T.);
#5426=EDGE_LOOP('',(#5424,#5425));
#5427=FACE_BOUND('',#5426,.T.);
#5428=ORIENTED_EDGE('',*,*,#2359,.T.);
#5429=ORIENTED_EDGE('',*,*,#5172,.T.);
#5430=ORIENTED_EDGE('',*,*,#5187,.T.);
#5431=ORIENTED_EDGE('',*,*,#5100,.T.);
#5432=ORIENTED_EDGE('',*,*,#2416,.T.);
#5433=ORIENTED_EDGE('',*,*,#5130,.T.);
#5434=EDGE_LOOP('',(#5428,#5429,#5430,#5431,#5432,#5433));
#5435=FACE_BOUND('',#5434,.T.);
#5436=ORIENTED_EDGE('',*,*,#5212,.T.);
#5437=ORIENTED_EDGE('',*,*,#2332,.T.);
#5438=EDGE_LOOP('',(#5436,#5437));
#5439=FACE_BOUND('',#5438,.T.);
#5440=ORIENTED_EDGE('',*,*,#5302,.T.);
#5441=ORIENTED_EDGE('',*,*,#2248,.T.);
#5442=ORIENTED_EDGE('',*,*,#5325,.T.);
#5443=ORIENTED_EDGE('',*,*,#2275,.T.);
#5444=ORIENTED_EDGE('',*,*,#5253,.T.);
#5445=ORIENTED_EDGE('',*,*,#5270,.T.);
#5446=EDGE_LOOP('',(#5440,#5441,#5442,#5443,#5444,#5445));
#5447=FACE_BOUND('',#5446,.T.);
#5448=ORIENTED_EDGE('',*,*,#2081,.F.);
#5449=CARTESIAN_POINT('',(86.999999999999943,0.0,0.0));
#5450=DIRECTION('',(1.0,0.0,0.0));
#5451=DIRECTION('',(0.0,0.0,1.0));
#5452=AXIS2_PLACEMENT_3D('',#5449,#5450,#5451);
#5453=CIRCLE('',#5452,7.500000000000000);
#5454=EDGE_CURVE('',#2075,#2067,#5453,.T.);
#5455=ORIENTED_EDGE('',*,*,#5454,.F.);
#5456=EDGE_LOOP('',(#5448,#5455));
#5457=FACE_BOUND('',#5456,.T.);
#5458=ADVANCED_FACE('',(#5407,#5415,#5423,#5427,#5435,#5439,#5447,#5457),#5403,.T.);
#5459=CARTESIAN_POINT('',(88.999999999999943,0.0,0.0));
#5460=DIRECTION('',(1.0,0.0,-1.025309E-050));
#5461=DIRECTION('',(0.0,0.0,1.0));
#5462=AXIS2_PLACEMENT_3D('',#5459,#5460,#5461);
#5463=CYLINDRICAL_SURFACE('',#5462,7.500000000000000);
#5464=ORIENTED_EDGE('',*,*,#2072,.T.);
#5465=CARTESIAN_POINT('',(90.999999999999943,0.0,0.0));
#5466=DIRECTION('',(1.0,0.0,0.0));
#5467=DIRECTION('',(0.0,0.0,1.0));
#5468=AXIS2_PLACEMENT_3D('',#5465,#5466,#5467);
#5469=CIRCLE('',#5468,7.500000000000000);
#5470=EDGE_CURVE('',#2037,#2029,#5469,.T.);
#5471=ORIENTED_EDGE('',*,*,#5470,.F.);
#5472=ORIENTED_EDGE('',*,*,#2087,.T.);
#5473=ORIENTED_EDGE('',*,*,#5454,.T.);
#5474=EDGE_LOOP('',(#5464,#5471,#5472,#5473));
#5475=FACE_OUTER_BOUND('',#5474,.T.);
#5476=ADVANCED_FACE('',(#5475),#5463,.T.);
#5477=CARTESIAN_POINT('',(92.249999999999943,0.0,0.0));
#5478=DIRECTION('',(-1.0,0.0,1.025309E-050));
#5479=DIRECTION('',(0.0,0.0,1.0));
#5480=AXIS2_PLACEMENT_3D('',#5477,#5478,#5479);
#5481=CONICAL_SURFACE('',#5480,6.249999999999943,45.000000000001300);
#5482=ORIENTED_EDGE('',*,*,#2034,.T.);
#5483=ORIENTED_EDGE('',*,*,#2018,.F.);
#5484=ORIENTED_EDGE('',*,*,#2049,.T.);
#5485=ORIENTED_EDGE('',*,*,#5470,.T.);
#5486=EDGE_LOOP('',(#5482,#5483,#5484,#5485));
#5487=FACE_OUTER_BOUND('',#5486,.T.);
#5488=ADVANCED_FACE('',(#5487),#5481,.T.);
#5489=CARTESIAN_POINT('',(92.999999999999943,0.0,0.0));
#5490=DIRECTION('',(1.0,0.0,-1.025309E-050));
#5491=DIRECTION('',(0.0,0.0,1.0));
#5492=AXIS2_PLACEMENT_3D('',#5489,#5490,#5491);
#5493=CONICAL_SURFACE('',#5492,4.499999999999943,44.999999999996739);
#5494=ORIENTED_EDGE('',*,*,#1994,.T.);
#5495=ORIENTED_EDGE('',*,*,#2056,.T.);
#5496=ORIENTED_EDGE('',*,*,#2011,.T.);
#5497=CARTESIAN_POINT('',(92.499999999999943,0.0,0.0));
#5498=DIRECTION('',(1.0,0.0,0.0));
#5499=DIRECTION('',(0.0,0.0,1.0));
#5500=AXIS2_PLACEMENT_3D('',#5497,#5498,#5499);
#5501=CIRCLE('',#5500,4.0);
#5502=EDGE_CURVE('',#1987,#1997,#5501,.T.);
#5503=ORIENTED_EDGE('',*,*,#5502,.F.);
#5504=EDGE_LOOP('',(#5494,#5495,#5496,#5503));
#5505=FACE_OUTER_BOUND('',#5504,.T.);
#5506=ADVANCED_FACE('',(#5505),#5493,.F.);
#5507=CARTESIAN_POINT('',(92.499999999999943,0.0,3.250000000000000));
#5508=DIRECTION('',(1.0,0.0,0.0));
#5509=DIRECTION('',(0.0,0.0,-1.0));
#5510=AXIS2_PLACEMENT_3D('',#5507,#5508,#5509);
#5511=PLANE('',#5510);
#5512=ORIENTED_EDGE('',*,*,#5502,.T.);
#5513=ORIENTED_EDGE('',*,*,#2003,.T.);
#5514=EDGE_LOOP('',(#5512,#5513));
#5515=FACE_OUTER_BOUND('',#5514,.T.);
#5516=CARTESIAN_POINT('',(92.499999999999943,0.0,0.0));
#5517=DIRECTION('',(1.0,0.0,0.0));
#5518=DIRECTION('',(0.0,0.0,1.0));
#5519=AXIS2_PLACEMENT_3D('',#5516,#5517,#5518);
#5520=CIRCLE('',#5519,2.500000000000000);
#5521=EDGE_CURVE('',#1947,#1964,#5520,.T.);
#5522=ORIENTED_EDGE('',*,*,#5521,.F.);
#5523=ORIENTED_EDGE('',*,*,#1976,.F.);
#5524=EDGE_LOOP('',(#5522,#5523));
#5525=FACE_BOUND('',#5524,.T.);
#5526=ADVANCED_FACE('',(#5515,#5525),#5511,.T.);
#5527=CARTESIAN_POINT('',(89.249999999999943,0.0,0.0));
#5528=DIRECTION('',(1.0,0.0,-1.025309E-050));
#5529=DIRECTION('',(0.0,0.0,1.0));
#5530=AXIS2_PLACEMENT_3D('',#5527,#5528,#5529);
#5531=CYLINDRICAL_SURFACE('',#5530,2.500000000000000);
#5532=ORIENTED_EDGE('',*,*,#1952,.T.);
#5533=ORIENTED_EDGE('',*,*,#5521,.T.);
#5534=ORIENTED_EDGE('',*,*,#1969,.T.);
#5535=CARTESIAN_POINT('',(85.999999999999943,0.0,0.0));
#5536=DIRECTION('',(1.0,0.0,0.0));
#5537=DIRECTION('',(0.0,0.0,1.0));
#5538=AXIS2_PLACEMENT_3D('',#5535,#5536,#5537);
#5539=CIRCLE('',#5538,2.500000000000000);
#5540=EDGE_CURVE('',#1945,#1955,#5539,.T.);
#5541=ORIENTED_EDGE('',*,*,#5540,.F.);
#5542=EDGE_LOOP('',(#5532,#5533,#5534,#5541));
#5543=FACE_OUTER_BOUND('',#5542,.T.);
#5544=ADVANCED_FACE('',(#5543),#5531,.F.);
#5545=CARTESIAN_POINT('',(85.999999999999943,0.0,7.542893218813219));
#5546=DIRECTION('',(-1.0,0.0,0.0));
#5547=DIRECTION('',(0.0,0.0,1.0));
#5548=AXIS2_PLACEMENT_3D('',#5545,#5546,#5547);
#5549=PLANE('',#5548);
#5550=CARTESIAN_POINT('',(85.999999999999943,0.0,0.0));
#5551=DIRECTION('',(1.0,0.0,0.0));
#5552=DIRECTION('',(0.0,0.0,1.0));
#5553=AXIS2_PLACEMENT_3D('',#5550,#5551,#5552);
#5554=CIRCLE('',#5553,12.585786437626439);
#5555=EDGE_CURVE('',#1905,#1922,#5554,.T.);
#5556=ORIENTED_EDGE('',*,*,#5555,.F.);
#5557=ORIENTED_EDGE('',*,*,#1934,.F.);
#5558=EDGE_LOOP('',(#5556,#5557));
#5559=FACE_OUTER_BOUND('',#5558,.T.);
#5560=ORIENTED_EDGE('',*,*,#2569,.T.);
#5561=ORIENTED_EDGE('',*,*,#4920,.T.);
#5562=ORIENTED_EDGE('',*,*,#4890,.T.);
#5563=ORIENTED_EDGE('',*,*,#4848,.T.);
#5564=ORIENTED_EDGE('',*,*,#2626,.T.);
#5565=ORIENTED_EDGE('',*,*,#4943,.T.);
#5566=EDGE_LOOP('',(#5560,#5561,#5562,#5563,#5564,#5565));
#5567=FACE_BOUND('',#5566,.T.);
#5568=ORIENTED_EDGE('',*,*,#5019,.T.);
#5569=ORIENTED_EDGE('',*,*,#2500,.T.);
#5570=ORIENTED_EDGE('',*,*,#5000,.T.);
#5571=ORIENTED_EDGE('',*,*,#2527,.T.);
#5572=ORIENTED_EDGE('',*,*,#4977,.T.);
#5573=ORIENTED_EDGE('',*,*,#5057,.T.);
#5574=EDGE_LOOP('',(#5568,#5569,#5570,#5571,#5572,#5573));
#5575=FACE_BOUND('',#5574,.T.);
#5576=ORIENTED_EDGE('',*,*,#2443,.T.);
#5577=ORIENTED_EDGE('',*,*,#5082,.T.);
#5578=EDGE_LOOP('',(#5576,#5577));
#5579=FACE_BOUND('',#5578,.T.);
#5580=ORIENTED_EDGE('',*,*,#5157,.T.);
#5581=ORIENTED_EDGE('',*,*,#2374,.T.);
#5582=ORIENTED_EDGE('',*,*,#5138,.T.);
#5583=ORIENTED_EDGE('',*,*,#2401,.T.);
#5584=ORIENTED_EDGE('',*,*,#5115,.T.);
#5585=ORIENTED_EDGE('',*,*,#5195,.T.);
#5586=EDGE_LOOP('',(#5580,#5581,#5582,#5583,#5584,#5585));
#5587=FACE_BOUND('',#5586,.T.);
#5588=ORIENTED_EDGE('',*,*,#2317,.T.);
#5589=ORIENTED_EDGE('',*,*,#5220,.T.);
#5590=EDGE_LOOP('',(#5588,#5589));
#5591=FACE_BOUND('',#5590,.T.);
#5592=ORIENTED_EDGE('',*,*,#2233,.T.);
#5593=ORIENTED_EDGE('',*,*,#5310,.T.);
#5594=ORIENTED_EDGE('',*,*,#5280,.T.);
#5595=ORIENTED_EDGE('',*,*,#5238,.T.);
#5596=ORIENTED_EDGE('',*,*,#2290,.T.);
#5597=ORIENTED_EDGE('',*,*,#5333,.T.);
#5598=EDGE_LOOP('',(#5592,#5593,#5594,#5595,#5596,#5597));
#5599=FACE_BOUND('',#5598,.T.);
#5600=ORIENTED_EDGE('',*,*,#5540,.T.);
#5601=ORIENTED_EDGE('',*,*,#1961,.T.);
#5602=EDGE_LOOP('',(#5600,#5601));
#5603=FACE_BOUND('',#5602,.T.);
#5604=ADVANCED_FACE('',(#5559,#5567,#5575,#5579,#5587,#5591,#5599,#5603),#5549,.T.);
#5605=CARTESIAN_POINT('',(85.249999999999943,0.0,0.0));
#5606=DIRECTION('',(-1.0,0.0,1.025309E-050));
#5607=DIRECTION('',(0.0,0.0,1.0));
#5608=AXIS2_PLACEMENT_3D('',#5605,#5606,#5607);
#5609=CONICAL_SURFACE('',#5608,13.335786437626609,45.000000000006516);
#5610=ORIENTED_EDGE('',*,*,#1910,.T.);
#5611=ORIENTED_EDGE('',*,*,#5555,.T.);
#5612=ORIENTED_EDGE('',*,*,#1927,.T.);
#5613=ORIENTED_EDGE('',*,*,#5359,.F.);
#5614=EDGE_LOOP('',(#5610,#5611,#5612,#5613));
#5615=FACE_OUTER_BOUND('',#5614,.T.);
#5616=ADVANCED_FACE('',(#5615),#5609,.F.);
#5617=CARTESIAN_POINT('',(86.500000000000000,-14.722431864335363,8.499999999999972));
#5618=DIRECTION('',(-1.0,0.0,0.0));
#5619=DIRECTION('',(0.0,-1.0,0.0));
#5620=AXIS2_PLACEMENT_3D('',#5617,#5618,#5619);
#5621=CYLINDRICAL_SURFACE('',#5620,1.750000000000000);
#5622=ORIENTED_EDGE('',*,*,#1868,.T.);
#5623=ORIENTED_EDGE('',*,*,#3978,.T.);
#5624=ORIENTED_EDGE('',*,*,#1885,.T.);
#5625=CARTESIAN_POINT('',(86.500000000000000,-14.722431864335363,8.499999999999972));
#5626=DIRECTION('',(-1.0,0.0,0.0));
#5627=DIRECTION('',(0.0,-1.0,0.0));
#5628=AXIS2_PLACEMENT_3D('',#5625,#5626,#5627);
#5629=CIRCLE('',#5628,1.750000000000000);
#5630=EDGE_CURVE('',#1871,#1861,#5629,.T.);
#5631=ORIENTED_EDGE('',*,*,#5630,.T.);
#5632=EDGE_LOOP('',(#5622,#5623,#5624,#5631));
#5633=FACE_OUTER_BOUND('',#5632,.T.);
#5634=ADVANCED_FACE('',(#5633),#5621,.T.);
#5635=CARTESIAN_POINT('',(86.500000000000000,-14.881522773426241,8.499999999999972));
#5636=DIRECTION('',(1.0,0.0,0.0));
#5637=DIRECTION('',(0.0,0.0,-1.0));
#5638=AXIS2_PLACEMENT_3D('',#5635,#5636,#5637);
#5639=PLANE('',#5638);
#5640=ORIENTED_EDGE('',*,*,#1877,.F.);
#5641=ORIENTED_EDGE('',*,*,#5630,.F.);
#5642=EDGE_LOOP('',(#5640,#5641));
#5643=FACE_OUTER_BOUND('',#5642,.T.);
#5644=ADVANCED_FACE('',(#5643),#5639,.T.);
#5645=CARTESIAN_POINT('',(86.500000000000000,14.722431864335022,8.499999999999773));
#5646=DIRECTION('',(-1.0,0.0,0.0));
#5647=DIRECTION('',(0.0,-1.0,0.0));
#5648=AXIS2_PLACEMENT_3D('',#5645,#5646,#5647);
#5649=CYLINDRICAL_SURFACE('',#5648,1.750000000000000);
#5650=ORIENTED_EDGE('',*,*,#1826,.T.);
#5651=ORIENTED_EDGE('',*,*,#3988,.T.);
#5652=ORIENTED_EDGE('',*,*,#1843,.T.);
#5653=CARTESIAN_POINT('',(86.500000000000000,14.722431864335022,8.499999999999773));
#5654=DIRECTION('',(-1.0,0.0,0.0));
#5655=DIRECTION('',(0.0,-1.0,0.0));
#5656=AXIS2_PLACEMENT_3D('',#5653,#5654,#5655);
#5657=CIRCLE('',#5656,1.750000000000000);
#5658=EDGE_CURVE('',#1829,#1819,#5657,.T.);
#5659=ORIENTED_EDGE('',*,*,#5658,.T.);
#5660=EDGE_LOOP('',(#5650,#5651,#5652,#5659));
#5661=FACE_OUTER_BOUND('',#5660,.T.);
#5662=ADVANCED_FACE('',(#5661),#5649,.T.);
#5663=CARTESIAN_POINT('',(86.500000000000000,14.563340955244144,8.499999999999773));
#5664=DIRECTION('',(1.0,0.0,0.0));
#5665=DIRECTION('',(0.0,0.0,-1.0));
#5666=AXIS2_PLACEMENT_3D('',#5663,#5664,#5665);
#5667=PLANE('',#5666);
#5668=ORIENTED_EDGE('',*,*,#1835,.F.);
#5669=ORIENTED_EDGE('',*,*,#5658,.F.);
#5670=EDGE_LOOP('',(#5668,#5669));
#5671=FACE_OUTER_BOUND('',#5670,.T.);
#5672=ADVANCED_FACE('',(#5671),#5667,.T.);
#5673=CLOSED_SHELL('',(#1854,#1896,#1938,#1980,#2022,#2060,#2092,#2134,#2210,#2252,#2294,#2336,#2378,#2420,#2462,#2504,#2546,#2588,#2630,#2672,#2714,#2756,#2798,#2840,#2882,#2924,#2966,#3029,#3092,#3132,#3163,#3194,#3225,#3256,#3287,#3318,#3349,#3380,#3420,#3465,#3487,#3532,#3563,#3594,#3618,#3628,#3652,#3662,#3693,#3756,#3787,#3829,#3853,#3877,#3894,#3912,#4033,#4051,#4061,#4079,#4089,#4107,#4117,#4157,#4188,#4219,#4250,#4281,#4312,#4343,#4374,#4405,#4427,#4460,#4491,#4515,#4546,#4577,#4595,#4605,#4668,#4685,#4709,#4751,#4775,#4799,#4816,#4834,#4867,#4900,#4924,#4948,#4981,#5005,#5038,#5062,#5086,#5119,#5143,#5176,#5200,#5224,#5257,#5290,#5314,#5338,#5364,#5380,#5398,#5458,#5476,#5488,#5506,#5526,#5544,#5604,#5616,#5634,#5644,#5662,#5672));
#5674=MANIFOLD_SOLID_BREP('221',#5673);
#5675=CARTESIAN_POINT('',(60.0,0.0,0.0));
#5676=DIRECTION('',(-1.0,0.0,0.0));
#5677=DIRECTION('',(0.0,0.0,1.0));
#5678=AXIS2_PLACEMENT_3D('',#5675,#5676,#5677);
#5679=CYLINDRICAL_SURFACE('',#5678,22.0);
#5680=CARTESIAN_POINT('',(26.0,4.041201E-015,-22.0));
#5681=VERTEX_POINT('',#5680);
#5682=CARTESIAN_POINT('',(60.0,4.041201E-015,-22.0));
#5683=VERTEX_POINT('',#5682);
#5684=CARTESIAN_POINT('',(26.0,4.041201E-015,-22.0));
#5685=DIRECTION('',(1.0,0.0,0.0));
#5686=VECTOR('',#5685,34.0);
#5687=LINE('',#5684,#5686);
#5688=EDGE_CURVE('',#5681,#5683,#5687,.T.);
#5689=ORIENTED_EDGE('',*,*,#5688,.F.);
#5690=CARTESIAN_POINT('',(26.0,21.719806628973515,-3.500000000000000));
#5691=VERTEX_POINT('',#5690);
#5692=CARTESIAN_POINT('',(26.0,0.0,0.0));
#5693=DIRECTION('',(1.0,0.0,0.0));
#5694=DIRECTION('',(0.0,0.0,1.0));
#5695=AXIS2_PLACEMENT_3D('',#5692,#5693,#5694);
#5696=CIRCLE('',#5695,22.0);
#5697=EDGE_CURVE('',#5681,#5691,#5696,.T.);
#5698=ORIENTED_EDGE('',*,*,#5697,.T.);
#5699=CARTESIAN_POINT('',(60.0,21.719806628973515,-3.500000000000000));
#5700=VERTEX_POINT('',#5699);
#5701=CARTESIAN_POINT('',(60.0,21.719806628973515,-3.500000000000000));
#5702=DIRECTION('',(-1.0,0.0,0.0));
#5703=VECTOR('',#5702,34.0);
#5704=LINE('',#5701,#5703);
#5705=EDGE_CURVE('',#5700,#5691,#5704,.T.);
#5706=ORIENTED_EDGE('',*,*,#5705,.F.);
#5707=CARTESIAN_POINT('',(60.0,0.0,0.0));
#5708=DIRECTION('',(-1.0,0.0,0.0));
#5709=DIRECTION('',(0.0,0.0,1.0));
#5710=AXIS2_PLACEMENT_3D('',#5707,#5708,#5709);
#5711=CIRCLE('',#5710,22.0);
#5712=EDGE_CURVE('',#5700,#5683,#5711,.T.);
#5713=ORIENTED_EDGE('',*,*,#5712,.T.);
#5714=EDGE_LOOP('',(#5689,#5698,#5706,#5713));
#5715=FACE_OUTER_BOUND('',#5714,.T.);
#5716=ADVANCED_FACE('',(#5715),#5679,.T.);
#5717=CARTESIAN_POINT('',(60.0,0.0,0.0));
#5718=DIRECTION('',(-1.0,0.0,0.0));
#5719=DIRECTION('',(0.0,0.0,1.0));
#5720=AXIS2_PLACEMENT_3D('',#5717,#5718,#5719);
#5721=CYLINDRICAL_SURFACE('',#5720,22.0);
#5722=CARTESIAN_POINT('',(60.0,-4.041201E-015,22.0));
#5723=VERTEX_POINT('',#5722);
#5724=CARTESIAN_POINT('',(26.0,-4.041201E-015,22.0));
#5725=VERTEX_POINT('',#5724);
#5726=CARTESIAN_POINT('',(60.0,-4.041201E-015,22.0));
#5727=DIRECTION('',(-1.0,0.0,0.0));
#5728=VECTOR('',#5727,34.0);
#5729=LINE('',#5726,#5728);
#5730=EDGE_CURVE('',#5723,#5725,#5729,.T.);
#5731=ORIENTED_EDGE('',*,*,#5730,.F.);
#5732=CARTESIAN_POINT('',(60.0,21.719806628973515,3.500000000000000));
#5733=VERTEX_POINT('',#5732);
#5734=CARTESIAN_POINT('',(60.0,0.0,0.0));
#5735=DIRECTION('',(-1.0,0.0,0.0));
#5736=DIRECTION('',(0.0,0.0,1.0));
#5737=AXIS2_PLACEMENT_3D('',#5734,#5735,#5736);
#5738=CIRCLE('',#5737,22.0);
#5739=EDGE_CURVE('',#5723,#5733,#5738,.T.);
#5740=ORIENTED_EDGE('',*,*,#5739,.T.);
#5741=CARTESIAN_POINT('',(26.0,21.719806628973515,3.500000000000000));
#5742=VERTEX_POINT('',#5741);
#5743=CARTESIAN_POINT('',(60.0,21.719806628973515,3.500000000000000));
#5744=DIRECTION('',(-1.0,0.0,0.0));
#5745=VECTOR('',#5744,34.0);
#5746=LINE('',#5743,#5745);
#5747=EDGE_CURVE('',#5733,#5742,#5746,.T.);
#5748=ORIENTED_EDGE('',*,*,#5747,.T.);
#5749=CARTESIAN_POINT('',(26.0,0.0,0.0));
#5750=DIRECTION('',(1.0,0.0,0.0));
#5751=DIRECTION('',(0.0,0.0,1.0));
#5752=AXIS2_PLACEMENT_3D('',#5749,#5750,#5751);
#5753=CIRCLE('',#5752,22.0);
#5754=EDGE_CURVE('',#5742,#5725,#5753,.T.);
#5755=ORIENTED_EDGE('',*,*,#5754,.T.);
#5756=EDGE_LOOP('',(#5731,#5740,#5748,#5755));
#5757=FACE_OUTER_BOUND('',#5756,.T.);
#5758=ADVANCED_FACE('',(#5757),#5721,.T.);
#5759=CARTESIAN_POINT('',(60.0,0.0,0.0));
#5760=DIRECTION('',(-1.0,0.0,0.0));
#5761=DIRECTION('',(0.0,0.0,1.0));
#5762=AXIS2_PLACEMENT_3D('',#5759,#5760,#5761);
#5763=CYLINDRICAL_SURFACE('',#5762,21.0);
#5764=CARTESIAN_POINT('',(26.0,3.857510E-015,-21.0));
#5765=VERTEX_POINT('',#5764);
#5766=CARTESIAN_POINT('',(60.0,3.857510E-015,-21.0));
#5767=VERTEX_POINT('',#5766);
#5768=CARTESIAN_POINT('',(26.0,3.857510E-015,-21.0));
#5769=DIRECTION('',(1.0,0.0,0.0));
#5770=VECTOR('',#5769,34.0);
#5771=LINE('',#5768,#5770);
#5772=EDGE_CURVE('',#5765,#5767,#5771,.T.);
#5773=ORIENTED_EDGE('',*,*,#5772,.T.);
#5774=CARTESIAN_POINT('',(60.0,20.732542691292906,-3.340909090909008));
#5775=VERTEX_POINT('',#5774);
#5776=CARTESIAN_POINT('',(60.0,0.0,0.0));
#5777=DIRECTION('',(-1.0,0.0,0.0));
#5778=DIRECTION('',(0.0,0.0,1.0));
#5779=AXIS2_PLACEMENT_3D('',#5776,#5777,#5778);
#5780=CIRCLE('',#5779,21.0);
#5781=EDGE_CURVE('',#5775,#5767,#5780,.T.);
#5782=ORIENTED_EDGE('',*,*,#5781,.F.);
#5783=CARTESIAN_POINT('',(26.0,20.732542691292906,-3.340909090909008));
#5784=VERTEX_POINT('',#5783);
#5785=CARTESIAN_POINT('',(60.0,20.732542691292906,-3.340909090909008));
#5786=DIRECTION('',(-1.0,0.0,0.0));
#5787=VECTOR('',#5786,34.0);
#5788=LINE('',#5785,#5787);
#5789=EDGE_CURVE('',#5775,#5784,#5788,.T.);
#5790=ORIENTED_EDGE('',*,*,#5789,.T.);
#5791=CARTESIAN_POINT('',(26.0,0.0,0.0));
#5792=DIRECTION('',(-1.0,0.0,0.0));
#5793=DIRECTION('',(0.0,0.0,1.0));
#5794=AXIS2_PLACEMENT_3D('',#5791,#5792,#5793);
#5795=CIRCLE('',#5794,21.0);
#5796=EDGE_CURVE('',#5784,#5765,#5795,.T.);
#5797=ORIENTED_EDGE('',*,*,#5796,.T.);
#5798=EDGE_LOOP('',(#5773,#5782,#5790,#5797));
#5799=FACE_OUTER_BOUND('',#5798,.T.);
#5800=ADVANCED_FACE('',(#5799),#5763,.F.);
#5801=CARTESIAN_POINT('',(60.0,0.0,0.0));
#5802=DIRECTION('',(-1.0,0.0,0.0));
#5803=DIRECTION('',(0.0,0.0,1.0));
#5804=AXIS2_PLACEMENT_3D('',#5801,#5802,#5803);
#5805=CYLINDRICAL_SURFACE('',#5804,21.0);
#5806=CARTESIAN_POINT('',(60.0,-3.857510E-015,21.0));
#5807=VERTEX_POINT('',#5806);
#5808=CARTESIAN_POINT('',(26.0,-3.857510E-015,21.0));
#5809=VERTEX_POINT('',#5808);
#5810=CARTESIAN_POINT('',(60.0,-3.857510E-015,21.0));
#5811=DIRECTION('',(-1.0,0.0,0.0));
#5812=VECTOR('',#5811,34.0);
#5813=LINE('',#5810,#5812);
#5814=EDGE_CURVE('',#5807,#5809,#5813,.T.);
#5815=ORIENTED_EDGE('',*,*,#5814,.F.);
#5816=CARTESIAN_POINT('',(60.0,0.0,0.0));
#5817=DIRECTION('',(-1.0,0.0,0.0));
#5818=DIRECTION('',(0.0,0.0,1.0));
#5819=AXIS2_PLACEMENT_3D('',#5816,#5817,#5818);
#5820=CIRCLE('',#5819,21.0);
#5821=EDGE_CURVE('',#5767,#5807,#5820,.T.);
#5822=ORIENTED_EDGE('',*,*,#5821,.F.);
#5823=ORIENTED_EDGE('',*,*,#5772,.F.);
#5824=CARTESIAN_POINT('',(26.0,0.0,0.0));
#5825=DIRECTION('',(-1.0,0.0,0.0));
#5826=DIRECTION('',(0.0,0.0,1.0));
#5827=AXIS2_PLACEMENT_3D('',#5824,#5825,#5826);
#5828=CIRCLE('',#5827,21.0);
#5829=EDGE_CURVE('',#5765,#5809,#5828,.T.);
#5830=ORIENTED_EDGE('',*,*,#5829,.T.);
#5831=EDGE_LOOP('',(#5815,#5822,#5823,#5830));
#5832=FACE_OUTER_BOUND('',#5831,.T.);
#5833=ADVANCED_FACE('',(#5832),#5805,.F.);
#5834=CARTESIAN_POINT('',(60.0,21.719806628973515,-3.500000000000000));
#5835=DIRECTION('',(0.0,0.159090909090879,0.987263937680617));
#5836=DIRECTION('',(0.0,-0.987263937680617,0.159090909090879));
#5837=AXIS2_PLACEMENT_3D('',#5834,#5835,#5836);
#5838=PLANE('',#5837);
#5839=CARTESIAN_POINT('',(26.0,21.719806628973515,-3.500000000000000));
#5840=DIRECTION('',(0.0,-0.987263937680599,0.159090909090990));
#5841=VECTOR('',#5840,1.000000000000010);
#5842=LINE('',#5839,#5841);
#5843=EDGE_CURVE('',#5691,#5784,#5842,.T.);
#5844=ORIENTED_EDGE('',*,*,#5843,.T.);
#5845=ORIENTED_EDGE('',*,*,#5789,.F.);
#5846=CARTESIAN_POINT('',(60.0,21.719806628973515,-3.500000000000000));
#5847=DIRECTION('',(0.0,-0.987263937680599,0.159090909090990));
#5848=VECTOR('',#5847,1.000000000000010);
#5849=LINE('',#5846,#5848);
#5850=EDGE_CURVE('',#5700,#5775,#5849,.T.);
#5851=ORIENTED_EDGE('',*,*,#5850,.F.);
#5852=ORIENTED_EDGE('',*,*,#5705,.T.);
#5853=EDGE_LOOP('',(#5844,#5845,#5851,#5852));
#5854=FACE_OUTER_BOUND('',#5853,.T.);
#5855=ADVANCED_FACE('',(#5854),#5838,.T.);
#5856=CARTESIAN_POINT('',(60.0,0.0,0.0));
#5857=DIRECTION('',(-1.0,0.0,0.0));
#5858=DIRECTION('',(0.0,0.0,1.0));
#5859=AXIS2_PLACEMENT_3D('',#5856,#5857,#5858);
#5860=CYLINDRICAL_SURFACE('',#5859,21.0);
#5861=ORIENTED_EDGE('',*,*,#5814,.T.);
#5862=CARTESIAN_POINT('',(26.0,20.732542691292906,3.340909090909008));
#5863=VERTEX_POINT('',#5862);
#5864=CARTESIAN_POINT('',(26.0,0.0,0.0));
#5865=DIRECTION('',(-1.0,0.0,0.0));
#5866=DIRECTION('',(0.0,0.0,1.0));
#5867=AXIS2_PLACEMENT_3D('',#5864,#5865,#5866);
#5868=CIRCLE('',#5867,21.0);
#5869=EDGE_CURVE('',#5809,#5863,#5868,.T.);
#5870=ORIENTED_EDGE('',*,*,#5869,.T.);
#5871=CARTESIAN_POINT('',(60.0,20.732542691292906,3.340909090909008));
#5872=VERTEX_POINT('',#5871);
#5873=CARTESIAN_POINT('',(60.0,20.732542691292906,3.340909090909008));
#5874=DIRECTION('',(-1.0,0.0,0.0));
#5875=VECTOR('',#5874,34.0);
#5876=LINE('',#5873,#5875);
#5877=EDGE_CURVE('',#5872,#5863,#5876,.T.);
#5878=ORIENTED_EDGE('',*,*,#5877,.F.);
#5879=CARTESIAN_POINT('',(60.0,0.0,0.0));
#5880=DIRECTION('',(-1.0,0.0,0.0));
#5881=DIRECTION('',(0.0,0.0,1.0));
#5882=AXIS2_PLACEMENT_3D('',#5879,#5880,#5881);
#5883=CIRCLE('',#5882,21.0);
#5884=EDGE_CURVE('',#5807,#5872,#5883,.T.);
#5885=ORIENTED_EDGE('',*,*,#5884,.F.);
#5886=EDGE_LOOP('',(#5861,#5870,#5878,#5885));
#5887=FACE_OUTER_BOUND('',#5886,.T.);
#5888=ADVANCED_FACE('',(#5887),#5860,.F.);
#5889=CARTESIAN_POINT('',(60.0,20.732542691292906,3.340909090909008));
#5890=DIRECTION('',(0.0,0.159090909090879,-0.987263937680617));
#5891=DIRECTION('',(0.0,0.987263937680617,0.159090909090879));
#5892=AXIS2_PLACEMENT_3D('',#5889,#5890,#5891);
#5893=PLANE('',#5892);
#5894=CARTESIAN_POINT('',(26.0,20.732542691292906,3.340909090909008));
#5895=DIRECTION('',(0.0,0.987263937680599,0.159090909090990));
#5896=VECTOR('',#5895,1.000000000000010);
#5897=LINE('',#5894,#5896);
#5898=EDGE_CURVE('',#5863,#5742,#5897,.T.);
#5899=ORIENTED_EDGE('',*,*,#5898,.T.);
#5900=ORIENTED_EDGE('',*,*,#5747,.F.);
#5901=CARTESIAN_POINT('',(60.0,21.719806628973515,3.500000000000000));
#5902=DIRECTION('',(0.0,-0.987263937680599,-0.159090909090990));
#5903=VECTOR('',#5902,1.000000000000010);
#5904=LINE('',#5901,#5903);
#5905=EDGE_CURVE('',#5733,#5872,#5904,.T.);
#5906=ORIENTED_EDGE('',*,*,#5905,.T.);
#5907=ORIENTED_EDGE('',*,*,#5877,.T.);
#5908=EDGE_LOOP('',(#5899,#5900,#5906,#5907));
#5909=FACE_OUTER_BOUND('',#5908,.T.);
#5910=ADVANCED_FACE('',(#5909),#5893,.T.);
#5911=CARTESIAN_POINT('',(60.0,0.0,0.0));
#5912=DIRECTION('',(-1.0,0.0,0.0));
#5913=DIRECTION('',(0.0,0.0,1.0));
#5914=AXIS2_PLACEMENT_3D('',#5911,#5912,#5913);
#5915=CYLINDRICAL_SURFACE('',#5914,22.0);
#5916=ORIENTED_EDGE('',*,*,#5730,.T.);
#5917=CARTESIAN_POINT('',(26.0,0.0,0.0));
#5918=DIRECTION('',(1.0,0.0,0.0));
#5919=DIRECTION('',(0.0,0.0,1.0));
#5920=AXIS2_PLACEMENT_3D('',#5917,#5918,#5919);
#5921=CIRCLE('',#5920,22.0);
#5922=EDGE_CURVE('',#5725,#5681,#5921,.T.);
#5923=ORIENTED_EDGE('',*,*,#5922,.T.);
#5924=ORIENTED_EDGE('',*,*,#5688,.T.);
#5925=CARTESIAN_POINT('',(60.0,0.0,0.0));
#5926=DIRECTION('',(-1.0,0.0,0.0));
#5927=DIRECTION('',(0.0,0.0,1.0));
#5928=AXIS2_PLACEMENT_3D('',#5925,#5926,#5927);
#5929=CIRCLE('',#5928,22.0);
#5930=EDGE_CURVE('',#5683,#5723,#5929,.T.);
#5931=ORIENTED_EDGE('',*,*,#5930,.T.);
#5932=EDGE_LOOP('',(#5916,#5923,#5924,#5931));
#5933=FACE_OUTER_BOUND('',#5932,.T.);
#5934=ADVANCED_FACE('',(#5933),#5915,.T.);
#5935=CARTESIAN_POINT('',(60.0,1.075578622610806,0.0));
#5936=DIRECTION('',(1.0,0.0,0.0));
#5937=DIRECTION('',(0.0,-1.0,0.0));
#5938=AXIS2_PLACEMENT_3D('',#5935,#5936,#5937);
#5939=PLANE('',#5938);
#5940=ORIENTED_EDGE('',*,*,#5712,.F.);
#5941=ORIENTED_EDGE('',*,*,#5850,.T.);
#5942=ORIENTED_EDGE('',*,*,#5781,.T.);
#5943=ORIENTED_EDGE('',*,*,#5821,.T.);
#5944=ORIENTED_EDGE('',*,*,#5884,.T.);
#5945=ORIENTED_EDGE('',*,*,#5905,.F.);
#5946=ORIENTED_EDGE('',*,*,#5739,.F.);
#5947=ORIENTED_EDGE('',*,*,#5930,.F.);
#5948=EDGE_LOOP('',(#5940,#5941,#5942,#5943,#5944,#5945,#5946,#5947));
#5949=FACE_OUTER_BOUND('',#5948,.T.);
#5950=ADVANCED_FACE('',(#5949),#5939,.T.);
#5951=CARTESIAN_POINT('',(26.0,1.075578622610806,0.0));
#5952=DIRECTION('',(1.0,0.0,0.0));
#5953=DIRECTION('',(0.0,-1.0,0.0));
#5954=AXIS2_PLACEMENT_3D('',#5951,#5952,#5953);
#5955=PLANE('',#5954);
#5956=ORIENTED_EDGE('',*,*,#5843,.F.);
#5957=ORIENTED_EDGE('',*,*,#5697,.F.);
#5958=ORIENTED_EDGE('',*,*,#5922,.F.);
#5959=ORIENTED_EDGE('',*,*,#5754,.F.);
#5960=ORIENTED_EDGE('',*,*,#5898,.F.);
#5961=ORIENTED_EDGE('',*,*,#5869,.F.);
#5962=ORIENTED_EDGE('',*,*,#5829,.F.);
#5963=ORIENTED_EDGE('',*,*,#5796,.F.);
#5964=EDGE_LOOP('',(#5956,#5957,#5958,#5959,#5960,#5961,#5962,#5963));
#5965=FACE_OUTER_BOUND('',#5964,.T.);
#5966=ADVANCED_FACE('',(#5965),#5955,.F.);
#5967=CLOSED_SHELL('',(#5716,#5758,#5800,#5833,#5855,#5888,#5910,#5934,#5950,#5966));
#5968=MANIFOLD_SOLID_BREP('1CC',#5967);
#5969=CARTESIAN_POINT('',(19.250000000000000,0.0,0.0));
#5970=DIRECTION('',(1.0,0.0,0.0));
#5971=DIRECTION('',(0.0,1.0,0.0));
#5972=AXIS2_PLACEMENT_3D('',#5969,#5970,#5971);
#5973=CYLINDRICAL_SURFACE('',#5972,2.500000000000000);
#5974=CARTESIAN_POINT('',(17.0,2.500000000000000,0.0));
#5975=VERTEX_POINT('',#5974);
#5976=CARTESIAN_POINT('',(21.499999999999943,2.499999999999886,0.0));
#5977=VERTEX_POINT('',#5976);
#5978=CARTESIAN_POINT('',(17.0,2.500000000000000,0.0));
#5979=DIRECTION('',(1.0,0.0,0.0));
#5980=VECTOR('',#5979,4.499999999999943);
#5981=LINE('',#5978,#5980);
#5982=EDGE_CURVE('',#5975,#5977,#5981,.T.);
#5983=ORIENTED_EDGE('',*,*,#5982,.F.);
#5984=CARTESIAN_POINT('',(17.0,-2.500000000000000,3.061516E-016));
#5985=VERTEX_POINT('',#5984);
#5986=CARTESIAN_POINT('',(17.0,0.0,0.0));
#5987=DIRECTION('',(1.0,0.0,0.0));
#5988=DIRECTION('',(0.0,1.0,0.0));
#5989=AXIS2_PLACEMENT_3D('',#5986,#5987,#5988);
#5990=CIRCLE('',#5989,2.500000000000000);
#5991=EDGE_CURVE('',#5985,#5975,#5990,.T.);
#5992=ORIENTED_EDGE('',*,*,#5991,.F.);
#5993=CARTESIAN_POINT('',(21.499999999999943,-2.499999999999886,3.061516E-016));
#5994=VERTEX_POINT('',#5993);
#5995=CARTESIAN_POINT('',(21.499999999999943,-2.499999999999886,3.061516E-016));
#5996=DIRECTION('',(-1.0,0.0,0.0));
#5997=VECTOR('',#5996,4.499999999999943);
#5998=LINE('',#5995,#5997);
#5999=EDGE_CURVE('',#5994,#5985,#5998,.T.);
#6000=ORIENTED_EDGE('',*,*,#5999,.F.);
#6001=CARTESIAN_POINT('',(21.499999999999943,0.0,0.0));
#6002=DIRECTION('',(1.0,0.0,0.0));
#6003=DIRECTION('',(0.0,1.0,0.0));
#6004=AXIS2_PLACEMENT_3D('',#6001,#6002,#6003);
#6005=CIRCLE('',#6004,2.499999999999886);
#6006=EDGE_CURVE('',#5994,#5977,#6005,.T.);
#6007=ORIENTED_EDGE('',*,*,#6006,.T.);
#6008=EDGE_LOOP('',(#5983,#5992,#6000,#6007));
#6009=FACE_OUTER_BOUND('',#6008,.T.);
#6010=ADVANCED_FACE('',(#6009),#5973,.F.);
#6011=CARTESIAN_POINT('',(23.499999999999943,-1.959370E-015,16.0));
#6012=CARTESIAN_POINT('',(21.499999999999943,-1.959370E-015,16.0));
#6013=CARTESIAN_POINT('',(21.499999999999943,-2.204291E-015,18.0));
#6014=CARTESIAN_POINT('',(21.499999999999943,-2.449213E-015,20.0));
#6015=CARTESIAN_POINT('',(23.499999999999943,-2.449213E-015,20.0));
#6016=CARTESIAN_POINT('',(23.499999999999943,-15.999999999999998,15.999999999999995));
#6017=CARTESIAN_POINT('',(21.499999999999943,-15.999999999999996,15.999999999999993));
#6018=CARTESIAN_POINT('',(21.499999999999943,-18.0,17.999999999999993));
#6019=CARTESIAN_POINT('',(21.499999999999943,-20.0,19.999999999999993));
#6020=CARTESIAN_POINT('',(23.499999999999943,-20.0,19.999999999999993));
#6021=CARTESIAN_POINT('',(23.499999999999943,-16.0,-1.959370E-015));
#6022=CARTESIAN_POINT('',(21.499999999999943,-16.0,-1.959370E-015));
#6023=CARTESIAN_POINT('',(21.499999999999943,-18.0,-2.204291E-015));
#6024=CARTESIAN_POINT('',(21.499999999999943,-20.0,-2.449213E-015));
#6025=CARTESIAN_POINT('',(23.499999999999943,-20.0,-2.449213E-015));
#6026=CARTESIAN_POINT('',(23.499999999999943,-15.999999999999995,-15.999999999999998));
#6027=CARTESIAN_POINT('',(21.499999999999943,-15.999999999999993,-15.999999999999996));
#6028=CARTESIAN_POINT('',(21.499999999999943,-17.999999999999993,-18.0));
#6029=CARTESIAN_POINT('',(21.499999999999943,-19.999999999999993,-20.0));
#6030=CARTESIAN_POINT('',(23.499999999999943,-19.999999999999993,-20.0));
#6031=CARTESIAN_POINT('',(23.499999999999943,1.959370E-015,-16.0));
#6032=CARTESIAN_POINT('',(21.499999999999943,1.959370E-015,-16.0));
#6033=CARTESIAN_POINT('',(21.499999999999943,2.204291E-015,-18.0));
#6034=CARTESIAN_POINT('',(21.499999999999943,2.449213E-015,-20.0));
#6035=CARTESIAN_POINT('',(23.499999999999943,2.449213E-015,-20.0));
#6036=CARTESIAN_POINT('',(23.499999999999943,15.999999999999998,-15.999999999999995));
#6037=CARTESIAN_POINT('',(21.499999999999943,15.999999999999996,-15.999999999999993));
#6038=CARTESIAN_POINT('',(21.499999999999943,18.0,-17.999999999999993));
#6039=CARTESIAN_POINT('',(21.499999999999943,20.0,-19.999999999999993));
#6040=CARTESIAN_POINT('',(23.499999999999943,20.0,-19.999999999999993));
#6041=CARTESIAN_POINT('',(23.499999999999943,16.0,1.959370E-015));
#6042=CARTESIAN_POINT('',(21.499999999999943,16.0,1.959370E-015));
#6043=CARTESIAN_POINT('',(21.499999999999943,18.0,2.204291E-015));
#6044=CARTESIAN_POINT('',(21.499999999999943,20.0,2.449213E-015));
#6045=CARTESIAN_POINT('',(23.499999999999943,20.0,2.449213E-015));
#6046=CARTESIAN_POINT('',(23.499999999999943,15.999999999999995,15.999999999999998));
#6047=CARTESIAN_POINT('',(21.499999999999943,15.999999999999993,15.999999999999996));
#6048=CARTESIAN_POINT('',(21.499999999999943,17.999999999999993,18.0));
#6049=CARTESIAN_POINT('',(21.499999999999943,19.999999999999993,20.0));
#6050=CARTESIAN_POINT('',(23.499999999999943,19.999999999999993,20.0));
#6051=CARTESIAN_POINT('',(23.499999999999943,-1.959370E-015,16.0));
#6052=CARTESIAN_POINT('',(21.499999999999943,-1.959370E-015,16.0));
#6053=CARTESIAN_POINT('',(21.499999999999943,-2.204291E-015,18.0));
#6054=CARTESIAN_POINT('',(21.499999999999943,-2.449213E-015,20.0));
#6055=CARTESIAN_POINT('',(23.499999999999943,-2.449213E-015,20.0));
#6063=(BOUNDED_SURFACE()B_SPLINE_SURFACE(2,2,((#6011,#6016,#6021,#6026,#6031,#6036,#6041,#6046,#6051),(#6012,#6017,#6022,#6027,#6032,#6037,#6042,#6047,#6052),(#6013,#6018,#6023,#6028,#6033,#6038,#6043,#6048,#6053),(#6014,#6019,#6024,#6029,#6034,#6039,#6044,#6049,#6054),(#6015,#6020,#6025,#6030,#6035,#6040,#6045,#6050,#6055)),.UNSPECIFIED.,.F.,.T.,.U.)B_SPLINE_SURFACE_WITH_KNOTS((3,2,3),(3,2,2,2,3),(-3.141592653589793,-1.570796326794897,4.440892E-016),(0.0,1.570796326794897,3.141592653589793,4.712388980384690,6.283185307179586),.UNSPECIFIED.)GEOMETRIC_REPRESENTATION_ITEM()RATIONAL_B_SPLINE_SURFACE(((1.0,0.707106781186548,1.0,0.707106781186548,1.0,0.707106781186548,1.0,0.707106781186548,1.0),(0.707106781186550,0.500000000000002,0.707106781186550,0.500000000000002,0.707106781186550,0.500000000000002,0.707106781186550,0.500000000000002,0.707106781186550),(1.0,0.707106781186548,1.0,0.707106781186548,1.0,0.707106781186548,1.0,0.707106781186548,1.0),(0.707106781186550,0.500000000000002,0.707106781186550,0.500000000000002,0.707106781186550,0.500000000000002,0.707106781186550,0.500000000000002,0.707106781186550),(1.0,0.707106781186548,1.0,0.707106781186548,1.0,0.707106781186548,1.0,0.707106781186548,1.0)))REPRESENTATION_ITEM('')SURFACE());
#6064=CARTESIAN_POINT('',(23.499999999999943,2.449213E-015,20.0));
#6065=VERTEX_POINT('',#6064);
#6066=CARTESIAN_POINT('',(21.499999999999943,2.204291E-015,18.0));
#6067=VERTEX_POINT('',#6066);
#6068=CARTESIAN_POINT('',(23.499999999999943,2.204291E-015,18.0));
#6069=DIRECTION('',(0.0,-1.0,0.0));
#6070=DIRECTION('',(0.0,0.0,1.0));
#6071=AXIS2_PLACEMENT_3D('',#6068,#6069,#6070);
#6072=CIRCLE('',#6071,2.0);
#6073=EDGE_CURVE('',#6065,#6067,#6072,.T.);
#6074=ORIENTED_EDGE('',*,*,#6073,.F.);
#6075=CARTESIAN_POINT('',(23.499999999999943,-20.0,2.449213E-015));
#6076=VERTEX_POINT('',#6075);
#6077=CARTESIAN_POINT('',(23.499999999999943,0.0,0.0));
#6078=DIRECTION('',(1.0,0.0,0.0));
#6079=DIRECTION('',(0.0,1.0,0.0));
#6080=AXIS2_PLACEMENT_3D('',#6077,#6078,#6079);
#6081=CIRCLE('',#6080,20.0);
#6082=EDGE_CURVE('',#6065,#6076,#6081,.T.);
#6083=ORIENTED_EDGE('',*,*,#6082,.T.);
#6084=CARTESIAN_POINT('',(23.499999999999943,-2.449213E-015,-20.0));
#6085=VERTEX_POINT('',#6084);
#6086=CARTESIAN_POINT('',(23.499999999999943,0.0,0.0));
#6087=DIRECTION('',(1.0,0.0,0.0));
#6088=DIRECTION('',(0.0,1.0,0.0));
#6089=AXIS2_PLACEMENT_3D('',#6086,#6087,#6088);
#6090=CIRCLE('',#6089,20.0);
#6091=EDGE_CURVE('',#6076,#6085,#6090,.T.);
#6092=ORIENTED_EDGE('',*,*,#6091,.T.);
#6093=CARTESIAN_POINT('',(21.499999999999943,-2.204291E-015,-18.0));
#6094=VERTEX_POINT('',#6093);
#6095=CARTESIAN_POINT('',(23.499999999999943,-2.204291E-015,-18.0));
#6096=DIRECTION('',(0.0,-1.0,0.0));
#6097=DIRECTION('',(0.0,0.0,1.0));
#6098=AXIS2_PLACEMENT_3D('',#6095,#6096,#6097);
#6099=CIRCLE('',#6098,2.0);
#6100=EDGE_CURVE('',#6094,#6085,#6099,.T.);
#6101=ORIENTED_EDGE('',*,*,#6100,.F.);
#6102=CARTESIAN_POINT('',(21.499999999999943,0.0,0.0));
#6103=DIRECTION('',(1.0,0.0,0.0));
#6104=DIRECTION('',(0.0,1.0,0.0));
#6105=AXIS2_PLACEMENT_3D('',#6102,#6103,#6104);
#6106=CIRCLE('',#6105,18.0);
#6107=EDGE_CURVE('',#6067,#6094,#6106,.T.);
#6108=ORIENTED_EDGE('',*,*,#6107,.F.);
#6109=EDGE_LOOP('',(#6074,#6083,#6092,#6101,#6108));
#6110=FACE_OUTER_BOUND('',#6109,.T.);
#6111=ADVANCED_FACE('',(#6110),#6063,.T.);
#6112=CARTESIAN_POINT('',(55.250000000000000,0.0,0.0));
#6113=DIRECTION('',(1.0,0.0,0.0));
#6114=DIRECTION('',(0.0,1.0,0.0));
#6115=AXIS2_PLACEMENT_3D('',#6112,#6113,#6114);
#6116=CYLINDRICAL_SURFACE('',#6115,20.0);
#6117=CARTESIAN_POINT('',(23.499999999999943,20.0,0.0));
#6118=VERTEX_POINT('',#6117);
#6119=CARTESIAN_POINT('',(64.500000000000000,20.0,-2.449213E-015));
#6120=VERTEX_POINT('',#6119);
#6121=CARTESIAN_POINT('',(23.499999999999943,20.0,0.0));
#6122=DIRECTION('',(1.0,0.0,0.0));
#6123=VECTOR('',#6122,41.000000000000057);
#6124=LINE('',#6121,#6123);
#6125=EDGE_CURVE('',#6118,#6120,#6124,.T.);
#6126=ORIENTED_EDGE('',*,*,#6125,.F.);
#6127=CARTESIAN_POINT('',(23.499999999999943,0.0,0.0));
#6128=DIRECTION('',(1.0,0.0,0.0));
#6129=DIRECTION('',(0.0,1.0,0.0));
#6130=AXIS2_PLACEMENT_3D('',#6127,#6128,#6129);
#6131=CIRCLE('',#6130,20.0);
#6132=EDGE_CURVE('',#6085,#6118,#6131,.T.);
#6133=ORIENTED_EDGE('',*,*,#6132,.F.);
#6134=ORIENTED_EDGE('',*,*,#6091,.F.);
#6135=CARTESIAN_POINT('',(64.500000000000000,-20.0,2.449213E-015));
#6136=VERTEX_POINT('',#6135);
#6137=CARTESIAN_POINT('',(64.500000000000000,-20.0,2.449213E-015));
#6138=DIRECTION('',(-1.0,0.0,0.0));
#6139=VECTOR('',#6138,41.000000000000057);
#6140=LINE('',#6137,#6139);
#6141=EDGE_CURVE('',#6136,#6076,#6140,.T.);
#6142=ORIENTED_EDGE('',*,*,#6141,.F.);
#6143=CARTESIAN_POINT('',(64.500000000000000,-18.734993995195168,-7.0));
#6144=VERTEX_POINT('',#6143);
#6145=CARTESIAN_POINT('',(64.500000000000000,0.0,0.0));
#6146=DIRECTION('',(1.0,0.0,0.0));
#6147=DIRECTION('',(0.0,1.0,0.0));
#6148=AXIS2_PLACEMENT_3D('',#6145,#6146,#6147);
#6149=CIRCLE('',#6148,20.0);
#6150=EDGE_CURVE('',#6136,#6144,#6149,.T.);
#6151=ORIENTED_EDGE('',*,*,#6150,.T.);
#6152=CARTESIAN_POINT('',(65.085786437626894,-18.143897324631681,-8.414213562373094));
#6153=VERTEX_POINT('',#6152);
#6154=CARTESIAN_POINT('',(64.500000000000000,-18.734993995195168,-7.0));
#6155=CARTESIAN_POINT('',(64.500000000000000,-18.687107096881277,-7.128165821765475));
#6156=CARTESIAN_POINT('',(64.512505055585791,-18.636176859959505,-7.260363415777937));
#6157=CARTESIAN_POINT('',(64.564942075999056,-18.531734860756160,-7.522949417314750));
#6158=CARTESIAN_POINT('',(64.604855153833171,-18.478224463573724,-7.653342139071452));
#6159=CARTESIAN_POINT('',(64.710527630442243,-18.372640875075149,-7.903448140184795));
#6160=CARTESIAN_POINT('',(64.776353181775050,-18.320507032907585,-8.023327226262106));
#6161=CARTESIAN_POINT('',(64.922615926007055,-18.225946120443226,-8.235727832373014));
#6162=CARTESIAN_POINT('',(65.001301472894767,-18.183077139384082,-8.329728597640965));
#6163=CARTESIAN_POINT('',(65.085786437626894,-18.143897324631681,-8.414213562373094));
#6164=B_SPLINE_CURVE_WITH_KNOTS('',3,(#6154,#6155,#6156,#6157,#6158,#6159,#6160,#6161,#6162,#6163),.UNSPECIFIED.,.F.,.U.,(4,2,2,2,4),(3.091632536620880,3.502091665025168,3.912550793429457,4.323009921833746,4.698114358011333),.UNSPECIFIED.);
#6165=EDGE_CURVE('',#6144,#6153,#6164,.T.);
#6166=ORIENTED_EDGE('',*,*,#6165,.T.);
#6167=CARTESIAN_POINT('',(66.500000000000000,-17.860571099491722,-9.0));
#6168=VERTEX_POINT('',#6167);
#6169=CARTESIAN_POINT('',(65.085786437626894,-18.143897324631681,-8.414213562373094));
#6170=CARTESIAN_POINT('',(65.093749393107572,-18.140204512288040,-8.422176517853778));
#6171=CARTESIAN_POINT('',(65.101763041919426,-18.136544207007645,-8.430055641992162));
#6172=CARTESIAN_POINT('',(65.195706552262209,-18.094278600558710,-8.520884322889250));
#6173=CARTESIAN_POINT('',(65.292911661892219,-18.056872964928516,-8.599731586904719));
#6174=CARTESIAN_POINT('',(65.505464106427951,-17.989467678769643,-8.739856822237927));
#6175=CARTESIAN_POINT('',(65.620813632840395,-17.959482539181863,-8.801138449191420));
#6176=CARTESIAN_POINT('',(65.862596032687748,-17.910593990153075,-8.900206408746941));
#6177=CARTESIAN_POINT('',(65.989257809320577,-17.891662120019419,-8.938076171478453));
#6178=CARTESIAN_POINT('',(66.245181502821708,-17.866644763554632,-8.987979970912653));
#6179=CARTESIAN_POINT('',(66.374447306424031,-17.860571099491722,-9.0));
#6180=CARTESIAN_POINT('',(66.500000000000000,-17.860571099491722,-9.0));
#6181=B_SPLINE_CURVE_WITH_KNOTS('',3,(#6169,#6170,#6171,#6172,#6173,#6174,#6175,#6176,#6177,#6178,#6179,#6180),.UNSPECIFIED.,.F.,.U.,(4,2,2,2,2,4),(4.698114358011333,4.733469050238035,5.110127130965839,5.486785211693643,5.863443292421447,6.240101373149251),.UNSPECIFIED.);
#6182=EDGE_CURVE('',#6153,#6168,#6181,.T.);
#6183=ORIENTED_EDGE('',*,*,#6182,.T.);
#6184=CARTESIAN_POINT('',(70.0,-17.860571099491722,-9.0));
#6185=VERTEX_POINT('',#6184);
#6186=CARTESIAN_POINT('',(66.500000000000000,-17.860571099491722,-9.0));
#6187=DIRECTION('',(1.0,0.0,0.0));
#6188=VECTOR('',#6187,3.500000000000000);
#6189=LINE('',#6186,#6188);
#6190=EDGE_CURVE('',#6168,#6185,#6189,.T.);
#6191=ORIENTED_EDGE('',*,*,#6190,.T.);
#6192=CARTESIAN_POINT('',(71.414213562373092,-18.143897324631677,-8.414213562373101));
#6193=VERTEX_POINT('',#6192);
#6194=CARTESIAN_POINT('',(70.0,-17.860571099491722,-9.0));
#6195=CARTESIAN_POINT('',(70.125552693575912,-17.860571099491722,-9.0));
#6196=CARTESIAN_POINT('',(70.254818497178235,-17.866644763554746,-8.987979970912656));
#6197=CARTESIAN_POINT('',(70.510742190679252,-17.891662120019305,-8.938076171478492));
#6198=CARTESIAN_POINT('',(70.637403967312025,-17.910593990153075,-8.900206408747003));
#6199=CARTESIAN_POINT('',(70.879186367159434,-17.959482539181863,-8.801138449191491));
#6200=CARTESIAN_POINT('',(70.994535893571992,-17.989467678769643,-8.739856822237972));
#6201=CARTESIAN_POINT('',(71.207088338107837,-18.056872964928516,-8.599731586904728));
#6202=CARTESIAN_POINT('',(71.304293447737791,-18.094278600558710,-8.520884322889245));
#6203=CARTESIAN_POINT('',(71.398236958080545,-18.136544207007589,-8.430055641992151));
#6204=CARTESIAN_POINT('',(71.406250606892399,-18.140204512288037,-8.422176517853789));
#6205=CARTESIAN_POINT('',(71.414213562373092,-18.143897324631677,-8.414213562373101));
#6206=B_SPLINE_CURVE_WITH_KNOTS('',3,(#6194,#6195,#6196,#6197,#6198,#6199,#6200,#6201,#6202,#6203,#6204,#6205),.UNSPECIFIED.,.F.,.U.,(4,2,2,2,2,4),(6.240101373149252,6.616759453877043,6.993417534604833,7.370075615332624,7.746733696060415,7.782088388287153),.UNSPECIFIED.);
#6207=EDGE_CURVE('',#6185,#6193,#6206,.T.);
#6208=ORIENTED_EDGE('',*,*,#6207,.T.);
#6209=CARTESIAN_POINT('',(72.0,-18.734993995195168,-7.0));
#6210=VERTEX_POINT('',#6209);
#6211=CARTESIAN_POINT('',(71.414213562373092,-18.143897324631677,-8.414213562373101));
#6212=CARTESIAN_POINT('',(71.498698527105191,-18.183077139384068,-8.329728597641003));
#6213=CARTESIAN_POINT('',(71.577384073992832,-18.225946120443119,-8.235727832373126));
#6214=CARTESIAN_POINT('',(71.723646818224893,-18.320507032907472,-8.023327226262214));
#6215=CARTESIAN_POINT('',(71.789472369557757,-18.372640875075376,-7.903448140184809));
#6216=CARTESIAN_POINT('',(71.895144846166829,-18.478224463573724,-7.653342139071452));
#6217=CARTESIAN_POINT('',(71.935057924000944,-18.531734860756274,-7.522949417314850));
#6218=CARTESIAN_POINT('',(71.987494944414266,-18.636176859959619,-7.260363415778004));
#6219=CARTESIAN_POINT('',(72.0,-18.687107096881277,-7.128165821765476));
#6220=CARTESIAN_POINT('',(72.0,-18.734993995195168,-7.0));
#6221=B_SPLINE_CURVE_WITH_KNOTS('',3,(#6211,#6212,#6213,#6214,#6215,#6216,#6217,#6218,#6219,#6220),.UNSPECIFIED.,.F.,.U.,(4,2,2,2,4),(7.782088388287153,8.157192824464708,8.567651952869003,8.978111081273298,9.388570209677591),.UNSPECIFIED.);
#6222=EDGE_CURVE('',#6193,#6210,#6221,.T.);
#6223=ORIENTED_EDGE('',*,*,#6222,.T.);
#6224=CARTESIAN_POINT('',(72.0,-20.0,2.449213E-015));
#6225=VERTEX_POINT('',#6224);
#6226=CARTESIAN_POINT('',(72.0,0.0,0.0));
#6227=DIRECTION('',(-1.0,0.0,0.0));
#6228=DIRECTION('',(0.0,1.0,0.0));
#6229=AXIS2_PLACEMENT_3D('',#6226,#6227,#6228);
#6230=CIRCLE('',#6229,20.0);
#6231=EDGE_CURVE('',#6210,#6225,#6230,.T.);
#6232=ORIENTED_EDGE('',*,*,#6231,.T.);
#6233=CARTESIAN_POINT('',(87.0,-20.0,2.449213E-015));
#6234=VERTEX_POINT('',#6233);
#6235=CARTESIAN_POINT('',(87.0,-20.0,2.449213E-015));
#6236=DIRECTION('',(-1.0,0.0,0.0));
#6237=VECTOR('',#6236,15.0);
#6238=LINE('',#6235,#6237);
#6239=EDGE_CURVE('',#6234,#6225,#6238,.T.);
#6240=ORIENTED_EDGE('',*,*,#6239,.F.);
#6241=CARTESIAN_POINT('',(87.0,20.0,0.0));
#6242=VERTEX_POINT('',#6241);
#6243=CARTESIAN_POINT('',(87.0,0.0,0.0));
#6244=DIRECTION('',(1.0,0.0,0.0));
#6245=DIRECTION('',(0.0,1.0,0.0));
#6246=AXIS2_PLACEMENT_3D('',#6243,#6244,#6245);
#6247=CIRCLE('',#6246,20.0);
#6248=EDGE_CURVE('',#6234,#6242,#6247,.T.);
#6249=ORIENTED_EDGE('',*,*,#6248,.T.);
#6250=CARTESIAN_POINT('',(72.0,20.0,-2.449213E-015));
#6251=VERTEX_POINT('',#6250);
#6252=CARTESIAN_POINT('',(72.0,20.0,-2.449213E-015));
#6253=DIRECTION('',(1.0,0.0,0.0));
#6254=VECTOR('',#6253,15.0);
#6255=LINE('',#6252,#6254);
#6256=EDGE_CURVE('',#6251,#6242,#6255,.T.);
#6257=ORIENTED_EDGE('',*,*,#6256,.F.);
#6258=CARTESIAN_POINT('',(72.0,18.734993995195168,-6.999999999999990));
#6259=VERTEX_POINT('',#6258);
#6260=CARTESIAN_POINT('',(72.0,0.0,0.0));
#6261=DIRECTION('',(-1.0,0.0,0.0));
#6262=DIRECTION('',(0.0,1.0,0.0));
#6263=AXIS2_PLACEMENT_3D('',#6260,#6261,#6262);
#6264=CIRCLE('',#6263,20.0);
#6265=EDGE_CURVE('',#6251,#6259,#6264,.T.);
#6266=ORIENTED_EDGE('',*,*,#6265,.T.);
#6267=CARTESIAN_POINT('',(71.414213562373078,18.143897324631681,-8.414213562373089));
#6268=VERTEX_POINT('',#6267);
#6269=CARTESIAN_POINT('',(72.0,18.734993995195168,-6.999999999999990));
#6270=CARTESIAN_POINT('',(72.0,18.687107096881391,-7.128165821765429));
#6271=CARTESIAN_POINT('',(71.987494944414266,18.636176859959619,-7.260363415778011));
#6272=CARTESIAN_POINT('',(71.935057924000944,18.531734860756274,-7.522949417314830));
#6273=CARTESIAN_POINT('',(71.895144846166772,18.478224463573724,-7.653342139071444));
#6274=CARTESIAN_POINT('',(71.789472369557757,18.372640875075263,-7.903448140184786));
#6275=CARTESIAN_POINT('',(71.723646818224950,18.320507032907585,-8.023327226262159));
#6276=CARTESIAN_POINT('',(71.577384073992945,18.225946120443222,-8.235727832373041));
#6277=CARTESIAN_POINT('',(71.498698527105233,18.183077139384096,-8.329728597640935));
#6278=CARTESIAN_POINT('',(71.414213562373078,18.143897324631681,-8.414213562373089));
#6279=B_SPLINE_CURVE_WITH_KNOTS('',3,(#6269,#6270,#6271,#6272,#6273,#6274,#6275,#6276,#6277,#6278),.UNSPECIFIED.,.F.,.U.,(4,2,2,2,4),(-3.148468836528371,-2.738009708124082,-2.327550579719793,-1.917091451315505,-1.541987015137887),.UNSPECIFIED.);
#6280=EDGE_CURVE('',#6259,#6268,#6279,.T.);
#6281=ORIENTED_EDGE('',*,*,#6280,.T.);
#6282=CARTESIAN_POINT('',(70.0,17.860571099491722,-8.999999999999991));
#6283=VERTEX_POINT('',#6282);
#6284=CARTESIAN_POINT('',(71.414213562373078,18.143897324631681,-8.414213562373089));
#6285=CARTESIAN_POINT('',(71.406250606892399,18.140204512288044,-8.422176517853762));
#6286=CARTESIAN_POINT('',(71.398236958080560,18.136544207007699,-8.430055641992158));
#6287=CARTESIAN_POINT('',(71.304293447737791,18.094278600558710,-8.520884322889241));
#6288=CARTESIAN_POINT('',(71.207088338107837,18.056872964928516,-8.599731586904710));
#6289=CARTESIAN_POINT('',(70.994535893571992,17.989467678769643,-8.739856822237947));
#6290=CARTESIAN_POINT('',(70.879186367159434,17.959482539181863,-8.801138449191482));
#6291=CARTESIAN_POINT('',(70.637403967312082,17.910593990153075,-8.900206408746984));
#6292=CARTESIAN_POINT('',(70.510742190679309,17.891662120019419,-8.938076171478471));
#6293=CARTESIAN_POINT('',(70.254818497178235,17.866644763554746,-8.987979970912646));
#6294=CARTESIAN_POINT('',(70.125552693575969,17.860571099491722,-8.999999999999991));
#6295=CARTESIAN_POINT('',(70.0,17.860571099491722,-8.999999999999991));
#6296=B_SPLINE_CURVE_WITH_KNOTS('',3,(#6284,#6285,#6286,#6287,#6288,#6289,#6290,#6291,#6292,#6293,#6294,#6295),.UNSPECIFIED.,.F.,.U.,(4,2,2,2,2,4),(-1.541987015137887,-1.506632322911216,-1.129974242183412,-0.753316161455608,-0.376658080727804,0.0),.UNSPECIFIED.);
#6297=EDGE_CURVE('',#6268,#6283,#6296,.T.);
#6298=ORIENTED_EDGE('',*,*,#6297,.T.);
#6299=CARTESIAN_POINT('',(66.500000000000000,17.860571099491722,-8.999999999999991));
#6300=VERTEX_POINT('',#6299);
#6301=CARTESIAN_POINT('',(70.0,17.860571099491722,-8.999999999999991));
#6302=DIRECTION('',(-1.0,0.0,0.0));
#6303=VECTOR('',#6302,3.500000000000000);
#6304=LINE('',#6301,#6303);
#6305=EDGE_CURVE('',#6283,#6300,#6304,.T.);
#6306=ORIENTED_EDGE('',*,*,#6305,.T.);
#6307=CARTESIAN_POINT('',(65.085786437626894,18.143897324631688,-8.414213562373083));
#6308=VERTEX_POINT('',#6307);
#6309=CARTESIAN_POINT('',(66.500000000000000,17.860571099491722,-8.999999999999991));
#6310=CARTESIAN_POINT('',(66.374447306424088,17.860571099491722,-8.999999999999991));
#6311=CARTESIAN_POINT('',(66.245181502821765,17.866644763554746,-8.987979970912646));
#6312=CARTESIAN_POINT('',(65.989257809320748,17.891662120019305,-8.938076171478482));
#6313=CARTESIAN_POINT('',(65.862596032687975,17.910593990153075,-8.900206408746993));
#6314=CARTESIAN_POINT('',(65.620813632840509,17.959482539181863,-8.801138449191480));
#6315=CARTESIAN_POINT('',(65.505464106427951,17.989467678769643,-8.739856822237963));
#6316=CARTESIAN_POINT('',(65.292911661892219,18.056872964928516,-8.599731586904756));
#6317=CARTESIAN_POINT('',(65.195706552262209,18.094278600558710,-8.520884322889234));
#6318=CARTESIAN_POINT('',(65.101763041919440,18.136544207007589,-8.430055641992135));
#6319=CARTESIAN_POINT('',(65.093749393107586,18.140204512288044,-8.422176517853773));
#6320=CARTESIAN_POINT('',(65.085786437626894,18.143897324631688,-8.414213562373083));
#6321=B_SPLINE_CURVE_WITH_KNOTS('',3,(#6309,#6310,#6311,#6312,#6313,#6314,#6315,#6316,#6317,#6318,#6319,#6320),.UNSPECIFIED.,.F.,.U.,(4,2,2,2,2,4),(0.0,0.376658080727791,0.753316161455581,1.129974242183372,1.506632322911162,1.541987015137931),.UNSPECIFIED.);
#6322=EDGE_CURVE('',#6300,#6308,#6321,.T.);
#6323=ORIENTED_EDGE('',*,*,#6322,.T.);
#6324=CARTESIAN_POINT('',(64.500000000000000,18.734993995195168,-6.999999999999990));
#6325=VERTEX_POINT('',#6324);
#6326=CARTESIAN_POINT('',(65.085786437626894,18.143897324631688,-8.414213562373083));
#6327=CARTESIAN_POINT('',(65.001301472894809,18.183077139384071,-8.329728597640997));
#6328=CARTESIAN_POINT('',(64.922615926007211,18.225946120443009,-8.235727832373152));
#6329=CARTESIAN_POINT('',(64.776353181775164,18.320507032907358,-8.023327226262328));
#6330=CARTESIAN_POINT('',(64.710527630442357,18.372640875075149,-7.903448140184841));
#6331=CARTESIAN_POINT('',(64.604855153833228,18.478224463573724,-7.653342139071487));
#6332=CARTESIAN_POINT('',(64.564942075999056,18.531734860756274,-7.522949417314829));
#6333=CARTESIAN_POINT('',(64.512505055585734,18.636176859959619,-7.260363415777992));
#6334=CARTESIAN_POINT('',(64.500000000000000,18.687107096881277,-7.128165821765467));
#6335=CARTESIAN_POINT('',(64.500000000000000,18.734993995195168,-6.999999999999990));
#6336=B_SPLINE_CURVE_WITH_KNOTS('',3,(#6326,#6327,#6328,#6329,#6330,#6331,#6332,#6333,#6334,#6335),.UNSPECIFIED.,.F.,.U.,(4,2,2,2,4),(1.541987015137931,1.917091451315457,2.327550579719752,2.738009708124046,3.148468836528341),.UNSPECIFIED.);
#6337=EDGE_CURVE('',#6308,#6325,#6336,.T.);
#6338=ORIENTED_EDGE('',*,*,#6337,.T.);
#6339=CARTESIAN_POINT('',(64.500000000000000,0.0,0.0));
#6340=DIRECTION('',(1.0,0.0,0.0));
#6341=DIRECTION('',(0.0,1.0,0.0));
#6342=AXIS2_PLACEMENT_3D('',#6339,#6340,#6341);
#6343=CIRCLE('',#6342,20.0);
#6344=EDGE_CURVE('',#6325,#6120,#6343,.T.);
#6345=ORIENTED_EDGE('',*,*,#6344,.T.);
#6346=EDGE_LOOP('',(#6126,#6133,#6134,#6142,#6151,#6166,#6183,#6191,#6208,#6223,#6232,#6240,#6249,#6257,#6266,#6281,#6298,#6306,#6323,#6338,#6345));
#6347=FACE_OUTER_BOUND('',#6346,.T.);
#6348=CARTESIAN_POINT('',(64.500000000000000,7.0,-18.734993995195190));
#6349=VERTEX_POINT('',#6348);
#6350=CARTESIAN_POINT('',(65.085786437626908,8.414213562373101,-18.143897324631677));
#6351=VERTEX_POINT('',#6350);
#6352=CARTESIAN_POINT('',(64.500000000000000,7.0,-18.734993995195190));
#6353=CARTESIAN_POINT('',(64.500000000000000,7.128165821765492,-18.687107096881345));
#6354=CARTESIAN_POINT('',(64.512505055585734,7.260363415778102,-18.636176859959505));
#6355=CARTESIAN_POINT('',(64.564942075999056,7.522949417314976,-18.531734860756149));
#6356=CARTESIAN_POINT('',(64.604855153833171,7.653342139071583,-18.478224463573717));
#6357=CARTESIAN_POINT('',(64.710527630442243,7.903448140184764,-18.372640875075227));
#6358=CARTESIAN_POINT('',(64.776353181775107,8.023327226262268,-18.320507032907500));
#6359=CARTESIAN_POINT('',(64.922615926007111,8.235727832373144,-18.225946120443073));
#6360=CARTESIAN_POINT('',(65.001301472894781,8.329728597640974,-18.183077139384078));
#6361=CARTESIAN_POINT('',(65.085786437626908,8.414213562373101,-18.143897324631677));
#6362=B_SPLINE_CURVE_WITH_KNOTS('',3,(#6352,#6353,#6354,#6355,#6356,#6357,#6358,#6359,#6360,#6361),.UNSPECIFIED.,.F.,.U.,(4,2,2,2,4),(3.091632536620858,3.502091665025156,3.912550793429454,4.323009921833752,4.698114358011337),.UNSPECIFIED.);
#6363=EDGE_CURVE('',#6349,#6351,#6362,.T.);
#6364=ORIENTED_EDGE('',*,*,#6363,.T.);
#6365=CARTESIAN_POINT('',(66.500000000000000,9.0,-17.860571099491750));
#6366=VERTEX_POINT('',#6365);
#6367=CARTESIAN_POINT('',(65.085786437626908,8.414213562373101,-18.143897324631677));
#6368=CARTESIAN_POINT('',(65.093749393107586,8.422176517853787,-18.140204512288037));
#6369=CARTESIAN_POINT('',(65.101763041919426,8.430055641992142,-18.136544207007557));
#6370=CARTESIAN_POINT('',(65.195706552262209,8.520884322889287,-18.094278600558638));
#6371=CARTESIAN_POINT('',(65.292911661892390,8.599731586904795,-18.056872964928473));
#6372=CARTESIAN_POINT('',(65.505464106428121,8.739856822238039,-17.989467678769600));
#6373=CARTESIAN_POINT('',(65.620813632840395,8.801138449191512,-17.959482539181892));
#6374=CARTESIAN_POINT('',(65.862596032687748,8.900206408746954,-17.910593990152936));
#6375=CARTESIAN_POINT('',(65.989257809320691,8.938076171478542,-17.891662120019248));
#6376=CARTESIAN_POINT('',(66.245181502821822,8.987979970912647,-17.866644763554557));
#6377=CARTESIAN_POINT('',(66.374447306424088,9.0,-17.860571099491750));
#6378=CARTESIAN_POINT('',(66.500000000000000,9.0,-17.860571099491750));
#6379=B_SPLINE_CURVE_WITH_KNOTS('',3,(#6367,#6368,#6369,#6370,#6371,#6372,#6373,#6374,#6375,#6376,#6377,#6378),.UNSPECIFIED.,.F.,.U.,(4,2,2,2,2,4),(4.698114358011337,4.733469050238051,5.110127130965850,5.486785211693649,5.863443292421447,6.240101373149246),.UNSPECIFIED.);
#6380=EDGE_CURVE('',#6351,#6366,#6379,.T.);
#6381=ORIENTED_EDGE('',*,*,#6380,.T.);
#6382=CARTESIAN_POINT('',(70.0,9.0,-17.860571099491750));
#6383=VERTEX_POINT('',#6382);
#6384=CARTESIAN_POINT('',(66.500000000000000,9.0,-17.860571099491750));
#6385=DIRECTION('',(1.0,0.0,0.0));
#6386=VECTOR('',#6385,3.500000000000000);
#6387=LINE('',#6384,#6386);
#6388=EDGE_CURVE('',#6366,#6383,#6387,.T.);
#6389=ORIENTED_EDGE('',*,*,#6388,.T.);
#6390=CARTESIAN_POINT('',(71.414213562373092,8.414213562373099,-18.143897324631677));
#6391=VERTEX_POINT('',#6390);
#6392=CARTESIAN_POINT('',(70.0,9.0,-17.860571099491750));
#6393=CARTESIAN_POINT('',(70.125552693575912,9.0,-17.860571099491750));
#6394=CARTESIAN_POINT('',(70.254818497178235,8.987979970912647,-17.866644763554568));
#6395=CARTESIAN_POINT('',(70.510742190679196,8.938076171478542,-17.891662120019241));
#6396=CARTESIAN_POINT('',(70.637403967312025,8.900206408746954,-17.910593990152897));
#6397=CARTESIAN_POINT('',(70.879186367159491,8.801138449191512,-17.959482539181845));
#6398=CARTESIAN_POINT('',(70.994535893572049,8.739856822237925,-17.989467678769625));
#6399=CARTESIAN_POINT('',(71.207088338107781,8.599731586904682,-18.056872964928520));
#6400=CARTESIAN_POINT('',(71.304293447737848,8.520884322889287,-18.094278600558638));
#6401=CARTESIAN_POINT('',(71.398236958080588,8.430055641992146,-18.136544207007553));
#6402=CARTESIAN_POINT('',(71.406250606892414,8.422176517853776,-18.140204512288040));
#6403=CARTESIAN_POINT('',(71.414213562373092,8.414213562373099,-18.143897324631677));
#6404=B_SPLINE_CURVE_WITH_KNOTS('',3,(#6392,#6393,#6394,#6395,#6396,#6397,#6398,#6399,#6400,#6401,#6402,#6403),.UNSPECIFIED.,.F.,.U.,(4,2,2,2,2,4),(6.240101373149246,6.616759453877045,6.993417534604843,7.370075615332642,7.746733696060441,7.782088388287140),.UNSPECIFIED.);
#6405=EDGE_CURVE('',#6383,#6391,#6404,.T.);
#6406=ORIENTED_EDGE('',*,*,#6405,.T.);
#6407=CARTESIAN_POINT('',(72.0,7.0,-18.734993995195190));
#6408=VERTEX_POINT('',#6407);
#6409=CARTESIAN_POINT('',(71.414213562373092,8.414213562373099,-18.143897324631677));
#6410=CARTESIAN_POINT('',(71.498698527105219,8.329728597640976,-18.183077139384078));
#6411=CARTESIAN_POINT('',(71.577384073992889,8.235727832373147,-18.225946120443069));
#6412=CARTESIAN_POINT('',(71.723646818224893,8.023327226262268,-18.320507032907500));
#6413=CARTESIAN_POINT('',(71.789472369557757,7.903448140184764,-18.372640875075234));
#6414=CARTESIAN_POINT('',(71.895144846166886,7.653342139071469,-18.478224463573728));
#6415=CARTESIAN_POINT('',(71.935057924000944,7.522949417314976,-18.531734860756142));
#6416=CARTESIAN_POINT('',(71.987494944414266,7.260363415778102,-18.636176859959459));
#6417=CARTESIAN_POINT('',(72.0,7.128165821765492,-18.687107096881345));
#6418=CARTESIAN_POINT('',(72.0,7.0,-18.734993995195190));
#6419=B_SPLINE_CURVE_WITH_KNOTS('',3,(#6409,#6410,#6411,#6412,#6413,#6414,#6415,#6416,#6417,#6418),.UNSPECIFIED.,.F.,.U.,(4,2,2,2,4),(7.782088388287140,8.157192824464739,8.567651952869037,8.978111081273335,9.388570209677633),.UNSPECIFIED.);
#6420=EDGE_CURVE('',#6391,#6408,#6419,.T.);
#6421=ORIENTED_EDGE('',*,*,#6420,.T.);
#6422=CARTESIAN_POINT('',(72.0,-7.0,-18.734993995195200));
#6423=VERTEX_POINT('',#6422);
#6424=CARTESIAN_POINT('',(72.0,0.0,0.0));
#6425=DIRECTION('',(-1.0,0.0,0.0));
#6426=DIRECTION('',(0.0,1.0,0.0));
#6427=AXIS2_PLACEMENT_3D('',#6424,#6425,#6426);
#6428=CIRCLE('',#6427,20.0);
#6429=EDGE_CURVE('',#6408,#6423,#6428,.T.);
#6430=ORIENTED_EDGE('',*,*,#6429,.T.);
#6431=CARTESIAN_POINT('',(71.414213562373092,-8.414213562373092,-18.143897324631684));
#6432=VERTEX_POINT('',#6431);
#6433=CARTESIAN_POINT('',(72.0,-7.0,-18.734993995195200));
#6434=CARTESIAN_POINT('',(72.0,-7.128165821765492,-18.687107096881356));
#6435=CARTESIAN_POINT('',(71.987494944414209,-7.260363415777988,-18.636176859959509));
#6436=CARTESIAN_POINT('',(71.935057924000887,-7.522949417314976,-18.531734860756149));
#6437=CARTESIAN_POINT('',(71.895144846166772,-7.653342139071583,-18.478224463573724));
#6438=CARTESIAN_POINT('',(71.789472369557757,-7.903448140184764,-18.372640875075231));
#6439=CARTESIAN_POINT('',(71.723646818224893,-8.023327226262268,-18.320507032907500));
#6440=CARTESIAN_POINT('',(71.577384073992889,-8.235727832373142,-18.225946120443073));
#6441=CARTESIAN_POINT('',(71.498698527105219,-8.329728597640964,-18.183077139384086));
#6442=CARTESIAN_POINT('',(71.414213562373092,-8.414213562373092,-18.143897324631684));
#6443=B_SPLINE_CURVE_WITH_KNOTS('',3,(#6433,#6434,#6435,#6436,#6437,#6438,#6439,#6440,#6441,#6442),.UNSPECIFIED.,.F.,.U.,(4,2,2,2,4),(-3.148468836528389,-2.738009708124091,-2.327550579719793,-1.917091451315494,-1.541987015137916),.UNSPECIFIED.);
#6444=EDGE_CURVE('',#6423,#6432,#6443,.T.);
#6445=ORIENTED_EDGE('',*,*,#6444,.T.);
#6446=CARTESIAN_POINT('',(70.0,-9.0,-17.860571099491757));
#6447=VERTEX_POINT('',#6446);
#6448=CARTESIAN_POINT('',(71.414213562373092,-8.414213562373092,-18.143897324631684));
#6449=CARTESIAN_POINT('',(71.406250606892399,-8.422176517853778,-18.140204512288044));
#6450=CARTESIAN_POINT('',(71.398236958080574,-8.430055641992141,-18.136544207007560));
#6451=CARTESIAN_POINT('',(71.304293447737791,-8.520884322889287,-18.094278600558646));
#6452=CARTESIAN_POINT('',(71.207088338107667,-8.599731586904795,-18.056872964928488));
#6453=CARTESIAN_POINT('',(70.994535893571936,-8.739856822237925,-17.989467678769614));
#6454=CARTESIAN_POINT('',(70.879186367159605,-8.801138449191512,-17.959482539181892));
#6455=CARTESIAN_POINT('',(70.637403967312252,-8.900206408746954,-17.910593990152940));
#6456=CARTESIAN_POINT('',(70.510742190679309,-8.938076171478542,-17.891662120019252));
#6457=CARTESIAN_POINT('',(70.254818497178178,-8.987979970912647,-17.866644763554561));
#6458=CARTESIAN_POINT('',(70.125552693575912,-9.0,-17.860571099491757));
#6459=CARTESIAN_POINT('',(70.0,-9.0,-17.860571099491757));
#6460=B_SPLINE_CURVE_WITH_KNOTS('',3,(#6448,#6449,#6450,#6451,#6452,#6453,#6454,#6455,#6456,#6457,#6458,#6459),.UNSPECIFIED.,.F.,.U.,(4,2,2,2,2,4),(-1.541987015137916,-1.506632322911196,-1.129974242183398,-0.753316161455597,-0.376658080727799,0.0),.UNSPECIFIED.);
#6461=EDGE_CURVE('',#6432,#6447,#6460,.T.);
#6462=ORIENTED_EDGE('',*,*,#6461,.T.);
#6463=CARTESIAN_POINT('',(66.500000000000000,-9.0,-17.860571099491757));
#6464=VERTEX_POINT('',#6463);
#6465=CARTESIAN_POINT('',(70.0,-9.0,-17.860571099491757));
#6466=DIRECTION('',(-1.0,0.0,0.0));
#6467=VECTOR('',#6466,3.500000000000000);
#6468=LINE('',#6465,#6467);
#6469=EDGE_CURVE('',#6447,#6464,#6468,.T.);
#6470=ORIENTED_EDGE('',*,*,#6469,.T.);
#6471=CARTESIAN_POINT('',(65.085786437626908,-8.414213562373092,-18.143897324631684));
#6472=VERTEX_POINT('',#6471);
#6473=CARTESIAN_POINT('',(66.500000000000000,-9.0,-17.860571099491757));
#6474=CARTESIAN_POINT('',(66.374447306424088,-9.0,-17.860571099491757));
#6475=CARTESIAN_POINT('',(66.245181502821822,-8.987979970912647,-17.866644763554561));
#6476=CARTESIAN_POINT('',(65.989257809320748,-8.938076171478542,-17.891662120019244));
#6477=CARTESIAN_POINT('',(65.862596032687861,-8.900206408746954,-17.910593990152890));
#6478=CARTESIAN_POINT('',(65.620813632840509,-8.801138449191512,-17.959482539181835));
#6479=CARTESIAN_POINT('',(65.505464106427951,-8.739856822237925,-17.989467678769621));
#6480=CARTESIAN_POINT('',(65.292911661892219,-8.599731586904682,-18.056872964928516));
#6481=CARTESIAN_POINT('',(65.195706552262209,-8.520884322889287,-18.094278600558646));
#6482=CARTESIAN_POINT('',(65.101763041919426,-8.430055641992141,-18.136544207007560));
#6483=CARTESIAN_POINT('',(65.093749393107601,-8.422176517853778,-18.140204512288044));
#6484=CARTESIAN_POINT('',(65.085786437626908,-8.414213562373092,-18.143897324631684));
#6485=B_SPLINE_CURVE_WITH_KNOTS('',3,(#6473,#6474,#6475,#6476,#6477,#6478,#6479,#6480,#6481,#6482,#6483,#6484),.UNSPECIFIED.,.F.,.U.,(4,2,2,2,2,4),(0.0,0.376658080727799,0.753316161455598,1.129974242183397,1.506632322911196,1.541987015137914),.UNSPECIFIED.);
#6486=EDGE_CURVE('',#6464,#6472,#6485,.T.);
#6487=ORIENTED_EDGE('',*,*,#6486,.T.);
#6488=CARTESIAN_POINT('',(64.500000000000000,-7.0,-18.734993995195200));
#6489=VERTEX_POINT('',#6488);
#6490=CARTESIAN_POINT('',(65.085786437626908,-8.414213562373092,-18.143897324631684));
#6491=CARTESIAN_POINT('',(65.001301472894767,-8.329728597640957,-18.183077139384089));
#6492=CARTESIAN_POINT('',(64.922615926007111,-8.235727832373147,-18.225946120443076));
#6493=CARTESIAN_POINT('',(64.776353181775164,-8.023327226262381,-18.320507032907457));
#6494=CARTESIAN_POINT('',(64.710527630442357,-7.903448140184992,-18.372640875075142));
#6495=CARTESIAN_POINT('',(64.604855153833228,-7.653342139071810,-18.478224463573632));
#6496=CARTESIAN_POINT('',(64.564942075999170,-7.522949417315203,-18.531734860756039));
#6497=CARTESIAN_POINT('',(64.512505055585848,-7.260363415778215,-18.636176859959406));
#6498=CARTESIAN_POINT('',(64.500000000000000,-7.128165821765492,-18.687107096881356));
#6499=CARTESIAN_POINT('',(64.500000000000000,-7.0,-18.734993995195200));
#6500=B_SPLINE_CURVE_WITH_KNOTS('',3,(#6490,#6491,#6492,#6493,#6494,#6495,#6496,#6497,#6498,#6499),.UNSPECIFIED.,.F.,.U.,(4,2,2,2,4),(1.541987015137914,1.917091451315494,2.327550579719792,2.738009708124090,3.148468836528388),.UNSPECIFIED.);
#6501=EDGE_CURVE('',#6472,#6489,#6500,.T.);
#6502=ORIENTED_EDGE('',*,*,#6501,.T.);
#6503=CARTESIAN_POINT('',(64.500000000000000,0.0,0.0));
#6504=DIRECTION('',(1.0,0.0,0.0));
#6505=DIRECTION('',(0.0,1.0,0.0));
#6506=AXIS2_PLACEMENT_3D('',#6503,#6504,#6505);
#6507=CIRCLE('',#6506,20.0);
#6508=EDGE_CURVE('',#6489,#6349,#6507,.T.);
#6509=ORIENTED_EDGE('',*,*,#6508,.T.);
#6510=EDGE_LOOP('',(#6364,#6381,#6389,#6406,#6421,#6430,#6445,#6462,#6470,#6487,#6502,#6509));
#6511=FACE_BOUND('',#6510,.T.);
#6512=ADVANCED_FACE('',(#6347,#6511),#6116,.F.);
#6513=CARTESIAN_POINT('',(23.499999999999943,0.0,0.0));
#6514=DIRECTION('',(1.0,0.0,0.0));
#6515=DIRECTION('',(0.0,0.0,-1.0));
#6516=AXIS2_PLACEMENT_3D('',#6513,#6514,#6515);
#6517=TOROIDAL_SURFACE('',#6516,18.0,3.0);
#6518=CARTESIAN_POINT('',(20.499999999999943,-2.204291E-015,-18.0));
#6519=VERTEX_POINT('',#6518);
#6520=CARTESIAN_POINT('',(23.499999999999943,-2.571673E-015,-21.0));
#6521=VERTEX_POINT('',#6520);
#6522=CARTESIAN_POINT('',(23.499999999999943,-2.204291E-015,-18.0));
#6523=DIRECTION('',(0.0,-1.0,0.0));
#6524=DIRECTION('',(0.0,0.0,1.0));
#6525=AXIS2_PLACEMENT_3D('',#6522,#6523,#6524);
#6526=CIRCLE('',#6525,3.0);
#6527=EDGE_CURVE('',#6519,#6521,#6526,.T.);
#6528=ORIENTED_EDGE('',*,*,#6527,.F.);
#6529=CARTESIAN_POINT('',(20.499999999999943,18.0,0.0));
#6530=VERTEX_POINT('',#6529);
#6531=CARTESIAN_POINT('',(20.499999999999943,0.0,0.0));
#6532=DIRECTION('',(1.0,0.0,0.0));
#6533=DIRECTION('',(0.0,1.0,0.0));
#6534=AXIS2_PLACEMENT_3D('',#6531,#6532,#6533);
#6535=CIRCLE('',#6534,18.0);
#6536=EDGE_CURVE('',#6519,#6530,#6535,.T.);
#6537=ORIENTED_EDGE('',*,*,#6536,.T.);
#6538=CARTESIAN_POINT('',(20.499999999999943,2.204291E-015,18.0));
#6539=VERTEX_POINT('',#6538);
#6540=CARTESIAN_POINT('',(20.499999999999943,0.0,0.0));
#6541=DIRECTION('',(1.0,0.0,0.0));
#6542=DIRECTION('',(0.0,1.0,0.0));
#6543=AXIS2_PLACEMENT_3D('',#6540,#6541,#6542);
#6544=CIRCLE('',#6543,18.0);
#6545=EDGE_CURVE('',#6530,#6539,#6544,.T.);
#6546=ORIENTED_EDGE('',*,*,#6545,.T.);
#6547=CARTESIAN_POINT('',(23.499999999999943,2.571673E-015,21.0));
#6548=VERTEX_POINT('',#6547);
#6549=CARTESIAN_POINT('',(23.499999999999943,2.204291E-015,18.0));
#6550=DIRECTION('',(0.0,-1.0,0.0));
#6551=DIRECTION('',(0.0,0.0,1.0));
#6552=AXIS2_PLACEMENT_3D('',#6549,#6550,#6551);
#6553=CIRCLE('',#6552,3.0);
#6554=EDGE_CURVE('',#6548,#6539,#6553,.T.);
#6555=ORIENTED_EDGE('',*,*,#6554,.F.);
#6556=CARTESIAN_POINT('',(23.499999999999943,21.0,0.0));
#6557=VERTEX_POINT('',#6556);
#6558=CARTESIAN_POINT('',(23.499999999999943,0.0,0.0));
#6559=DIRECTION('',(1.0,0.0,0.0));
#6560=DIRECTION('',(0.0,1.0,0.0));
#6561=AXIS2_PLACEMENT_3D('',#6558,#6559,#6560);
#6562=CIRCLE('',#6561,21.0);
#6563=EDGE_CURVE('',#6557,#6548,#6562,.T.);
#6564=ORIENTED_EDGE('',*,*,#6563,.F.);
#6565=CARTESIAN_POINT('',(23.499999999999943,0.0,0.0));
#6566=DIRECTION('',(1.0,0.0,0.0));
#6567=DIRECTION('',(0.0,1.0,0.0));
#6568=AXIS2_PLACEMENT_3D('',#6565,#6566,#6567);
#6569=CIRCLE('',#6568,21.0);
#6570=EDGE_CURVE('',#6521,#6557,#6569,.T.);
#6571=ORIENTED_EDGE('',*,*,#6570,.F.);
#6572=EDGE_LOOP('',(#6528,#6537,#6546,#6555,#6564,#6571));
#6573=FACE_OUTER_BOUND('',#6572,.T.);
#6574=ADVANCED_FACE('',(#6573),#6517,.T.);
#6575=CARTESIAN_POINT('',(16.500000000000000,0.0,0.0));
#6576=DIRECTION('',(1.0,0.0,0.0));
#6577=DIRECTION('',(0.0,1.0,0.0));
#6578=AXIS2_PLACEMENT_3D('',#6575,#6576,#6577);
#6579=CYLINDRICAL_SURFACE('',#6578,6.750000000000000);
#6580=CARTESIAN_POINT('',(15.999999999999943,6.750000000000000,0.0));
#6581=VERTEX_POINT('',#6580);
#6582=CARTESIAN_POINT('',(17.0,6.750000000000000,0.0));
#6583=VERTEX_POINT('',#6582);
#6584=CARTESIAN_POINT('',(15.999999999999943,6.750000000000000,0.0));
#6585=DIRECTION('',(1.0,0.0,0.0));
#6586=VECTOR('',#6585,1.000000000000057);
#6587=LINE('',#6584,#6586);
#6588=EDGE_CURVE('',#6581,#6583,#6587,.T.);
#6589=ORIENTED_EDGE('',*,*,#6588,.F.);
#6590=CARTESIAN_POINT('',(15.999999999999943,-6.750000000000000,8.266093E-016));
#6591=VERTEX_POINT('',#6590);
#6592=CARTESIAN_POINT('',(15.999999999999943,0.0,0.0));
#6593=DIRECTION('',(1.0,0.0,0.0));
#6594=DIRECTION('',(0.0,1.0,0.0));
#6595=AXIS2_PLACEMENT_3D('',#6592,#6593,#6594);
#6596=CIRCLE('',#6595,6.750000000000000);
#6597=EDGE_CURVE('',#6591,#6581,#6596,.T.);
#6598=ORIENTED_EDGE('',*,*,#6597,.F.);
#6599=CARTESIAN_POINT('',(17.0,-6.750000000000000,8.266093E-016));
#6600=VERTEX_POINT('',#6599);
#6601=CARTESIAN_POINT('',(17.0,-6.750000000000000,8.266093E-016));
#6602=DIRECTION('',(-1.0,0.0,0.0));
#6603=VECTOR('',#6602,1.000000000000057);
#6604=LINE('',#6601,#6603);
#6605=EDGE_CURVE('',#6600,#6591,#6604,.T.);
#6606=ORIENTED_EDGE('',*,*,#6605,.F.);
#6607=CARTESIAN_POINT('',(17.0,0.0,0.0));
#6608=DIRECTION('',(1.0,0.0,0.0));
#6609=DIRECTION('',(0.0,1.0,0.0));
#6610=AXIS2_PLACEMENT_3D('',#6607,#6608,#6609);
#6611=CIRCLE('',#6610,6.750000000000000);
#6612=EDGE_CURVE('',#6600,#6583,#6611,.T.);
#6613=ORIENTED_EDGE('',*,*,#6612,.T.);
#6614=EDGE_LOOP('',(#6589,#6598,#6606,#6613));
#6615=FACE_OUTER_BOUND('',#6614,.T.);
#6616=ADVANCED_FACE('',(#6615),#6579,.F.);
#6617=CARTESIAN_POINT('',(22.0,0.0,14.499999999999943));
#6618=DIRECTION('',(-1.0,0.0,0.0));
#6619=DIRECTION('',(0.0,-1.0,0.0));
#6620=AXIS2_PLACEMENT_3D('',#6617,#6618,#6619);
#6621=CYLINDRICAL_SURFACE('',#6620,1.600000000000000);
#6622=CARTESIAN_POINT('',(20.499999999999943,-1.600000000000000,14.499999999999943));
#6623=VERTEX_POINT('',#6622);
#6624=CARTESIAN_POINT('',(21.499999999999943,-1.600000000000000,14.499999999999943));
#6625=VERTEX_POINT('',#6624);
#6626=CARTESIAN_POINT('',(20.499999999999943,-1.600000000000000,14.499999999999943));
#6627=DIRECTION('',(1.0,0.0,0.0));
#6628=VECTOR('',#6627,1.0);
#6629=LINE('',#6626,#6628);
#6630=EDGE_CURVE('',#6623,#6625,#6629,.T.);
#6631=ORIENTED_EDGE('',*,*,#6630,.F.);
#6632=CARTESIAN_POINT('',(20.499999999999943,1.600000000000023,14.499999999999943));
#6633=VERTEX_POINT('',#6632);
#6634=CARTESIAN_POINT('',(20.499999999999943,0.0,14.499999999999943));
#6635=DIRECTION('',(1.0,0.0,0.0));
#6636=DIRECTION('',(0.0,-1.0,0.0));
#6637=AXIS2_PLACEMENT_3D('',#6634,#6635,#6636);
#6638=CIRCLE('',#6637,1.600000000000000);
#6639=EDGE_CURVE('',#6633,#6623,#6638,.T.);
#6640=ORIENTED_EDGE('',*,*,#6639,.F.);
#6641=CARTESIAN_POINT('',(21.499999999999943,1.600000000000023,14.499999999999943));
#6642=VERTEX_POINT('',#6641);
#6643=CARTESIAN_POINT('',(21.499999999999943,1.600000000000023,14.499999999999943));
#6644=DIRECTION('',(-1.0,0.0,0.0));
#6645=VECTOR('',#6644,1.0);
#6646=LINE('',#6643,#6645);
#6647=EDGE_CURVE('',#6642,#6633,#6646,.T.);
#6648=ORIENTED_EDGE('',*,*,#6647,.F.);
#6649=CARTESIAN_POINT('',(21.499999999999943,0.0,14.499999999999943));
#6650=DIRECTION('',(-1.0,0.0,0.0));
#6651=DIRECTION('',(0.0,-1.0,0.0));
#6652=AXIS2_PLACEMENT_3D('',#6649,#6650,#6651);
#6653=CIRCLE('',#6652,1.600000000000000);
#6654=EDGE_CURVE('',#6625,#6642,#6653,.T.);
#6655=ORIENTED_EDGE('',*,*,#6654,.F.);
#6656=EDGE_LOOP('',(#6631,#6640,#6648,#6655));
#6657=FACE_OUTER_BOUND('',#6656,.T.);
#6658=ADVANCED_FACE('',(#6657),#6621,.F.);
#6659=CARTESIAN_POINT('',(22.0,0.0,-14.499999999999943));
#6660=DIRECTION('',(-1.0,0.0,0.0));
#6661=DIRECTION('',(0.0,-1.0,0.0));
#6662=AXIS2_PLACEMENT_3D('',#6659,#6660,#6661);
#6663=CYLINDRICAL_SURFACE('',#6662,1.600000000000000);
#6664=CARTESIAN_POINT('',(20.499999999999943,-1.600000000000000,-14.499999999999943));
#6665=VERTEX_POINT('',#6664);
#6666=CARTESIAN_POINT('',(21.499999999999943,-1.600000000000000,-14.499999999999943));
#6667=VERTEX_POINT('',#6666);
#6668=CARTESIAN_POINT('',(20.499999999999943,-1.600000000000000,-14.499999999999943));
#6669=DIRECTION('',(1.0,0.0,0.0));
#6670=VECTOR('',#6669,1.0);
#6671=LINE('',#6668,#6670);
#6672=EDGE_CURVE('',#6665,#6667,#6671,.T.);
#6673=ORIENTED_EDGE('',*,*,#6672,.F.);
#6674=CARTESIAN_POINT('',(20.499999999999943,1.600000000000023,-14.499999999999943));
#6675=VERTEX_POINT('',#6674);
#6676=CARTESIAN_POINT('',(20.499999999999943,0.0,-14.499999999999943));
#6677=DIRECTION('',(1.0,0.0,0.0));
#6678=DIRECTION('',(0.0,-1.0,0.0));
#6679=AXIS2_PLACEMENT_3D('',#6676,#6677,#6678);
#6680=CIRCLE('',#6679,1.600000000000000);
#6681=EDGE_CURVE('',#6675,#6665,#6680,.T.);
#6682=ORIENTED_EDGE('',*,*,#6681,.F.);
#6683=CARTESIAN_POINT('',(21.499999999999943,1.600000000000023,-14.499999999999943));
#6684=VERTEX_POINT('',#6683);
#6685=CARTESIAN_POINT('',(21.499999999999943,1.600000000000023,-14.499999999999943));
#6686=DIRECTION('',(-1.0,0.0,0.0));
#6687=VECTOR('',#6686,1.0);
#6688=LINE('',#6685,#6687);
#6689=EDGE_CURVE('',#6684,#6675,#6688,.T.);
#6690=ORIENTED_EDGE('',*,*,#6689,.F.);
#6691=CARTESIAN_POINT('',(21.499999999999943,0.0,-14.499999999999943));
#6692=DIRECTION('',(-1.0,0.0,0.0));
#6693=DIRECTION('',(0.0,-1.0,0.0));
#6694=AXIS2_PLACEMENT_3D('',#6691,#6692,#6693);
#6695=CIRCLE('',#6694,1.600000000000000);
#6696=EDGE_CURVE('',#6667,#6684,#6695,.T.);
#6697=ORIENTED_EDGE('',*,*,#6696,.F.);
#6698=EDGE_LOOP('',(#6673,#6682,#6690,#6697));
#6699=FACE_OUTER_BOUND('',#6698,.T.);
#6700=ADVANCED_FACE('',(#6699),#6663,.F.);
#6701=CARTESIAN_POINT('',(18.249999999999943,0.0,0.0));
#6702=DIRECTION('',(1.0,0.0,0.0));
#6703=DIRECTION('',(0.0,1.0,0.0));
#6704=AXIS2_PLACEMENT_3D('',#6701,#6702,#6703);
#6705=CYLINDRICAL_SURFACE('',#6704,8.750000000000000);
#6706=CARTESIAN_POINT('',(16.499999999999943,8.750000000000000,0.0));
#6707=VERTEX_POINT('',#6706);
#6708=CARTESIAN_POINT('',(20.499999999999943,8.750000000000000,0.0));
#6709=VERTEX_POINT('',#6708);
#6710=CARTESIAN_POINT('',(16.499999999999943,8.750000000000000,0.0));
#6711=DIRECTION('',(1.0,0.0,0.0));
#6712=VECTOR('',#6711,4.0);
#6713=LINE('',#6710,#6712);
#6714=EDGE_CURVE('',#6707,#6709,#6713,.T.);
#6715=ORIENTED_EDGE('',*,*,#6714,.F.);
#6716=CARTESIAN_POINT('',(16.499999999999943,-8.750000000000000,1.071531E-015));
#6717=VERTEX_POINT('',#6716);
#6718=CARTESIAN_POINT('',(16.499999999999943,0.0,0.0));
#6719=DIRECTION('',(-1.0,0.0,0.0));
#6720=DIRECTION('',(0.0,-1.0,0.0));
#6721=AXIS2_PLACEMENT_3D('',#6718,#6719,#6720);
#6722=CIRCLE('',#6721,8.750000000000000);
#6723=EDGE_CURVE('',#6717,#6707,#6722,.T.);
#6724=ORIENTED_EDGE('',*,*,#6723,.F.);
#6725=CARTESIAN_POINT('',(20.499999999999943,-8.750000000000000,1.071531E-015));
#6726=VERTEX_POINT('',#6725);
#6727=CARTESIAN_POINT('',(20.499999999999943,-8.750000000000000,1.071531E-015));
#6728=DIRECTION('',(-1.0,0.0,0.0));
#6729=VECTOR('',#6728,4.0);
#6730=LINE('',#6727,#6729);
#6731=EDGE_CURVE('',#6726,#6717,#6730,.T.);
#6732=ORIENTED_EDGE('',*,*,#6731,.F.);
#6733=CARTESIAN_POINT('',(20.499999999999943,0.0,0.0));
#6734=DIRECTION('',(1.0,0.0,0.0));
#6735=DIRECTION('',(0.0,1.0,0.0));
#6736=AXIS2_PLACEMENT_3D('',#6733,#6734,#6735);
#6737=CIRCLE('',#6736,8.750000000000000);
#6738=EDGE_CURVE('',#6709,#6726,#6737,.T.);
#6739=ORIENTED_EDGE('',*,*,#6738,.F.);
#6740=EDGE_LOOP('',(#6715,#6724,#6732,#6739));
#6741=FACE_OUTER_BOUND('',#6740,.T.);
#6742=ADVANCED_FACE('',(#6741),#6705,.T.);
#6743=CARTESIAN_POINT('',(16.249999999999943,0.0,0.0));
#6744=DIRECTION('',(1.0,0.0,0.0));
#6745=DIRECTION('',(0.0,-1.0,0.0));
#6746=AXIS2_PLACEMENT_3D('',#6743,#6744,#6745);
#6747=CONICAL_SURFACE('',#6746,8.500000000000000,45.0);
#6748=CARTESIAN_POINT('',(15.999999999999943,-8.250000000000000,1.010300E-015));
#6749=VERTEX_POINT('',#6748);
#6750=CARTESIAN_POINT('',(15.999999999999943,-8.250000000000000,1.010300E-015));
#6751=DIRECTION('',(0.707106781186547,-0.707106781186547,8.659275E-017));
#6752=VECTOR('',#6751,0.707106781186548);
#6753=LINE('',#6750,#6752);
#6754=EDGE_CURVE('',#6749,#6717,#6753,.T.);
#6755=ORIENTED_EDGE('',*,*,#6754,.F.);
#6756=CARTESIAN_POINT('',(15.999999999999943,8.250000000000000,0.0));
#6757=VERTEX_POINT('',#6756);
#6758=CARTESIAN_POINT('',(15.999999999999943,0.0,0.0));
#6759=DIRECTION('',(1.0,0.0,0.0));
#6760=DIRECTION('',(0.0,-1.0,0.0));
#6761=AXIS2_PLACEMENT_3D('',#6758,#6759,#6760);
#6762=CIRCLE('',#6761,8.250000000000000);
#6763=EDGE_CURVE('',#6749,#6757,#6762,.T.);
#6764=ORIENTED_EDGE('',*,*,#6763,.T.);
#6765=CARTESIAN_POINT('',(16.499999999999943,8.750000000000000,0.0));
#6766=DIRECTION('',(-0.707106781186547,-0.707106781186547,0.0));
#6767=VECTOR('',#6766,0.707106781186548);
#6768=LINE('',#6765,#6767);
#6769=EDGE_CURVE('',#6707,#6757,#6768,.T.);
#6770=ORIENTED_EDGE('',*,*,#6769,.F.);
#6771=CARTESIAN_POINT('',(16.499999999999943,0.0,0.0));
#6772=DIRECTION('',(-1.0,0.0,0.0));
#6773=DIRECTION('',(0.0,-1.0,0.0));
#6774=AXIS2_PLACEMENT_3D('',#6771,#6772,#6773);
#6775=CIRCLE('',#6774,8.750000000000000);
#6776=EDGE_CURVE('',#6707,#6717,#6775,.T.);
#6777=ORIENTED_EDGE('',*,*,#6776,.T.);
#6778=EDGE_LOOP('',(#6755,#6764,#6770,#6777));
#6779=FACE_OUTER_BOUND('',#6778,.T.);
#6780=ADVANCED_FACE('',(#6779),#6747,.T.);
#6781=CARTESIAN_POINT('',(66.500000000000000,7.0,16.519710424284312));
#6782=DIRECTION('',(0.0,2.832749E-016,-1.0));
#6783=DIRECTION('',(-0.707106781186548,0.707106781186548,2.003056E-016));
#6784=AXIS2_PLACEMENT_3D('',#6781,#6782,#6783);
#6785=CYLINDRICAL_SURFACE('',#6784,2.000000000000000);
#6786=CARTESIAN_POINT('',(65.085786437626908,8.414213562373092,18.143897324631684));
#6787=VERTEX_POINT('',#6786);
#6788=CARTESIAN_POINT('',(65.085786437626908,8.414213562373099,19.240608361659891));
#6789=VERTEX_POINT('',#6788);
#6790=CARTESIAN_POINT('',(65.085786437626908,8.414213562373092,18.143897324631684));
#6791=DIRECTION('',(0.0,0.0,1.0));
#6792=VECTOR('',#6791,1.096711037028207);
#6793=LINE('',#6790,#6792);
#6794=EDGE_CURVE('',#6787,#6789,#6793,.T.);
#6795=ORIENTED_EDGE('',*,*,#6794,.F.);
#6796=CARTESIAN_POINT('',(66.500000000000000,9.0,17.860571099491750));
#6797=VERTEX_POINT('',#6796);
#6798=CARTESIAN_POINT('',(66.500000000000000,9.0,17.860571099491750));
#6799=CARTESIAN_POINT('',(66.374447306424088,9.0,17.860571099491750));
#6800=CARTESIAN_POINT('',(66.245181502821822,8.987979970912647,17.866644763554561));
#6801=CARTESIAN_POINT('',(65.989257809320748,8.938076171478542,17.891662120019244));
#6802=CARTESIAN_POINT('',(65.862596032687861,8.900206408746954,17.910593990152890));
#6803=CARTESIAN_POINT('',(65.620813632840509,8.801138449191512,17.959482539181835));
#6804=CARTESIAN_POINT('',(65.505464106428178,8.739856822238039,17.989467678769579));
#6805=CARTESIAN_POINT('',(65.292911661892447,8.599731586904795,18.056872964928466));
#6806=CARTESIAN_POINT('',(65.195706552262209,8.520884322889287,18.094278600558646));
#6807=CARTESIAN_POINT('',(65.101763041919426,8.430055641992142,18.136544207007560));
#6808=CARTESIAN_POINT('',(65.093749393107601,8.422176517853778,18.140204512288044));
#6809=CARTESIAN_POINT('',(65.085786437626908,8.414213562373092,18.143897324631684));
#6810=B_SPLINE_CURVE_WITH_KNOTS('',3,(#6798,#6799,#6800,#6801,#6802,#6803,#6804,#6805,#6806,#6807,#6808,#6809),.UNSPECIFIED.,.F.,.U.,(4,2,2,2,2,4),(0.0,0.376658080727799,0.753316161455598,1.129974242183398,1.506632322911197,1.541987015137912),.UNSPECIFIED.);
#6811=EDGE_CURVE('',#6797,#6787,#6810,.T.);
#6812=ORIENTED_EDGE('',*,*,#6811,.F.);
#6813=CARTESIAN_POINT('',(66.500000000000000,9.0,18.973665961010276));
#6814=VERTEX_POINT('',#6813);
#6815=CARTESIAN_POINT('',(66.500000000000000,9.0,18.973665961010276));
#6816=DIRECTION('',(0.0,0.0,-1.0));
#6817=VECTOR('',#6816,1.113094861518526);
#6818=LINE('',#6815,#6817);
#6819=EDGE_CURVE('',#6814,#6797,#6818,.T.);
#6820=ORIENTED_EDGE('',*,*,#6819,.F.);
#6821=CARTESIAN_POINT('',(65.085786437626908,8.414213562373099,19.240608361659891));
#6822=CARTESIAN_POINT('',(65.092946612548303,8.421373737294488,19.237477107190173));
#6823=CARTESIAN_POINT('',(65.100147192557941,8.428465551473181,19.234370986632022));
#6824=CARTESIAN_POINT('',(65.193560889630135,8.519089247339366,19.194620399104313));
#6825=CARTESIAN_POINT('',(65.291082004850750,8.598384356466340,19.159169108127848));
#6826=CARTESIAN_POINT('',(65.504238107663014,8.739187604363224,19.095354787786242));
#6827=CARTESIAN_POINT('',(65.619874398780780,8.800699825721722,19.067005121337722));
#6828=CARTESIAN_POINT('',(65.862132565857564,8.900069978602005,19.020824277754421));
#6829=CARTESIAN_POINT('',(65.988980162112284,8.938011306742965,19.002966011454532));
#6830=CARTESIAN_POINT('',(66.245142644750331,8.987983105508874,18.979381524366822));
#6831=CARTESIAN_POINT('',(66.374461160455667,9.0,18.973665961010276));
#6832=CARTESIAN_POINT('',(66.500000000000000,9.0,18.973665961010276));
#6833=B_SPLINE_CURVE_WITH_KNOTS('',3,(#6821,#6822,#6823,#6824,#6825,#6826,#6827,#6828,#6829,#6830,#6831,#6832),.UNSPECIFIED.,.F.,.U.,(4,2,2,2,2,4),(-1.538101855779245,-1.506466074532026,-1.129849555899021,-0.753233037266014,-0.376616518633007,0.0),.UNSPECIFIED.);
#6834=EDGE_CURVE('',#6789,#6814,#6833,.T.);
#6835=ORIENTED_EDGE('',*,*,#6834,.F.);
#6836=EDGE_LOOP('',(#6795,#6812,#6820,#6835));
#6837=FACE_OUTER_BOUND('',#6836,.T.);
#6838=ADVANCED_FACE('',(#6837),#6785,.F.);
#6839=CARTESIAN_POINT('',(66.500000000000000,-7.0,16.519710424284312));
#6840=DIRECTION('',(0.0,2.832749E-016,-1.0));
#6841=DIRECTION('',(-0.707106781186548,-0.707106781186548,-2.003056E-016));
#6842=AXIS2_PLACEMENT_3D('',#6839,#6840,#6841);
#6843=CYLINDRICAL_SURFACE('',#6842,2.000000000000000);
#6844=CARTESIAN_POINT('',(65.085786437626908,-8.414213562373092,18.143897324631681));
#6845=VERTEX_POINT('',#6844);
#6846=CARTESIAN_POINT('',(65.085786437626908,-8.414213562373096,19.240608361659895));
#6847=VERTEX_POINT('',#6846);
#6848=CARTESIAN_POINT('',(65.085786437626908,-8.414213562373092,18.143897324631681));
#6849=DIRECTION('',(0.0,0.0,1.0));
#6850=VECTOR('',#6849,1.096711037028214);
#6851=LINE('',#6848,#6850);
#6852=EDGE_CURVE('',#6845,#6847,#6851,.T.);
#6853=ORIENTED_EDGE('',*,*,#6852,.F.);
#6854=CARTESIAN_POINT('',(64.500000000000000,-7.0,18.734993995195197));
#6855=VERTEX_POINT('',#6854);
#6856=CARTESIAN_POINT('',(64.500000000000000,-7.0,18.734993995195197));
#6857=CARTESIAN_POINT('',(64.500000000000000,-7.128165821765492,18.687107096881352));
#6858=CARTESIAN_POINT('',(64.512505055585791,-7.260363415777988,18.636176859959509));
#6859=CARTESIAN_POINT('',(64.564942075999113,-7.522949417314976,18.531734860756149));
#6860=CARTESIAN_POINT('',(64.604855153833228,-7.653342139071583,18.478224463573721));
#6861=CARTESIAN_POINT('',(64.710527630442243,-7.903448140184764,18.372640875075227));
#6862=CARTESIAN_POINT('',(64.776353181775107,-8.023327226262268,18.320507032907500));
#6863=CARTESIAN_POINT('',(64.922615926007111,-8.235727832373147,18.225946120443069));
#6864=CARTESIAN_POINT('',(65.001301472894781,-8.329728597640969,18.183077139384082));
#6865=CARTESIAN_POINT('',(65.085786437626908,-8.414213562373092,18.143897324631681));
#6866=B_SPLINE_CURVE_WITH_KNOTS('',3,(#6856,#6857,#6858,#6859,#6860,#6861,#6862,#6863,#6864,#6865),.UNSPECIFIED.,.F.,.U.,(4,2,2,2,4),(3.091632536620857,3.502091665025156,3.912550793429454,4.323009921833753,4.698114358011349),.UNSPECIFIED.);
#6867=EDGE_CURVE('',#6855,#6845,#6866,.T.);
#6868=ORIENTED_EDGE('',*,*,#6867,.F.);
#6869=CARTESIAN_POINT('',(64.500000000000000,-7.0,19.798989873223327));
#6870=VERTEX_POINT('',#6869);
#6871=CARTESIAN_POINT('',(64.500000000000000,-7.0,19.798989873223327));
#6872=DIRECTION('',(0.0,0.0,-1.0));
#6873=VECTOR('',#6872,1.063995878028130);
#6874=LINE('',#6871,#6873);
#6875=EDGE_CURVE('',#6870,#6855,#6874,.T.);
#6876=ORIENTED_EDGE('',*,*,#6875,.F.);
#6877=CARTESIAN_POINT('',(65.085786437626908,-8.414213562373096,19.240608361659895));
#6878=CARTESIAN_POINT('',(65.000846648933091,-8.329273773679272,19.277753835887040));
#6879=CARTESIAN_POINT('',(64.921690037057729,-8.234629982157836,19.318466724702386));
#6880=CARTESIAN_POINT('',(64.775361875973829,-8.021615389928570,19.407939947201630));
#6881=CARTESIAN_POINT('',(64.709767290320656,-7.901904181830673,19.457080484084400));
#6882=CARTESIAN_POINT('',(64.604467354263079,-7.652165876053914,19.556646646688677));
#6883=CARTESIAN_POINT('',(64.564694123892309,-7.521969994863071,19.607130727488070));
#6884=CARTESIAN_POINT('',(64.512451446938485,-7.259831212316499,19.705696098770844));
#6885=CARTESIAN_POINT('',(64.500000000000000,-7.127884195099796,19.753775982442502));
#6886=CARTESIAN_POINT('',(64.500000000000000,-7.0,19.798989873223327));
#6887=B_SPLINE_CURVE_WITH_KNOTS('',3,(#6877,#6878,#6879,#6880,#6881,#6882,#6883,#6884,#6885,#6886),.UNSPECIFIED.,.F.,.U.,(4,2,2,2,4),(7.756068186865397,8.131357422645777,8.538282439673383,8.945207456700988,9.352132473728593),.UNSPECIFIED.);
#6888=EDGE_CURVE('',#6847,#6870,#6887,.T.);
#6889=ORIENTED_EDGE('',*,*,#6888,.F.);
#6890=EDGE_LOOP('',(#6853,#6868,#6876,#6889));
#6891=FACE_OUTER_BOUND('',#6890,.T.);
#6892=ADVANCED_FACE('',(#6891),#6843,.F.);
#6893=CARTESIAN_POINT('',(70.0,-7.0,16.519710424284312));
#6894=DIRECTION('',(0.0,2.832749E-016,-1.0));
#6895=DIRECTION('',(0.707106781186548,-0.707106781186548,-2.003056E-016));
#6896=AXIS2_PLACEMENT_3D('',#6893,#6894,#6895);
#6897=CYLINDRICAL_SURFACE('',#6896,2.000000000000000);
#6898=CARTESIAN_POINT('',(71.414213562373092,-8.414213562373101,18.143897324631677));
#6899=VERTEX_POINT('',#6898);
#6900=CARTESIAN_POINT('',(71.414213562373092,-8.414213562373099,19.240608361659891));
#6901=VERTEX_POINT('',#6900);
#6902=CARTESIAN_POINT('',(71.414213562373092,-8.414213562373101,18.143897324631677));
#6903=DIRECTION('',(0.0,0.0,1.0));
#6904=VECTOR('',#6903,1.096711037028214);
#6905=LINE('',#6902,#6904);
#6906=EDGE_CURVE('',#6899,#6901,#6905,.T.);
#6907=ORIENTED_EDGE('',*,*,#6906,.F.);
#6908=CARTESIAN_POINT('',(70.0,-9.0,17.860571099491750));
#6909=VERTEX_POINT('',#6908);
#6910=CARTESIAN_POINT('',(70.0,-9.0,17.860571099491750));
#6911=CARTESIAN_POINT('',(70.125552693575912,-9.0,17.860571099491750));
#6912=CARTESIAN_POINT('',(70.254818497178405,-8.987979970912534,17.866644763554564));
#6913=CARTESIAN_POINT('',(70.510742190679366,-8.938076171478429,17.891662120019241));
#6914=CARTESIAN_POINT('',(70.637403967312025,-8.900206408746954,17.910593990152886));
#6915=CARTESIAN_POINT('',(70.879186367159434,-8.801138449191512,17.959482539181828));
#6916=CARTESIAN_POINT('',(70.994535893572049,-8.739856822237925,17.989467678769618));
#6917=CARTESIAN_POINT('',(71.207088338107781,-8.599731586904682,18.056872964928512));
#6918=CARTESIAN_POINT('',(71.304293447737791,-8.520884322889287,18.094278600558638));
#6919=CARTESIAN_POINT('',(71.398236958080574,-8.430055641992142,18.136544207007553));
#6920=CARTESIAN_POINT('',(71.406250606892414,-8.422176517853780,18.140204512288040));
#6921=CARTESIAN_POINT('',(71.414213562373092,-8.414213562373101,18.143897324631677));
#6922=B_SPLINE_CURVE_WITH_KNOTS('',3,(#6910,#6911,#6912,#6913,#6914,#6915,#6916,#6917,#6918,#6919,#6920,#6921),.UNSPECIFIED.,.F.,.U.,(4,2,2,2,2,4),(6.240101373149247,6.616759453877046,6.993417534604845,7.370075615332643,7.746733696060442,7.782088388287157),.UNSPECIFIED.);
#6923=EDGE_CURVE('',#6909,#6899,#6922,.T.);
#6924=ORIENTED_EDGE('',*,*,#6923,.F.);
#6925=CARTESIAN_POINT('',(70.0,-9.0,18.973665961010276));
#6926=VERTEX_POINT('',#6925);
#6927=CARTESIAN_POINT('',(70.0,-9.0,18.973665961010276));
#6928=DIRECTION('',(0.0,0.0,-1.0));
#6929=VECTOR('',#6928,1.113094861518526);
#6930=LINE('',#6927,#6929);
#6931=EDGE_CURVE('',#6926,#6909,#6930,.T.);
#6932=ORIENTED_EDGE('',*,*,#6931,.F.);
#6933=CARTESIAN_POINT('',(71.414213562373092,-8.414213562373099,19.240608361659891));
#6934=CARTESIAN_POINT('',(71.407053387451697,-8.421373737294488,19.237477107190173));
#6935=CARTESIAN_POINT('',(71.399852807442059,-8.428465551473181,19.234370986632030));
#6936=CARTESIAN_POINT('',(71.306439110369865,-8.519089247339366,19.194620399104316));
#6937=CARTESIAN_POINT('',(71.208917995149250,-8.598384356466340,19.159169108127848));
#6938=CARTESIAN_POINT('',(70.995761892336986,-8.739187604363224,19.095354787786242));
#6939=CARTESIAN_POINT('',(70.880125601219277,-8.800699825721722,19.067005121337722));
#6940=CARTESIAN_POINT('',(70.637867434142549,-8.900069978602005,19.020824277754418));
#6941=CARTESIAN_POINT('',(70.511019837887829,-8.938011306742851,19.002966011454589));
#6942=CARTESIAN_POINT('',(70.254857355249726,-8.987983105508761,18.979381524366868));
#6943=CARTESIAN_POINT('',(70.125538839544333,-9.0,18.973665961010276));
#6944=CARTESIAN_POINT('',(70.0,-9.0,18.973665961010276));
#6945=B_SPLINE_CURVE_WITH_KNOTS('',3,(#6933,#6934,#6935,#6936,#6937,#6938,#6939,#6940,#6941,#6942,#6943,#6944),.UNSPECIFIED.,.F.,.U.,(4,2,2,2,2,4),(4.679864475306903,4.711500256554119,5.088116775187126,5.464733293820133,5.841349812453139,6.217966331086146),.UNSPECIFIED.);
#6946=EDGE_CURVE('',#6901,#6926,#6945,.T.);
#6947=ORIENTED_EDGE('',*,*,#6946,.F.);
#6948=EDGE_LOOP('',(#6907,#6924,#6932,#6947));
#6949=FACE_OUTER_BOUND('',#6948,.T.);
#6950=ADVANCED_FACE('',(#6949),#6897,.F.);
#6951=CARTESIAN_POINT('',(70.0,7.0,16.519710424284312));
#6952=DIRECTION('',(0.0,2.832749E-016,-1.0));
#6953=DIRECTION('',(0.707106781186548,0.707106781186548,2.003056E-016));
#6954=AXIS2_PLACEMENT_3D('',#6951,#6952,#6953);
#6955=CYLINDRICAL_SURFACE('',#6954,2.000000000000000);
#6956=CARTESIAN_POINT('',(71.414213562373092,8.414213562373096,18.143897324631681));
#6957=VERTEX_POINT('',#6956);
#6958=CARTESIAN_POINT('',(71.414213562373106,8.414213562373087,19.240608361659902));
#6959=VERTEX_POINT('',#6958);
#6960=CARTESIAN_POINT('',(71.414213562373092,8.414213562373096,18.143897324631681));
#6961=DIRECTION('',(0.0,0.0,1.0));
#6962=VECTOR('',#6961,1.096711037028221);
#6963=LINE('',#6960,#6962);
#6964=EDGE_CURVE('',#6957,#6959,#6963,.T.);
#6965=ORIENTED_EDGE('',*,*,#6964,.F.);
#6966=CARTESIAN_POINT('',(72.0,7.0,18.734993995195197));
#6967=VERTEX_POINT('',#6966);
#6968=CARTESIAN_POINT('',(72.0,7.0,18.734993995195197));
#6969=CARTESIAN_POINT('',(72.0,7.128165821765606,18.687107096881313));
#6970=CARTESIAN_POINT('',(71.987494944414152,7.260363415778329,18.636176859959399));
#6971=CARTESIAN_POINT('',(71.935057924000830,7.522949417315090,18.531734860756078));
#6972=CARTESIAN_POINT('',(71.895144846166829,7.653342139071583,18.478224463573724));
#6973=CARTESIAN_POINT('',(71.789472369557757,7.903448140184764,18.372640875075231));
#6974=CARTESIAN_POINT('',(71.723646818224893,8.023327226262268,18.320507032907500));
#6975=CARTESIAN_POINT('',(71.577384073992889,8.235727832373149,18.225946120443069));
#6976=CARTESIAN_POINT('',(71.498698527105219,8.329728597640973,18.183077139384082));
#6977=CARTESIAN_POINT('',(71.414213562373092,8.414213562373096,18.143897324631681));
#6978=B_SPLINE_CURVE_WITH_KNOTS('',3,(#6968,#6969,#6970,#6971,#6972,#6973,#6974,#6975,#6976,#6977),.UNSPECIFIED.,.F.,.U.,(4,2,2,2,4),(-3.148468836528387,-2.738009708124091,-2.327550579719793,-1.917091451315494,-1.541987015137888),.UNSPECIFIED.);
#6979=EDGE_CURVE('',#6967,#6957,#6978,.T.);
#6980=ORIENTED_EDGE('',*,*,#6979,.F.);
#6981=CARTESIAN_POINT('',(72.0,7.0,19.798989873223334));
#6982=VERTEX_POINT('',#6981);
#6983=CARTESIAN_POINT('',(72.0,7.0,19.798989873223334));
#6984=DIRECTION('',(0.0,0.0,-1.0));
#6985=VECTOR('',#6984,1.063995878028138);
#6986=LINE('',#6983,#6985);
#6987=EDGE_CURVE('',#6982,#6967,#6986,.T.);
#6988=ORIENTED_EDGE('',*,*,#6987,.F.);
#6989=CARTESIAN_POINT('',(71.414213562373106,8.414213562373087,19.240608361659902));
#6990=CARTESIAN_POINT('',(71.499153351066909,8.329273773679281,19.277753835887040));
#6991=CARTESIAN_POINT('',(71.578309962942271,8.234629982157834,19.318466724702390));
#6992=CARTESIAN_POINT('',(71.724638124026171,8.021615389928570,19.407939947201626));
#6993=CARTESIAN_POINT('',(71.790232709679344,7.901904181830673,19.457080484084393));
#6994=CARTESIAN_POINT('',(71.895532645736921,7.652165876053914,19.556646646688669));
#6995=CARTESIAN_POINT('',(71.935305876107691,7.521969994863071,19.607130727488066));
#6996=CARTESIAN_POINT('',(71.987548553061515,7.259831212316499,19.705696098770847));
#6997=CARTESIAN_POINT('',(72.0,7.127884195099796,19.753775982442509));
#6998=CARTESIAN_POINT('',(72.0,7.0,19.798989873223334));
#6999=B_SPLINE_CURVE_WITH_KNOTS('',3,(#6989,#6990,#6991,#6992,#6993,#6994,#6995,#6996,#6997,#6998),.UNSPECIFIED.,.F.,.U.,(4,2,2,2,4),(1.538101855779257,1.913391091559632,2.320316108587238,2.727241125614844,3.134166142642450),.UNSPECIFIED.);
#7000=EDGE_CURVE('',#6959,#6982,#6999,.T.);
#7001=ORIENTED_EDGE('',*,*,#7000,.F.);
#7002=EDGE_LOOP('',(#6965,#6980,#6988,#7001));
#7003=FACE_OUTER_BOUND('',#7002,.T.);
#7004=ADVANCED_FACE('',(#7003),#6955,.F.);
#7005=CARTESIAN_POINT('',(66.500000000000000,-16.519710424284312,7.0));
#7006=DIRECTION('',(0.0,1.0,0.0));
#7007=DIRECTION('',(-0.707106781186548,0.0,0.707106781186548));
#7008=AXIS2_PLACEMENT_3D('',#7005,#7006,#7007);
#7009=CYLINDRICAL_SURFACE('',#7008,2.000000000000000);
#7010=CARTESIAN_POINT('',(65.085786437626908,-18.143897324631684,8.414213562373089));
#7011=VERTEX_POINT('',#7010);
#7012=CARTESIAN_POINT('',(65.085786437626908,-19.240608361659895,8.414213562373096));
#7013=VERTEX_POINT('',#7012);
#7014=CARTESIAN_POINT('',(65.085786437626908,-18.143897324631684,8.414213562373089));
#7015=DIRECTION('',(0.0,-1.0,0.0));
#7016=VECTOR('',#7015,1.096711037028211);
#7017=LINE('',#7014,#7016);
#7018=EDGE_CURVE('',#7011,#7013,#7017,.T.);
#7019=ORIENTED_EDGE('',*,*,#7018,.F.);
#7020=CARTESIAN_POINT('',(66.500000000000000,-17.860571099491722,9.0));
#7021=VERTEX_POINT('',#7020);
#7022=CARTESIAN_POINT('',(66.500000000000000,-17.860571099491722,9.0));
#7023=CARTESIAN_POINT('',(66.374447306424031,-17.860571099491722,9.0));
#7024=CARTESIAN_POINT('',(66.245181502821765,-17.866644763554746,8.987979970912656));
#7025=CARTESIAN_POINT('',(65.989257809320691,-17.891662120019419,8.938076171478482));
#7026=CARTESIAN_POINT('',(65.862596032687918,-17.910593990153075,8.900206408746994));
#7027=CARTESIAN_POINT('',(65.620813632840566,-17.959482539181863,8.801138449191493));
#7028=CARTESIAN_POINT('',(65.505464106428008,-17.989467678769643,8.739856822237972));
#7029=CARTESIAN_POINT('',(65.292911661892163,-18.056872964928516,8.599731586904728));
#7030=CARTESIAN_POINT('',(65.195706552262209,-18.094278600558710,8.520884322889250));
#7031=CARTESIAN_POINT('',(65.101763041919426,-18.136544207007645,8.430055641992162));
#7032=CARTESIAN_POINT('',(65.093749393107586,-18.140204512288044,8.422176517853771));
#7033=CARTESIAN_POINT('',(65.085786437626908,-18.143897324631684,8.414213562373089));
#7034=B_SPLINE_CURVE_WITH_KNOTS('',3,(#7022,#7023,#7024,#7025,#7026,#7027,#7028,#7029,#7030,#7031,#7032,#7033),.UNSPECIFIED.,.F.,.U.,(4,2,2,2,2,4),(0.0,0.376658080727804,0.753316161455608,1.129974242183413,1.506632322911217,1.541987015137917),.UNSPECIFIED.);
#7035=EDGE_CURVE('',#7021,#7011,#7034,.T.);
#7036=ORIENTED_EDGE('',*,*,#7035,.F.);
#7037=CARTESIAN_POINT('',(66.500000000000000,-18.973665961010283,9.0));
#7038=VERTEX_POINT('',#7037);
#7039=CARTESIAN_POINT('',(66.500000000000000,-18.973665961010283,9.0));
#7040=DIRECTION('',(0.0,1.0,0.0));
#7041=VECTOR('',#7040,1.113094861518562);
#7042=LINE('',#7039,#7041);
#7043=EDGE_CURVE('',#7038,#7021,#7042,.T.);
#7044=ORIENTED_EDGE('',*,*,#7043,.F.);
#7045=CARTESIAN_POINT('',(65.085786437626908,-19.240608361659895,8.414213562373096));
#7046=CARTESIAN_POINT('',(65.092946612548317,-19.237477107190173,8.421373737294500));
#7047=CARTESIAN_POINT('',(65.100147192557927,-19.234370986631923,8.428465551473217));
#7048=CARTESIAN_POINT('',(65.193560889630135,-19.194620399104224,8.519089247339412));
#7049=CARTESIAN_POINT('',(65.291082004850807,-19.159169108127912,8.598384356466220));
#7050=CARTESIAN_POINT('',(65.504238107663127,-19.095354787786277,8.739187604363170));
#7051=CARTESIAN_POINT('',(65.619874398780780,-19.067005121337843,8.800699825721649));
#7052=CARTESIAN_POINT('',(65.862132565857451,-19.020824277754400,8.900069978601975));
#7053=CARTESIAN_POINT('',(65.988980162112171,-19.002966011454532,8.938011306742872));
#7054=CARTESIAN_POINT('',(66.245142644750274,-18.979381524366886,8.987983105508878));
#7055=CARTESIAN_POINT('',(66.374461160455667,-18.973665961010283,9.0));
#7056=CARTESIAN_POINT('',(66.500000000000000,-18.973665961010283,9.0));
#7057=B_SPLINE_CURVE_WITH_KNOTS('',3,(#7045,#7046,#7047,#7048,#7049,#7050,#7051,#7052,#7053,#7054,#7055,#7056),.UNSPECIFIED.,.F.,.U.,(4,2,2,2,2,4),(-1.538101855779290,-1.506466074532000,-1.129849555899000,-0.753233037266000,-0.376616518633000,0.0),.UNSPECIFIED.);
#7058=EDGE_CURVE('',#7013,#7038,#7057,.T.);
#7059=ORIENTED_EDGE('',*,*,#7058,.F.);
#7060=EDGE_LOOP('',(#7019,#7036,#7044,#7059));
#7061=FACE_OUTER_BOUND('',#7060,.T.);
#7062=ADVANCED_FACE('',(#7061),#7009,.F.);
#7063=CARTESIAN_POINT('',(66.500000000000000,-16.519710424284312,-7.0));
#7064=DIRECTION('',(0.0,1.0,0.0));
#7065=DIRECTION('',(-0.707106781186548,0.0,-0.707106781186548));
#7066=AXIS2_PLACEMENT_3D('',#7063,#7064,#7065);
#7067=CYLINDRICAL_SURFACE('',#7066,2.000000000000000);
#7068=CARTESIAN_POINT('',(65.085786437626908,-19.240608361659891,-8.414213562373099));
#7069=VERTEX_POINT('',#7068);
#7070=CARTESIAN_POINT('',(65.085786437626894,-18.143897324631681,-8.414213562373094));
#7071=DIRECTION('',(0.0,-1.0,0.0));
#7072=VECTOR('',#7071,1.096711037028211);
#7073=LINE('',#7070,#7072);
#7074=EDGE_CURVE('',#6153,#7069,#7073,.T.);
#7075=ORIENTED_EDGE('',*,*,#7074,.F.);
#7076=ORIENTED_EDGE('',*,*,#6165,.F.);
#7077=CARTESIAN_POINT('',(64.500000000000000,-19.798989873223377,-7.0));
#7078=VERTEX_POINT('',#7077);
#7079=CARTESIAN_POINT('',(64.500000000000000,-19.798989873223377,-7.0));
#7080=DIRECTION('',(0.0,1.0,0.0));
#7081=VECTOR('',#7080,1.063995878028209);
#7082=LINE('',#7079,#7081);
#7083=EDGE_CURVE('',#7078,#6144,#7082,.T.);
#7084=ORIENTED_EDGE('',*,*,#7083,.F.);
#7085=CARTESIAN_POINT('',(65.085786437626908,-19.240608361659891,-8.414213562373099));
#7086=CARTESIAN_POINT('',(65.000846648933106,-19.277753835887026,-8.329273773679304));
#7087=CARTESIAN_POINT('',(64.921690037057829,-19.318466724702269,-8.234629982157845));
#7088=CARTESIAN_POINT('',(64.775361875973829,-19.407939947201498,-8.021615389928593));
#7089=CARTESIAN_POINT('',(64.709767290320656,-19.457080484084372,-7.901904181830752));
#7090=CARTESIAN_POINT('',(64.604467354263079,-19.556646646688705,-7.652165876053891));
#7091=CARTESIAN_POINT('',(64.564694123892309,-19.607130727488084,-7.521969994862965));
#7092=CARTESIAN_POINT('',(64.512451446938485,-19.705696098770886,-7.259831212316494));
#7093=CARTESIAN_POINT('',(64.500000000000000,-19.753775982442562,-7.127884195099885));
#7094=CARTESIAN_POINT('',(64.500000000000000,-19.798989873223377,-7.0));
#7095=B_SPLINE_CURVE_WITH_KNOTS('',3,(#7085,#7086,#7087,#7088,#7089,#7090,#7091,#7092,#7093,#7094),.UNSPECIFIED.,.F.,.U.,(4,2,2,2,4),(7.756068186865440,8.131357422645770,8.538282439673393,8.945207456701017,9.352132473728638),.UNSPECIFIED.);
#7096=EDGE_CURVE('',#7069,#7078,#7095,.T.);
#7097=ORIENTED_EDGE('',*,*,#7096,.F.);
#7098=EDGE_LOOP('',(#7075,#7076,#7084,#7097));
#7099=FACE_OUTER_BOUND('',#7098,.T.);
#7100=ADVANCED_FACE('',(#7099),#7067,.F.);
#7101=CARTESIAN_POINT('',(70.0,-16.519710424284312,-7.0));
#7102=DIRECTION('',(0.0,1.0,0.0));
#7103=DIRECTION('',(0.707106781186548,0.0,-0.707106781186548));
#7104=AXIS2_PLACEMENT_3D('',#7101,#7102,#7103);
#7105=CYLINDRICAL_SURFACE('',#7104,2.000000000000000);
#7106=CARTESIAN_POINT('',(71.414213562373092,-19.240608361659898,-8.414213562373089));
#7107=VERTEX_POINT('',#7106);
#7108=CARTESIAN_POINT('',(71.414213562373092,-18.143897324631677,-8.414213562373101));
#7109=DIRECTION('',(0.0,-1.0,0.0));
#7110=VECTOR('',#7109,1.096711037028221);
#7111=LINE('',#7108,#7110);
#7112=EDGE_CURVE('',#6193,#7107,#7111,.T.);
#7113=ORIENTED_EDGE('',*,*,#7112,.F.);
#7114=ORIENTED_EDGE('',*,*,#6207,.F.);
#7115=CARTESIAN_POINT('',(70.0,-18.973665961010283,-9.0));
#7116=VERTEX_POINT('',#7115);
#7117=CARTESIAN_POINT('',(70.0,-18.973665961010283,-9.0));
#7118=DIRECTION('',(0.0,1.0,0.0));
#7119=VECTOR('',#7118,1.113094861518562);
#7120=LINE('',#7117,#7119);
#7121=EDGE_CURVE('',#7116,#6185,#7120,.T.);
#7122=ORIENTED_EDGE('',*,*,#7121,.F.);
#7123=CARTESIAN_POINT('',(71.414213562373092,-19.240608361659898,-8.414213562373089));
#7124=CARTESIAN_POINT('',(71.407053387451697,-19.237477107190177,-8.421373737294491));
#7125=CARTESIAN_POINT('',(71.399852807442073,-19.234370986631980,-8.428465551473218));
#7126=CARTESIAN_POINT('',(71.306439110369865,-19.194620399104224,-8.519089247339412));
#7127=CARTESIAN_POINT('',(71.208917995149136,-19.159169108127912,-8.598384356466232));
#7128=CARTESIAN_POINT('',(70.995761892336759,-19.095354787786277,-8.739187604363204));
#7129=CARTESIAN_POINT('',(70.880125601219220,-19.067005121337843,-8.800699825721683));
#7130=CARTESIAN_POINT('',(70.637867434142436,-19.020824277754400,-8.900069978602000));
#7131=CARTESIAN_POINT('',(70.511019837887829,-19.002966011454532,-8.938011306742872));
#7132=CARTESIAN_POINT('',(70.254857355249783,-18.979381524366886,-8.987983105508867));
#7133=CARTESIAN_POINT('',(70.125538839544333,-18.973665961010283,-9.0));
#7134=CARTESIAN_POINT('',(70.0,-18.973665961010283,-9.0));
#7135=B_SPLINE_CURVE_WITH_KNOTS('',3,(#7123,#7124,#7125,#7126,#7127,#7128,#7129,#7130,#7131,#7132,#7133,#7134),.UNSPECIFIED.,.F.,.U.,(4,2,2,2,2,4),(4.679864475306877,4.711500256554151,5.088116775187151,5.464733293820151,5.841349812453151,6.217966331086150),.UNSPECIFIED.);
#7136=EDGE_CURVE('',#7107,#7116,#7135,.T.);
#7137=ORIENTED_EDGE('',*,*,#7136,.F.);
#7138=EDGE_LOOP('',(#7113,#7114,#7122,#7137));
#7139=FACE_OUTER_BOUND('',#7138,.T.);
#7140=ADVANCED_FACE('',(#7139),#7105,.F.);
#7141=CARTESIAN_POINT('',(70.0,-16.519710424284312,7.0));
#7142=DIRECTION('',(0.0,1.0,0.0));
#7143=DIRECTION('',(0.707106781186548,0.0,0.707106781186548));
#7144=AXIS2_PLACEMENT_3D('',#7141,#7142,#7143);
#7145=CYLINDRICAL_SURFACE('',#7144,2.000000000000000);
#7146=CARTESIAN_POINT('',(71.414213562373092,-18.143897324631673,8.414213562373103));
#7147=VERTEX_POINT('',#7146);
#7148=CARTESIAN_POINT('',(71.414213562373092,-19.240608361659898,8.414213562373089));
#7149=VERTEX_POINT('',#7148);
#7150=CARTESIAN_POINT('',(71.414213562373092,-18.143897324631673,8.414213562373103));
#7151=DIRECTION('',(0.0,-1.0,0.0));
#7152=VECTOR('',#7151,1.096711037028225);
#7153=LINE('',#7150,#7152);
#7154=EDGE_CURVE('',#7147,#7149,#7153,.T.);
#7155=ORIENTED_EDGE('',*,*,#7154,.F.);
#7156=CARTESIAN_POINT('',(72.0,-18.734993995195168,7.0));
#7157=VERTEX_POINT('',#7156);
#7158=CARTESIAN_POINT('',(72.0,-18.734993995195168,7.0));
#7159=CARTESIAN_POINT('',(72.0,-18.687107096881277,7.128165821765475));
#7160=CARTESIAN_POINT('',(71.987494944414266,-18.636176859959619,7.260363415778034));
#7161=CARTESIAN_POINT('',(71.935057924000944,-18.531734860756274,7.522949417314845));
#7162=CARTESIAN_POINT('',(71.895144846166829,-18.478224463573611,7.653342139071453));
#7163=CARTESIAN_POINT('',(71.789472369557757,-18.372640875075149,7.903448140184795));
#7164=CARTESIAN_POINT('',(71.723646818224893,-18.320507032907472,8.023327226262268));
#7165=CARTESIAN_POINT('',(71.577384073992832,-18.225946120443112,8.235727832373163));
#7166=CARTESIAN_POINT('',(71.498698527105205,-18.183077139384068,8.329728597640990));
#7167=CARTESIAN_POINT('',(71.414213562373092,-18.143897324631673,8.414213562373103));
#7168=B_SPLINE_CURVE_WITH_KNOTS('',3,(#7158,#7159,#7160,#7161,#7162,#7163,#7164,#7165,#7166,#7167),.UNSPECIFIED.,.F.,.U.,(4,2,2,2,4),(-3.148468836528370,-2.738009708124082,-2.327550579719793,-1.917091451315503,-1.541987015137910),.UNSPECIFIED.);
#7169=EDGE_CURVE('',#7157,#7147,#7168,.T.);
#7170=ORIENTED_EDGE('',*,*,#7169,.F.);
#7171=CARTESIAN_POINT('',(72.0,-19.798989873223377,7.0));
#7172=VERTEX_POINT('',#7171);
#7173=CARTESIAN_POINT('',(72.0,-19.798989873223377,7.0));
#7174=DIRECTION('',(0.0,1.0,0.0));
#7175=VECTOR('',#7174,1.063995878028209);
#7176=LINE('',#7173,#7175);
#7177=EDGE_CURVE('',#7172,#7157,#7176,.T.);
#7178=ORIENTED_EDGE('',*,*,#7177,.F.);
#7179=CARTESIAN_POINT('',(71.414213562373092,-19.240608361659898,8.414213562373089));
#7180=CARTESIAN_POINT('',(71.499153351066894,-19.277753835887037,8.329273773679288));
#7181=CARTESIAN_POINT('',(71.578309962942171,-19.318466724702269,8.234629982157843));
#7182=CARTESIAN_POINT('',(71.724638124026171,-19.407939947201498,8.021615389928575));
#7183=CARTESIAN_POINT('',(71.790232709679344,-19.457080484084372,7.901904181830707));
#7184=CARTESIAN_POINT('',(71.895532645736864,-19.556646646688705,7.652165876053841));
#7185=CARTESIAN_POINT('',(71.935305876107691,-19.607130727488084,7.521969994862953));
#7186=CARTESIAN_POINT('',(71.987548553061515,-19.705696098770886,7.259831212316430));
#7187=CARTESIAN_POINT('',(72.0,-19.753775982442562,7.127884195099849));
#7188=CARTESIAN_POINT('',(72.0,-19.798989873223377,7.0));
#7189=B_SPLINE_CURVE_WITH_KNOTS('',3,(#7179,#7180,#7181,#7182,#7183,#7184,#7185,#7186,#7187,#7188),.UNSPECIFIED.,.F.,.U.,(4,2,2,2,4),(1.538101855779274,1.913391091559622,2.320316108587245,2.727241125614867,3.134166142642490),.UNSPECIFIED.);
#7190=EDGE_CURVE('',#7149,#7172,#7189,.T.);
#7191=ORIENTED_EDGE('',*,*,#7190,.F.);
#7192=EDGE_LOOP('',(#7155,#7170,#7178,#7191));
#7193=FACE_OUTER_BOUND('',#7192,.T.);
#7194=ADVANCED_FACE('',(#7193),#7145,.F.);
#7195=CARTESIAN_POINT('',(66.500000000000000,16.519710424284312,-6.999999999999991));
#7196=DIRECTION('',(0.0,-1.0,-5.665498E-016));
#7197=DIRECTION('',(-0.707106781186548,4.006112E-016,-0.707106781186548));
#7198=AXIS2_PLACEMENT_3D('',#7195,#7196,#7197);
#7199=CYLINDRICAL_SURFACE('',#7198,2.000000000000000);
#7200=CARTESIAN_POINT('',(65.085786437626908,19.240608361659906,-8.414213562373078));
#7201=VERTEX_POINT('',#7200);
#7202=CARTESIAN_POINT('',(65.085786437626894,18.143897324631688,-8.414213562373083));
#7203=DIRECTION('',(0.0,1.0,0.0));
#7204=VECTOR('',#7203,1.096711037028218);
#7205=LINE('',#7202,#7204);
#7206=EDGE_CURVE('',#6308,#7201,#7205,.T.);
#7207=ORIENTED_EDGE('',*,*,#7206,.F.);
#7208=ORIENTED_EDGE('',*,*,#6322,.F.);
#7209=CARTESIAN_POINT('',(66.500000000000000,18.973665961010283,-8.999999999999991));
#7210=VERTEX_POINT('',#7209);
#7211=CARTESIAN_POINT('',(66.500000000000000,18.973665961010283,-8.999999999999991));
#7212=DIRECTION('',(0.0,-1.0,0.0));
#7213=VECTOR('',#7212,1.113094861518562);
#7214=LINE('',#7211,#7213);
#7215=EDGE_CURVE('',#7210,#6300,#7214,.T.);
#7216=ORIENTED_EDGE('',*,*,#7215,.F.);
#7217=CARTESIAN_POINT('',(65.085786437626908,19.240608361659906,-8.414213562373078));
#7218=CARTESIAN_POINT('',(65.092946612548317,19.237477107190180,-8.421373737294482));
#7219=CARTESIAN_POINT('',(65.100147192557927,19.234370986631923,-8.428465551473204));
#7220=CARTESIAN_POINT('',(65.193560889630135,19.194620399104224,-8.519089247339402));
#7221=CARTESIAN_POINT('',(65.291082004850807,19.159169108127912,-8.598384356466212));
#7222=CARTESIAN_POINT('',(65.504238107663127,19.095354787786277,-8.739187604363163));
#7223=CARTESIAN_POINT('',(65.619874398780780,19.067005121337843,-8.800699825721638));
#7224=CARTESIAN_POINT('',(65.862132565857451,19.020824277754400,-8.900069978601964));
#7225=CARTESIAN_POINT('',(65.988980162112171,19.002966011454532,-8.938011306742864));
#7226=CARTESIAN_POINT('',(66.245142644750274,18.979381524366886,-8.987983105508869));
#7227=CARTESIAN_POINT('',(66.374461160455667,18.973665961010283,-8.999999999999991));
#7228=CARTESIAN_POINT('',(66.500000000000000,18.973665961010283,-8.999999999999991));
#7229=B_SPLINE_CURVE_WITH_KNOTS('',3,(#7217,#7218,#7219,#7220,#7221,#7222,#7223,#7224,#7225,#7226,#7227,#7228),.UNSPECIFIED.,.F.,.U.,(4,2,2,2,2,4),(-1.538101855779299,-1.506466074532000,-1.129849555899000,-0.753233037266000,-0.376616518633000,0.0),.UNSPECIFIED.);
#7230=EDGE_CURVE('',#7201,#7210,#7229,.T.);
#7231=ORIENTED_EDGE('',*,*,#7230,.F.);
#7232=EDGE_LOOP('',(#7207,#7208,#7216,#7231));
#7233=FACE_OUTER_BOUND('',#7232,.T.);
#7234=ADVANCED_FACE('',(#7233),#7199,.F.);
#7235=CARTESIAN_POINT('',(66.500000000000000,16.519710424284312,7.000000000000009));
#7236=DIRECTION('',(0.0,-1.0,-5.665498E-016));
#7237=DIRECTION('',(-0.707106781186548,-4.006112E-016,0.707106781186548));
#7238=AXIS2_PLACEMENT_3D('',#7235,#7236,#7237);
#7239=CYLINDRICAL_SURFACE('',#7238,2.000000000000000);
#7240=CARTESIAN_POINT('',(65.085786437626908,18.143897324631677,8.414213562373098));
#7241=VERTEX_POINT('',#7240);
#7242=CARTESIAN_POINT('',(65.085786437626908,19.240608361659891,8.414213562373108));
#7243=VERTEX_POINT('',#7242);
#7244=CARTESIAN_POINT('',(65.085786437626908,18.143897324631677,8.414213562373098));
#7245=DIRECTION('',(0.0,1.0,0.0));
#7246=VECTOR('',#7245,1.096711037028214);
#7247=LINE('',#7244,#7246);
#7248=EDGE_CURVE('',#7241,#7243,#7247,.T.);
#7249=ORIENTED_EDGE('',*,*,#7248,.F.);
#7250=CARTESIAN_POINT('',(64.500000000000000,18.734993995195168,7.000000000000010));
#7251=VERTEX_POINT('',#7250);
#7252=CARTESIAN_POINT('',(64.500000000000000,18.734993995195168,7.000000000000010));
#7253=CARTESIAN_POINT('',(64.500000000000000,18.687107096881391,7.128165821765448));
#7254=CARTESIAN_POINT('',(64.512505055585734,18.636176859959619,7.260363415778004));
#7255=CARTESIAN_POINT('',(64.564942075999056,18.531734860756274,7.522949417314814));
#7256=CARTESIAN_POINT('',(64.604855153833171,18.478224463573724,7.653342139071460));
#7257=CARTESIAN_POINT('',(64.710527630442243,18.372640875075149,7.903448140184803));
#7258=CARTESIAN_POINT('',(64.776353181775107,18.320507032907472,8.023327226262248));
#7259=CARTESIAN_POINT('',(64.922615926007168,18.225946120443112,8.235727832373142));
#7260=CARTESIAN_POINT('',(65.001301472894795,18.183077139384071,8.329728597640989));
#7261=CARTESIAN_POINT('',(65.085786437626908,18.143897324631677,8.414213562373098));
#7262=B_SPLINE_CURVE_WITH_KNOTS('',3,(#7252,#7253,#7254,#7255,#7256,#7257,#7258,#7259,#7260,#7261),.UNSPECIFIED.,.F.,.U.,(4,2,2,2,4),(3.091632536620879,3.502091665025167,3.912550793429456,4.323009921833744,4.698114358011332),.UNSPECIFIED.);
#7263=EDGE_CURVE('',#7251,#7241,#7262,.T.);
#7264=ORIENTED_EDGE('',*,*,#7263,.F.);
#7265=CARTESIAN_POINT('',(64.500000000000000,19.798989873223377,7.000000000000011));
#7266=VERTEX_POINT('',#7265);
#7267=CARTESIAN_POINT('',(64.500000000000000,19.798989873223377,7.000000000000011));
#7268=DIRECTION('',(0.0,-1.0,0.0));
#7269=VECTOR('',#7268,1.063995878028209);
#7270=LINE('',#7267,#7269);
#7271=EDGE_CURVE('',#7266,#7251,#7270,.T.);
#7272=ORIENTED_EDGE('',*,*,#7271,.F.);
#7273=CARTESIAN_POINT('',(65.085786437626908,19.240608361659891,8.414213562373108));
#7274=CARTESIAN_POINT('',(65.000846648933106,19.277753835887026,8.329273773679311));
#7275=CARTESIAN_POINT('',(64.921690037057829,19.318466724702269,8.234629982157854));
#7276=CARTESIAN_POINT('',(64.775361875973829,19.407939947201498,8.021615389928602));
#7277=CARTESIAN_POINT('',(64.709767290320656,19.457080484084372,7.901904181830760));
#7278=CARTESIAN_POINT('',(64.604467354263079,19.556646646688705,7.652165876053900));
#7279=CARTESIAN_POINT('',(64.564694123892309,19.607130727488084,7.521969994862974));
#7280=CARTESIAN_POINT('',(64.512451446938485,19.705696098770886,7.259831212316504));
#7281=CARTESIAN_POINT('',(64.500000000000000,19.753775982442562,7.127884195099860));
#7282=CARTESIAN_POINT('',(64.500000000000000,19.798989873223377,7.000000000000011));
#7283=B_SPLINE_CURVE_WITH_KNOTS('',3,(#7273,#7274,#7275,#7276,#7277,#7278,#7279,#7280,#7281,#7282),.UNSPECIFIED.,.F.,.U.,(4,2,2,2,4),(7.756068186865434,8.131357422645767,8.538282439673388,8.945207456701009,9.352132473728631),.UNSPECIFIED.);
#7284=EDGE_CURVE('',#7243,#7266,#7283,.T.);
#7285=ORIENTED_EDGE('',*,*,#7284,.F.);
#7286=EDGE_LOOP('',(#7249,#7264,#7272,#7285));
#7287=FACE_OUTER_BOUND('',#7286,.T.);
#7288=ADVANCED_FACE('',(#7287),#7239,.F.);
#7289=CARTESIAN_POINT('',(70.0,16.519710424284312,7.000000000000009));
#7290=DIRECTION('',(0.0,-1.0,-5.665498E-016));
#7291=DIRECTION('',(0.707106781186548,-4.006112E-016,0.707106781186548));
#7292=AXIS2_PLACEMENT_3D('',#7289,#7290,#7291);
#7293=CYLINDRICAL_SURFACE('',#7292,2.000000000000000);
#7294=CARTESIAN_POINT('',(71.414213562373106,18.143897324631681,8.414213562373101));
#7295=VERTEX_POINT('',#7294);
#7296=CARTESIAN_POINT('',(71.414213562373092,19.240608361659895,8.414213562373099));
#7297=VERTEX_POINT('',#7296);
#7298=CARTESIAN_POINT('',(71.414213562373106,18.143897324631681,8.414213562373101));
#7299=DIRECTION('',(0.0,1.0,0.0));
#7300=VECTOR('',#7299,1.096711037028214);
#7301=LINE('',#7298,#7300);
#7302=EDGE_CURVE('',#7295,#7297,#7301,.T.);
#7303=ORIENTED_EDGE('',*,*,#7302,.F.);
#7304=CARTESIAN_POINT('',(70.0,17.860571099491722,9.000000000000009));
#7305=VERTEX_POINT('',#7304);
#7306=CARTESIAN_POINT('',(70.0,17.860571099491722,9.000000000000009));
#7307=CARTESIAN_POINT('',(70.125552693575912,17.860571099491722,9.000000000000009));
#7308=CARTESIAN_POINT('',(70.254818497178235,17.866644763554518,8.987979970912663));
#7309=CARTESIAN_POINT('',(70.510742190679252,17.891662120019078,8.938076171478505));
#7310=CARTESIAN_POINT('',(70.637403967312025,17.910593990152847,8.900206408747028));
#7311=CARTESIAN_POINT('',(70.879186367159491,17.959482539181863,8.801138449191516));
#7312=CARTESIAN_POINT('',(70.994535893571992,17.989467678769756,8.739856822237986));
#7313=CARTESIAN_POINT('',(71.207088338107781,18.056872964928630,8.599731586904756));
#7314=CARTESIAN_POINT('',(71.304293447737791,18.094278600558710,8.520884322889254));
#7315=CARTESIAN_POINT('',(71.398236958080531,18.136544207007592,8.430055641992151));
#7316=CARTESIAN_POINT('',(71.406250606892414,18.140204512288037,8.422176517853794));
#7317=CARTESIAN_POINT('',(71.414213562373106,18.143897324631681,8.414213562373101));
#7318=B_SPLINE_CURVE_WITH_KNOTS('',3,(#7306,#7307,#7308,#7309,#7310,#7311,#7312,#7313,#7314,#7315,#7316,#7317),.UNSPECIFIED.,.F.,.U.,(4,2,2,2,2,4),(6.240101373149249,6.616759453877040,6.993417534604831,7.370075615332620,7.746733696060411,7.782088388287193),.UNSPECIFIED.);
#7319=EDGE_CURVE('',#7305,#7295,#7318,.T.);
#7320=ORIENTED_EDGE('',*,*,#7319,.F.);
#7321=CARTESIAN_POINT('',(70.0,18.973665961010283,9.000000000000009));
#7322=VERTEX_POINT('',#7321);
#7323=CARTESIAN_POINT('',(70.0,18.973665961010283,9.000000000000009));
#7324=DIRECTION('',(0.0,-1.0,0.0));
#7325=VECTOR('',#7324,1.113094861518562);
#7326=LINE('',#7323,#7325);
#7327=EDGE_CURVE('',#7322,#7305,#7326,.T.);
#7328=ORIENTED_EDGE('',*,*,#7327,.F.);
#7329=CARTESIAN_POINT('',(71.414213562373092,19.240608361659895,8.414213562373099));
#7330=CARTESIAN_POINT('',(71.407053387451683,19.237477107190170,8.421373737294511));
#7331=CARTESIAN_POINT('',(71.399852807442073,19.234370986631919,8.428465551473224));
#7332=CARTESIAN_POINT('',(71.306439110369865,19.194620399104224,8.519089247339419));
#7333=CARTESIAN_POINT('',(71.208917995149136,19.159169108127912,8.598384356466241));
#7334=CARTESIAN_POINT('',(70.995761892336759,19.095354787786277,8.739187604363213));
#7335=CARTESIAN_POINT('',(70.880125601219220,19.067005121337843,8.800699825721694));
#7336=CARTESIAN_POINT('',(70.637867434142436,19.020824277754400,8.900069978602010));
#7337=CARTESIAN_POINT('',(70.511019837887829,19.002966011454532,8.938011306742881));
#7338=CARTESIAN_POINT('',(70.254857355249783,18.979381524366886,8.987983105508876));
#7339=CARTESIAN_POINT('',(70.125538839544333,18.973665961010283,9.000000000000009));
#7340=CARTESIAN_POINT('',(70.0,18.973665961010283,9.000000000000009));
#7341=B_SPLINE_CURVE_WITH_KNOTS('',3,(#7329,#7330,#7331,#7332,#7333,#7334,#7335,#7336,#7337,#7338,#7339,#7340),.UNSPECIFIED.,.F.,.U.,(4,2,2,2,2,4),(4.679864475306859,4.711500256554148,5.088116775187148,5.464733293820148,5.841349812453148,6.217966331086147),.UNSPECIFIED.);
#7342=EDGE_CURVE('',#7297,#7322,#7341,.T.);
#7343=ORIENTED_EDGE('',*,*,#7342,.F.);
#7344=EDGE_LOOP('',(#7303,#7320,#7328,#7343));
#7345=FACE_OUTER_BOUND('',#7344,.T.);
#7346=ADVANCED_FACE('',(#7345),#7293,.F.);
#7347=CARTESIAN_POINT('',(70.0,16.519710424284312,-6.999999999999991));
#7348=DIRECTION('',(0.0,-1.0,-5.665498E-016));
#7349=DIRECTION('',(0.707106781186548,4.006112E-016,-0.707106781186548));
#7350=AXIS2_PLACEMENT_3D('',#7347,#7348,#7349);
#7351=CYLINDRICAL_SURFACE('',#7350,2.000000000000000);
#7352=CARTESIAN_POINT('',(71.414213562373106,19.240608361659902,-8.414213562373085));
#7353=VERTEX_POINT('',#7352);
#7354=CARTESIAN_POINT('',(71.414213562373078,18.143897324631681,-8.414213562373089));
#7355=DIRECTION('',(0.0,1.0,0.0));
#7356=VECTOR('',#7355,1.096711037028221);
#7357=LINE('',#7354,#7356);
#7358=EDGE_CURVE('',#6268,#7353,#7357,.T.);
#7359=ORIENTED_EDGE('',*,*,#7358,.F.);
#7360=ORIENTED_EDGE('',*,*,#6280,.F.);
#7361=CARTESIAN_POINT('',(72.0,19.798989873223377,-6.999999999999989));
#7362=VERTEX_POINT('',#7361);
#7363=CARTESIAN_POINT('',(72.0,19.798989873223377,-6.999999999999989));
#7364=DIRECTION('',(0.0,-1.0,0.0));
#7365=VECTOR('',#7364,1.063995878028209);
#7366=LINE('',#7363,#7365);
#7367=EDGE_CURVE('',#7362,#6259,#7366,.T.);
#7368=ORIENTED_EDGE('',*,*,#7367,.F.);
#7369=CARTESIAN_POINT('',(71.414213562373106,19.240608361659902,-8.414213562373085));
#7370=CARTESIAN_POINT('',(71.499153351066894,19.277753835887033,-8.329273773679301));
#7371=CARTESIAN_POINT('',(71.578309962942157,19.318466724702269,-8.234629982157836));
#7372=CARTESIAN_POINT('',(71.724638124026114,19.407939947201498,-8.021615389928606));
#7373=CARTESIAN_POINT('',(71.790232709679287,19.457080484084372,-7.901904181830735));
#7374=CARTESIAN_POINT('',(71.895532645736864,19.556646646688705,-7.652165876053875));
#7375=CARTESIAN_POINT('',(71.935305876107691,19.607130727488084,-7.521969994862976));
#7376=CARTESIAN_POINT('',(71.987548553061515,19.705696098770886,-7.259831212316499));
#7377=CARTESIAN_POINT('',(72.0,19.753775982442562,-7.127884195099874));
#7378=CARTESIAN_POINT('',(72.0,19.798989873223377,-6.999999999999989));
#7379=B_SPLINE_CURVE_WITH_KNOTS('',3,(#7369,#7370,#7371,#7372,#7373,#7374,#7375,#7376,#7377,#7378),.UNSPECIFIED.,.F.,.U.,(4,2,2,2,4),(1.538101855779291,1.913391091559622,2.320316108587246,2.727241125614869,3.134166142642492),.UNSPECIFIED.);
#7380=EDGE_CURVE('',#7353,#7362,#7379,.T.);
#7381=ORIENTED_EDGE('',*,*,#7380,.F.);
#7382=EDGE_LOOP('',(#7359,#7360,#7368,#7381));
#7383=FACE_OUTER_BOUND('',#7382,.T.);
#7384=ADVANCED_FACE('',(#7383),#7351,.F.);
#7385=CARTESIAN_POINT('',(66.500000000000000,-7.0,-16.519710424284312));
#7386=DIRECTION('',(0.0,-1.071869E-015,1.0));
#7387=DIRECTION('',(-0.707106781186548,-0.707106781186548,-7.579261E-016));
#7388=AXIS2_PLACEMENT_3D('',#7385,#7386,#7387);
#7389=CYLINDRICAL_SURFACE('',#7388,2.000000000000000);
#7390=CARTESIAN_POINT('',(65.085786437626908,-8.414213562373098,-19.240608361659891));
#7391=VERTEX_POINT('',#7390);
#7392=CARTESIAN_POINT('',(65.085786437626908,-8.414213562373092,-18.143897324631684));
#7393=DIRECTION('',(0.0,0.0,-1.0));
#7394=VECTOR('',#7393,1.096711037028207);
#7395=LINE('',#7392,#7394);
#7396=EDGE_CURVE('',#6472,#7391,#7395,.T.);
#7397=ORIENTED_EDGE('',*,*,#7396,.F.);
#7398=ORIENTED_EDGE('',*,*,#6486,.F.);
#7399=CARTESIAN_POINT('',(66.500000000000000,-9.0,-18.973665961010283));
#7400=VERTEX_POINT('',#7399);
#7401=CARTESIAN_POINT('',(66.500000000000000,-9.0,-18.973665961010283));
#7402=DIRECTION('',(0.0,0.0,1.0));
#7403=VECTOR('',#7402,1.113094861518526);
#7404=LINE('',#7401,#7403);
#7405=EDGE_CURVE('',#7400,#6464,#7404,.T.);
#7406=ORIENTED_EDGE('',*,*,#7405,.F.);
#7407=CARTESIAN_POINT('',(65.085786437626908,-8.414213562373098,-19.240608361659891));
#7408=CARTESIAN_POINT('',(65.092946612548289,-8.421373737294486,-19.237477107190173));
#7409=CARTESIAN_POINT('',(65.100147192557955,-8.428465551473181,-19.234370986632037));
#7410=CARTESIAN_POINT('',(65.193560889630135,-8.519089247339366,-19.194620399104323));
#7411=CARTESIAN_POINT('',(65.291082004850807,-8.598384356466340,-19.159169108127855));
#7412=CARTESIAN_POINT('',(65.504238107663184,-8.739187604363224,-19.095354787786228));
#7413=CARTESIAN_POINT('',(65.619874398780837,-8.800699825721722,-19.067005121337719));
#7414=CARTESIAN_POINT('',(65.862132565857564,-8.900069978602005,-19.020824277754421));
#7415=CARTESIAN_POINT('',(65.988980162112284,-8.938011306742851,-19.002966011454586));
#7416=CARTESIAN_POINT('',(66.245142644750331,-8.987983105508761,-18.979381524366875));
#7417=CARTESIAN_POINT('',(66.374461160455667,-9.0,-18.973665961010283));
#7418=CARTESIAN_POINT('',(66.500000000000000,-9.0,-18.973665961010283));
#7419=B_SPLINE_CURVE_WITH_KNOTS('',3,(#7407,#7408,#7409,#7410,#7411,#7412,#7413,#7414,#7415,#7416,#7417,#7418),.UNSPECIFIED.,.F.,.U.,(4,2,2,2,2,4),(-1.538101855779237,-1.506466074532026,-1.129849555899019,-0.753233037266012,-0.376616518633005,0.0),.UNSPECIFIED.);
#7420=EDGE_CURVE('',#7391,#7400,#7419,.T.);
#7421=ORIENTED_EDGE('',*,*,#7420,.F.);
#7422=EDGE_LOOP('',(#7397,#7398,#7406,#7421));
#7423=FACE_OUTER_BOUND('',#7422,.T.);
#7424=ADVANCED_FACE('',(#7423),#7389,.F.);
#7425=CARTESIAN_POINT('',(66.500000000000000,7.0,-16.519710424284312));
#7426=DIRECTION('',(0.0,-1.071869E-015,1.0));
#7427=DIRECTION('',(-0.707106781186548,0.707106781186548,7.579261E-016));
#7428=AXIS2_PLACEMENT_3D('',#7425,#7426,#7427);
#7429=CYLINDRICAL_SURFACE('',#7428,2.000000000000000);
#7430=CARTESIAN_POINT('',(65.085786437626922,8.414213562373096,-19.240608361659891));
#7431=VERTEX_POINT('',#7430);
#7432=CARTESIAN_POINT('',(65.085786437626908,8.414213562373101,-18.143897324631677));
#7433=DIRECTION('',(0.0,0.0,-1.0));
#7434=VECTOR('',#7433,1.096711037028214);
#7435=LINE('',#7432,#7434);
#7436=EDGE_CURVE('',#6351,#7431,#7435,.T.);
#7437=ORIENTED_EDGE('',*,*,#7436,.F.);
#7438=ORIENTED_EDGE('',*,*,#6363,.F.);
#7439=CARTESIAN_POINT('',(64.500000000000000,7.0,-19.798989873223327));
#7440=VERTEX_POINT('',#7439);
#7441=CARTESIAN_POINT('',(64.500000000000000,7.0,-19.798989873223327));
#7442=DIRECTION('',(0.0,0.0,1.0));
#7443=VECTOR('',#7442,1.063995878028138);
#7444=LINE('',#7441,#7443);
#7445=EDGE_CURVE('',#7440,#6349,#7444,.T.);
#7446=ORIENTED_EDGE('',*,*,#7445,.F.);
#7447=CARTESIAN_POINT('',(65.085786437626922,8.414213562373096,-19.240608361659891));
#7448=CARTESIAN_POINT('',(65.000846648933106,8.329273773679278,-19.277753835887037));
#7449=CARTESIAN_POINT('',(64.921690037057743,8.234629982157840,-19.318466724702382));
#7450=CARTESIAN_POINT('',(64.775361875973829,8.021615389928570,-19.407939947201630));
#7451=CARTESIAN_POINT('',(64.709767290320599,7.901904181830673,-19.457080484084400));
#7452=CARTESIAN_POINT('',(64.604467354263079,7.652165876053914,-19.556646646688669));
#7453=CARTESIAN_POINT('',(64.564694123892309,7.521969994863071,-19.607130727488066));
#7454=CARTESIAN_POINT('',(64.512451446938485,7.259831212316499,-19.705696098770847));
#7455=CARTESIAN_POINT('',(64.500000000000000,7.127884195099796,-19.753775982442502));
#7456=CARTESIAN_POINT('',(64.500000000000000,7.0,-19.798989873223327));
#7457=B_SPLINE_CURVE_WITH_KNOTS('',3,(#7447,#7448,#7449,#7450,#7451,#7452,#7453,#7454,#7455,#7456),.UNSPECIFIED.,.F.,.U.,(4,2,2,2,4),(7.756068186865378,8.131357422645779,8.538282439673385,8.945207456700992,9.352132473728597),.UNSPECIFIED.);
#7458=EDGE_CURVE('',#7431,#7440,#7457,.T.);
#7459=ORIENTED_EDGE('',*,*,#7458,.F.);
#7460=EDGE_LOOP('',(#7437,#7438,#7446,#7459));
#7461=FACE_OUTER_BOUND('',#7460,.T.);
#7462=ADVANCED_FACE('',(#7461),#7429,.F.);
#7463=CARTESIAN_POINT('',(70.0,7.0,-16.519710424284312));
#7464=DIRECTION('',(0.0,-1.071869E-015,1.0));
#7465=DIRECTION('',(0.707106781186548,0.707106781186548,7.579261E-016));
#7466=AXIS2_PLACEMENT_3D('',#7463,#7464,#7465);
#7467=CYLINDRICAL_SURFACE('',#7466,2.000000000000000);
#7468=CARTESIAN_POINT('',(71.414213562373092,8.414213562373099,-19.240608361659895));
#7469=VERTEX_POINT('',#7468);
#7470=CARTESIAN_POINT('',(71.414213562373092,8.414213562373099,-18.143897324631677));
#7471=DIRECTION('',(0.0,0.0,-1.0));
#7472=VECTOR('',#7471,1.096711037028218);
#7473=LINE('',#7470,#7472);
#7474=EDGE_CURVE('',#6391,#7469,#7473,.T.);
#7475=ORIENTED_EDGE('',*,*,#7474,.F.);
#7476=ORIENTED_EDGE('',*,*,#6405,.F.);
#7477=CARTESIAN_POINT('',(70.0,9.0,-18.973665961010269));
#7478=VERTEX_POINT('',#7477);
#7479=CARTESIAN_POINT('',(70.0,9.0,-18.973665961010269));
#7480=DIRECTION('',(0.0,0.0,1.0));
#7481=VECTOR('',#7480,1.113094861518519);
#7482=LINE('',#7479,#7481);
#7483=EDGE_CURVE('',#7478,#6383,#7482,.T.);
#7484=ORIENTED_EDGE('',*,*,#7483,.F.);
#7485=CARTESIAN_POINT('',(71.414213562373092,8.414213562373099,-19.240608361659895));
#7486=CARTESIAN_POINT('',(71.407053387451683,8.421373737294502,-19.237477107190173));
#7487=CARTESIAN_POINT('',(71.399852807442045,8.428465551473224,-19.234370986632026));
#7488=CARTESIAN_POINT('',(71.306439110369865,8.519089247339480,-19.194620399104309));
#7489=CARTESIAN_POINT('',(71.208917995149250,8.598384356466340,-19.159169108127848));
#7490=CARTESIAN_POINT('',(70.995761892336986,8.739187604363224,-19.095354787786242));
#7491=CARTESIAN_POINT('',(70.880125601219333,8.800699825721722,-19.067005121337722));
#7492=CARTESIAN_POINT('',(70.637867434142549,8.900069978602005,-19.020824277754418));
#7493=CARTESIAN_POINT('',(70.511019837887829,8.938011306742851,-19.002966011454589));
#7494=CARTESIAN_POINT('',(70.254857355249726,8.987983105508761,-18.979381524366868));
#7495=CARTESIAN_POINT('',(70.125538839544333,9.0,-18.973665961010269));
#7496=CARTESIAN_POINT('',(70.0,9.0,-18.973665961010269));
#7497=B_SPLINE_CURVE_WITH_KNOTS('',3,(#7485,#7486,#7487,#7488,#7489,#7490,#7491,#7492,#7493,#7494,#7495,#7496),.UNSPECIFIED.,.F.,.U.,(4,2,2,2,2,4),(4.679864475306850,4.711500256554120,5.088116775187126,5.464733293820133,5.841349812453140,6.217966331086147),.UNSPECIFIED.);
#7498=EDGE_CURVE('',#7469,#7478,#7497,.T.);
#7499=ORIENTED_EDGE('',*,*,#7498,.F.);
#7500=EDGE_LOOP('',(#7475,#7476,#7484,#7499));
#7501=FACE_OUTER_BOUND('',#7500,.T.);
#7502=ADVANCED_FACE('',(#7501),#7467,.F.);
#7503=CARTESIAN_POINT('',(70.0,-7.0,-16.519710424284312));
#7504=DIRECTION('',(0.0,-1.071869E-015,1.0));
#7505=DIRECTION('',(0.707106781186548,-0.707106781186548,-7.579261E-016));
#7506=AXIS2_PLACEMENT_3D('',#7503,#7504,#7505);
#7507=CYLINDRICAL_SURFACE('',#7506,2.000000000000000);
#7508=CARTESIAN_POINT('',(71.414213562373092,-8.414213562373091,-19.240608361659895));
#7509=VERTEX_POINT('',#7508);
#7510=CARTESIAN_POINT('',(71.414213562373092,-8.414213562373092,-18.143897324631684));
#7511=DIRECTION('',(0.0,0.0,-1.0));
#7512=VECTOR('',#7511,1.096711037028211);
#7513=LINE('',#7510,#7512);
#7514=EDGE_CURVE('',#6432,#7509,#7513,.T.);
#7515=ORIENTED_EDGE('',*,*,#7514,.F.);
#7516=ORIENTED_EDGE('',*,*,#6444,.F.);
#7517=CARTESIAN_POINT('',(72.0,-7.0,-19.798989873223334));
#7518=VERTEX_POINT('',#7517);
#7519=CARTESIAN_POINT('',(72.0,-7.0,-19.798989873223334));
#7520=DIRECTION('',(0.0,0.0,1.0));
#7521=VECTOR('',#7520,1.063995878028134);
#7522=LINE('',#7519,#7521);
#7523=EDGE_CURVE('',#7518,#6423,#7522,.T.);
#7524=ORIENTED_EDGE('',*,*,#7523,.F.);
#7525=CARTESIAN_POINT('',(71.414213562373092,-8.414213562373091,-19.240608361659895));
#7526=CARTESIAN_POINT('',(71.499153351066909,-8.329273773679278,-19.277753835887037));
#7527=CARTESIAN_POINT('',(71.578309962942271,-8.234629982157840,-19.318466724702386));
#7528=CARTESIAN_POINT('',(71.724638124026171,-8.021615389928570,-19.407939947201626));
#7529=CARTESIAN_POINT('',(71.790232709679344,-7.901904181830673,-19.457080484084397));
#7530=CARTESIAN_POINT('',(71.895532645736921,-7.652165876053914,-19.556646646688669));
#7531=CARTESIAN_POINT('',(71.935305876107634,-7.521969994863184,-19.607130727488027));
#7532=CARTESIAN_POINT('',(71.987548553061458,-7.259831212316612,-19.705696098770808));
#7533=CARTESIAN_POINT('',(72.0,-7.127884195099796,-19.753775982442509));
#7534=CARTESIAN_POINT('',(72.0,-7.0,-19.798989873223334));
#7535=B_SPLINE_CURVE_WITH_KNOTS('',3,(#7525,#7526,#7527,#7528,#7529,#7530,#7531,#7532,#7533,#7534),.UNSPECIFIED.,.F.,.U.,(4,2,2,2,4),(1.538101855779237,1.913391091559631,2.320316108587236,2.727241125614841,3.134166142642446),.UNSPECIFIED.);
#7536=EDGE_CURVE('',#7509,#7518,#7535,.T.);
#7537=ORIENTED_EDGE('',*,*,#7536,.F.);
#7538=EDGE_LOOP('',(#7515,#7516,#7524,#7537));
#7539=FACE_OUTER_BOUND('',#7538,.T.);
#7540=ADVANCED_FACE('',(#7539),#7507,.F.);
#7541=CARTESIAN_POINT('',(55.250000000000000,0.0,0.0));
#7542=DIRECTION('',(1.0,0.0,0.0));
#7543=DIRECTION('',(0.0,1.0,0.0));
#7544=AXIS2_PLACEMENT_3D('',#7541,#7542,#7543);
#7545=CYLINDRICAL_SURFACE('',#7544,21.0);
#7546=CARTESIAN_POINT('',(64.500000000000000,21.0,-2.571673E-015));
#7547=VERTEX_POINT('',#7546);
#7548=CARTESIAN_POINT('',(23.499999999999943,21.0,0.0));
#7549=DIRECTION('',(1.0,0.0,0.0));
#7550=VECTOR('',#7549,41.000000000000057);
#7551=LINE('',#7548,#7550);
#7552=EDGE_CURVE('',#6557,#7547,#7551,.T.);
#7553=ORIENTED_EDGE('',*,*,#7552,.F.);
#7554=ORIENTED_EDGE('',*,*,#6563,.T.);
#7555=CARTESIAN_POINT('',(23.499999999999943,-21.0,2.571673E-015));
#7556=VERTEX_POINT('',#7555);
#7557=CARTESIAN_POINT('',(23.499999999999943,0.0,0.0));
#7558=DIRECTION('',(1.0,0.0,0.0));
#7559=DIRECTION('',(0.0,1.0,0.0));
#7560=AXIS2_PLACEMENT_3D('',#7557,#7558,#7559);
#7561=CIRCLE('',#7560,21.0);
#7562=EDGE_CURVE('',#6548,#7556,#7561,.T.);
#7563=ORIENTED_EDGE('',*,*,#7562,.T.);
#7564=CARTESIAN_POINT('',(64.500000000000000,-21.0,2.571673E-015));
#7565=VERTEX_POINT('',#7564);
#7566=CARTESIAN_POINT('',(64.500000000000000,-21.0,2.571673E-015));
#7567=DIRECTION('',(-1.0,0.0,0.0));
#7568=VECTOR('',#7567,41.000000000000057);
#7569=LINE('',#7566,#7568);
#7570=EDGE_CURVE('',#7565,#7556,#7569,.T.);
#7571=ORIENTED_EDGE('',*,*,#7570,.F.);
#7572=CARTESIAN_POINT('',(64.500000000000000,-19.798989873223377,7.0));
#7573=VERTEX_POINT('',#7572);
#7574=CARTESIAN_POINT('',(64.500000000000000,0.0,0.0));
#7575=DIRECTION('',(-1.0,0.0,0.0));
#7576=DIRECTION('',(0.0,1.0,0.0));
#7577=AXIS2_PLACEMENT_3D('',#7574,#7575,#7576);
#7578=CIRCLE('',#7577,21.0);
#7579=EDGE_CURVE('',#7565,#7573,#7578,.T.);
#7580=ORIENTED_EDGE('',*,*,#7579,.T.);
#7581=CARTESIAN_POINT('',(64.500000000000000,-19.798989873223377,7.0));
#7582=CARTESIAN_POINT('',(64.500000000000000,-19.753775982442562,7.127884195099886));
#7583=CARTESIAN_POINT('',(64.512451446938485,-19.705696098770886,7.259831212316493));
#7584=CARTESIAN_POINT('',(64.564694123892309,-19.607130727488084,7.521969994862964));
#7585=CARTESIAN_POINT('',(64.604467354263079,-19.556646646688705,7.652165876053889));
#7586=CARTESIAN_POINT('',(64.709767290320656,-19.457080484084372,7.901904181830751));
#7587=CARTESIAN_POINT('',(64.775361875973829,-19.407939947201498,8.021615389928593));
#7588=CARTESIAN_POINT('',(64.921690037057843,-19.318466724702269,8.234629982157847));
#7589=CARTESIAN_POINT('',(65.000846648933106,-19.277753835887030,8.329273773679299));
#7590=CARTESIAN_POINT('',(65.085786437626908,-19.240608361659895,8.414213562373096));
#7591=B_SPLINE_CURVE_WITH_KNOTS('',3,(#7581,#7582,#7583,#7584,#7585,#7586,#7587,#7588,#7589,#7590),.UNSPECIFIED.,.F.,.U.,(4,2,2,2,4),(-3.134166142642490,-2.727241125614867,-2.320316108587246,-1.913391091559623,-1.538101855779290),.UNSPECIFIED.);
#7592=EDGE_CURVE('',#7573,#7013,#7591,.T.);
#7593=ORIENTED_EDGE('',*,*,#7592,.T.);
#7594=ORIENTED_EDGE('',*,*,#7058,.T.);
#7595=CARTESIAN_POINT('',(70.0,-18.973665961010283,9.0));
#7596=VERTEX_POINT('',#7595);
#7597=CARTESIAN_POINT('',(66.500000000000000,-18.973665961010283,9.0));
#7598=DIRECTION('',(1.0,0.0,0.0));
#7599=VECTOR('',#7598,3.500000000000000);
#7600=LINE('',#7597,#7599);
#7601=EDGE_CURVE('',#7038,#7596,#7600,.T.);
#7602=ORIENTED_EDGE('',*,*,#7601,.T.);
#7603=CARTESIAN_POINT('',(70.0,-18.973665961010283,9.0));
#7604=CARTESIAN_POINT('',(70.125538839544333,-18.973665961010283,9.0));
#7605=CARTESIAN_POINT('',(70.254857355249726,-18.979381524366886,8.987983105508878));
#7606=CARTESIAN_POINT('',(70.511019837887829,-19.002966011454532,8.938011306742872));
#7607=CARTESIAN_POINT('',(70.637867434142549,-19.020824277754400,8.900069978601975));
#7608=CARTESIAN_POINT('',(70.880125601219220,-19.067005121337843,8.800699825721649));
#7609=CARTESIAN_POINT('',(70.995761892336816,-19.095354787786164,8.739187604363183));
#7610=CARTESIAN_POINT('',(71.208917995149136,-19.159169108127799,8.598384356466239));
#7611=CARTESIAN_POINT('',(71.306439110369865,-19.194620399104224,8.519089247339412));
#7612=CARTESIAN_POINT('',(71.399852807442073,-19.234370986631980,8.428465551473218));
#7613=CARTESIAN_POINT('',(71.407053387451683,-19.237477107190177,8.421373737294491));
#7614=CARTESIAN_POINT('',(71.414213562373092,-19.240608361659898,8.414213562373089));
#7615=B_SPLINE_CURVE_WITH_KNOTS('',3,(#7603,#7604,#7605,#7606,#7607,#7608,#7609,#7610,#7611,#7612,#7613,#7614),.UNSPECIFIED.,.F.,.U.,(4,2,2,2,2,4),(0.0,0.376616518633000,0.753233037266000,1.129849555898999,1.506466074531999,1.538101855779274),.UNSPECIFIED.);
#7616=EDGE_CURVE('',#7596,#7149,#7615,.T.);
#7617=ORIENTED_EDGE('',*,*,#7616,.T.);
#7618=ORIENTED_EDGE('',*,*,#7190,.T.);
#7619=CARTESIAN_POINT('',(72.0,-21.0,2.571673E-015));
#7620=VERTEX_POINT('',#7619);
#7621=CARTESIAN_POINT('',(72.0,0.0,0.0));
#7622=DIRECTION('',(1.0,0.0,0.0));
#7623=DIRECTION('',(0.0,1.0,0.0));
#7624=AXIS2_PLACEMENT_3D('',#7621,#7622,#7623);
#7625=CIRCLE('',#7624,21.0);
#7626=EDGE_CURVE('',#7172,#7620,#7625,.T.);
#7627=ORIENTED_EDGE('',*,*,#7626,.T.);
#7628=CARTESIAN_POINT('',(87.0,-21.0,0.0));
#7629=VERTEX_POINT('',#7628);
#7630=CARTESIAN_POINT('',(87.0,-21.0,0.0));
#7631=DIRECTION('',(-1.0,0.0,0.0));
#7632=VECTOR('',#7631,15.0);
#7633=LINE('',#7630,#7632);
#7634=EDGE_CURVE('',#7629,#7620,#7633,.T.);
#7635=ORIENTED_EDGE('',*,*,#7634,.F.);
#7636=CARTESIAN_POINT('',(87.0,21.0,-2.571673E-015));
#7637=VERTEX_POINT('',#7636);
#7638=CARTESIAN_POINT('',(87.0,0.0,0.0));
#7639=DIRECTION('',(-1.0,0.0,0.0));
#7640=DIRECTION('',(0.0,1.0,0.0));
#7641=AXIS2_PLACEMENT_3D('',#7638,#7639,#7640);
#7642=CIRCLE('',#7641,21.0);
#7643=EDGE_CURVE('',#7629,#7637,#7642,.T.);
#7644=ORIENTED_EDGE('',*,*,#7643,.T.);
#7645=CARTESIAN_POINT('',(72.0,21.0,-2.571673E-015));
#7646=VERTEX_POINT('',#7645);
#7647=CARTESIAN_POINT('',(72.0,21.0,-2.571673E-015));
#7648=DIRECTION('',(1.0,0.0,0.0));
#7649=VECTOR('',#7648,15.0);
#7650=LINE('',#7647,#7649);
#7651=EDGE_CURVE('',#7646,#7637,#7650,.T.);
#7652=ORIENTED_EDGE('',*,*,#7651,.F.);
#7653=CARTESIAN_POINT('',(72.0,19.798989873223377,7.000000000000011));
#7654=VERTEX_POINT('',#7653);
#7655=CARTESIAN_POINT('',(72.0,0.0,0.0));
#7656=DIRECTION('',(1.0,0.0,0.0));
#7657=DIRECTION('',(0.0,1.0,0.0));
#7658=AXIS2_PLACEMENT_3D('',#7655,#7656,#7657);
#7659=CIRCLE('',#7658,21.0);
#7660=EDGE_CURVE('',#7646,#7654,#7659,.T.);
#7661=ORIENTED_EDGE('',*,*,#7660,.T.);
#7662=CARTESIAN_POINT('',(72.0,19.798989873223377,7.000000000000011));
#7663=CARTESIAN_POINT('',(72.0,19.753775982442562,7.127884195099895));
#7664=CARTESIAN_POINT('',(71.987548553061515,19.705696098770886,7.259831212316500));
#7665=CARTESIAN_POINT('',(71.935305876107691,19.607130727488084,7.521969994862969));
#7666=CARTESIAN_POINT('',(71.895532645736921,19.556646646688705,7.652165876053898));
#7667=CARTESIAN_POINT('',(71.790232709679344,19.457080484084372,7.901904181830759));
#7668=CARTESIAN_POINT('',(71.724638124026171,19.407939947201498,8.021615389928600));
#7669=CARTESIAN_POINT('',(71.578309962942171,19.318466724702269,8.234629982157854));
#7670=CARTESIAN_POINT('',(71.499153351066880,19.277753835887026,8.329273773679315));
#7671=CARTESIAN_POINT('',(71.414213562373092,19.240608361659895,8.414213562373099));
#7672=B_SPLINE_CURVE_WITH_KNOTS('',3,(#7662,#7663,#7664,#7665,#7666,#7667,#7668,#7669,#7670,#7671),.UNSPECIFIED.,.F.,.U.,(4,2,2,2,4),(3.083800188443659,3.490725205471281,3.897650222498903,4.304575239526526,4.679864475306859),.UNSPECIFIED.);
#7673=EDGE_CURVE('',#7654,#7297,#7672,.T.);
#7674=ORIENTED_EDGE('',*,*,#7673,.T.);
#7675=ORIENTED_EDGE('',*,*,#7342,.T.);
#7676=CARTESIAN_POINT('',(66.500000000000000,18.973665961010283,9.000000000000009));
#7677=VERTEX_POINT('',#7676);
#7678=CARTESIAN_POINT('',(70.0,18.973665961010283,9.000000000000009));
#7679=DIRECTION('',(-1.0,0.0,0.0));
#7680=VECTOR('',#7679,3.500000000000000);
#7681=LINE('',#7678,#7680);
#7682=EDGE_CURVE('',#7322,#7677,#7681,.T.);
#7683=ORIENTED_EDGE('',*,*,#7682,.T.);
#7684=CARTESIAN_POINT('',(66.500000000000000,18.973665961010283,9.000000000000009));
#7685=CARTESIAN_POINT('',(66.374461160455667,18.973665961010283,9.000000000000009));
#7686=CARTESIAN_POINT('',(66.245142644750331,18.979381524366886,8.987983105508883));
#7687=CARTESIAN_POINT('',(65.988980162112227,19.002966011454532,8.938011306742903));
#7688=CARTESIAN_POINT('',(65.862132565857451,19.020824277754514,8.900069978601959));
#7689=CARTESIAN_POINT('',(65.619874398780667,19.067005121337843,8.800699825721619));
#7690=CARTESIAN_POINT('',(65.504238107663070,19.095354787786277,8.739187604363135));
#7691=CARTESIAN_POINT('',(65.291082004850807,19.159169108127912,8.598384356466209));
#7692=CARTESIAN_POINT('',(65.193560889630135,19.194620399104224,8.519089247339419));
#7693=CARTESIAN_POINT('',(65.100147192557927,19.234370986631923,8.428465551473224));
#7694=CARTESIAN_POINT('',(65.092946612548317,19.237477107190170,8.421373737294513));
#7695=CARTESIAN_POINT('',(65.085786437626908,19.240608361659891,8.414213562373108));
#7696=B_SPLINE_CURVE_WITH_KNOTS('',3,(#7684,#7685,#7686,#7687,#7688,#7689,#7690,#7691,#7692,#7693,#7694,#7695),.UNSPECIFIED.,.F.,.U.,(4,2,2,2,2,4),(6.217966331086147,6.594582849719146,6.971199368352146,7.347815886985146,7.724432405618146,7.756068186865434),.UNSPECIFIED.);
#7697=EDGE_CURVE('',#7677,#7243,#7696,.T.);
#7698=ORIENTED_EDGE('',*,*,#7697,.T.);
#7699=ORIENTED_EDGE('',*,*,#7284,.T.);
#7700=CARTESIAN_POINT('',(64.500000000000000,0.0,0.0));
#7701=DIRECTION('',(-1.0,0.0,0.0));
#7702=DIRECTION('',(0.0,1.0,0.0));
#7703=AXIS2_PLACEMENT_3D('',#7700,#7701,#7702);
#7704=CIRCLE('',#7703,21.0);
#7705=EDGE_CURVE('',#7266,#7547,#7704,.T.);
#7706=ORIENTED_EDGE('',*,*,#7705,.T.);
#7707=EDGE_LOOP('',(#7553,#7554,#7563,#7571,#7580,#7593,#7594,#7602,#7617,#7618,#7627,#7635,#7644,#7652,#7661,#7674,#7675,#7683,#7698,#7699,#7706));
#7708=FACE_OUTER_BOUND('',#7707,.T.);
#7709=CARTESIAN_POINT('',(66.500000000000000,-9.0,18.973665961010276));
#7710=VERTEX_POINT('',#7709);
#7711=CARTESIAN_POINT('',(66.500000000000000,-9.0,18.973665961010276));
#7712=CARTESIAN_POINT('',(66.374461160455667,-9.0,18.973665961010276));
#7713=CARTESIAN_POINT('',(66.245142644750445,-8.987983105508988,18.979381524366829));
#7714=CARTESIAN_POINT('',(65.988980162112341,-8.938011306743078,19.002966011454539));
#7715=CARTESIAN_POINT('',(65.862132565857451,-8.900069978602005,19.020824277754418));
#7716=CARTESIAN_POINT('',(65.619874398780780,-8.800699825721722,19.067005121337722));
#7717=CARTESIAN_POINT('',(65.504238107663127,-8.739187604363224,19.095354787786242));
#7718=CARTESIAN_POINT('',(65.291082004850807,-8.598384356466340,19.159169108127859));
#7719=CARTESIAN_POINT('',(65.193560889630191,-8.519089247339366,19.194620399104316));
#7720=CARTESIAN_POINT('',(65.100147192557955,-8.428465551473179,19.234370986632030));
#7721=CARTESIAN_POINT('',(65.092946612548303,-8.421373737294491,19.237477107190173));
#7722=CARTESIAN_POINT('',(65.085786437626908,-8.414213562373096,19.240608361659895));
#7723=B_SPLINE_CURVE_WITH_KNOTS('',3,(#7711,#7712,#7713,#7714,#7715,#7716,#7717,#7718,#7719,#7720,#7721,#7722),.UNSPECIFIED.,.F.,.U.,(4,2,2,2,2,4),(6.217966331086146,6.594582849719153,6.971199368352159,7.347815886985165,7.724432405618172,7.756068186865397),.UNSPECIFIED.);
#7724=EDGE_CURVE('',#7710,#6847,#7723,.T.);
#7725=ORIENTED_EDGE('',*,*,#7724,.T.);
#7726=ORIENTED_EDGE('',*,*,#6888,.T.);
#7727=CARTESIAN_POINT('',(64.500000000000000,7.0,19.798989873223334));
#7728=VERTEX_POINT('',#7727);
#7729=CARTESIAN_POINT('',(64.500000000000000,0.0,0.0));
#7730=DIRECTION('',(-1.0,0.0,0.0));
#7731=DIRECTION('',(0.0,1.0,0.0));
#7732=AXIS2_PLACEMENT_3D('',#7729,#7730,#7731);
#7733=CIRCLE('',#7732,21.0);
#7734=EDGE_CURVE('',#6870,#7728,#7733,.T.);
#7735=ORIENTED_EDGE('',*,*,#7734,.T.);
#7736=CARTESIAN_POINT('',(64.500000000000000,7.0,19.798989873223334));
#7737=CARTESIAN_POINT('',(64.500000000000000,7.127884195099796,19.753775982442509));
#7738=CARTESIAN_POINT('',(64.512451446938485,7.259831212316499,19.705696098770847));
#7739=CARTESIAN_POINT('',(64.564694123892309,7.521969994863071,19.607130727488066));
#7740=CARTESIAN_POINT('',(64.604467354263079,7.652165876053914,19.556646646688669));
#7741=CARTESIAN_POINT('',(64.709767290320656,7.901904181830673,19.457080484084393));
#7742=CARTESIAN_POINT('',(64.775361875973829,8.021615389928570,19.407939947201626));
#7743=CARTESIAN_POINT('',(64.921690037057729,8.234629982157838,19.318466724702390));
#7744=CARTESIAN_POINT('',(65.000846648933091,8.329273773679288,19.277753835887033));
#7745=CARTESIAN_POINT('',(65.085786437626908,8.414213562373099,19.240608361659891));
#7746=B_SPLINE_CURVE_WITH_KNOTS('',3,(#7736,#7737,#7738,#7739,#7740,#7741,#7742,#7743,#7744,#7745),.UNSPECIFIED.,.F.,.U.,(4,2,2,2,4),(-3.134166142642449,-2.727241125614844,-2.320316108587239,-1.913391091559632,-1.538101855779245),.UNSPECIFIED.);
#7747=EDGE_CURVE('',#7728,#6789,#7746,.T.);
#7748=ORIENTED_EDGE('',*,*,#7747,.T.);
#7749=ORIENTED_EDGE('',*,*,#6834,.T.);
#7750=CARTESIAN_POINT('',(70.0,9.0,18.973665961010276));
#7751=VERTEX_POINT('',#7750);
#7752=CARTESIAN_POINT('',(66.500000000000000,9.0,18.973665961010276));
#7753=DIRECTION('',(1.0,0.0,0.0));
#7754=VECTOR('',#7753,3.500000000000000);
#7755=LINE('',#7752,#7754);
#7756=EDGE_CURVE('',#6814,#7751,#7755,.T.);
#7757=ORIENTED_EDGE('',*,*,#7756,.T.);
#7758=CARTESIAN_POINT('',(70.0,9.0,18.973665961010276));
#7759=CARTESIAN_POINT('',(70.125538839544333,9.0,18.973665961010276));
#7760=CARTESIAN_POINT('',(70.254857355249612,8.987983105508761,18.979381524366868));
#7761=CARTESIAN_POINT('',(70.511019837887716,8.938011306742851,19.002966011454586));
#7762=CARTESIAN_POINT('',(70.637867434142549,8.900069978602005,19.020824277754418));
#7763=CARTESIAN_POINT('',(70.880125601219277,8.800699825721722,19.067005121337722));
#7764=CARTESIAN_POINT('',(70.995761892336986,8.739187604363224,19.095354787786242));
#7765=CARTESIAN_POINT('',(71.208917995149250,8.598384356466340,19.159169108127848));
#7766=CARTESIAN_POINT('',(71.306439110369865,8.519089247339366,19.194620399104316));
#7767=CARTESIAN_POINT('',(71.399852807442073,8.428465551473177,19.234370986632030));
#7768=CARTESIAN_POINT('',(71.407053387451711,8.421373737294484,19.237477107190180));
#7769=CARTESIAN_POINT('',(71.414213562373106,8.414213562373087,19.240608361659902));
#7770=B_SPLINE_CURVE_WITH_KNOTS('',3,(#7758,#7759,#7760,#7761,#7762,#7763,#7764,#7765,#7766,#7767,#7768,#7769),.UNSPECIFIED.,.F.,.U.,(4,2,2,2,2,4),(0.0,0.376616518633007,0.753233037266013,1.129849555899020,1.506466074532026,1.538101855779257),.UNSPECIFIED.);
#7771=EDGE_CURVE('',#7751,#6959,#7770,.T.);
#7772=ORIENTED_EDGE('',*,*,#7771,.T.);
#7773=ORIENTED_EDGE('',*,*,#7000,.T.);
#7774=CARTESIAN_POINT('',(72.0,-7.0,19.798989873223327));
#7775=VERTEX_POINT('',#7774);
#7776=CARTESIAN_POINT('',(72.0,0.0,0.0));
#7777=DIRECTION('',(1.0,0.0,0.0));
#7778=DIRECTION('',(0.0,1.0,0.0));
#7779=AXIS2_PLACEMENT_3D('',#7776,#7777,#7778);
#7780=CIRCLE('',#7779,21.0);
#7781=EDGE_CURVE('',#6982,#7775,#7780,.T.);
#7782=ORIENTED_EDGE('',*,*,#7781,.T.);
#7783=CARTESIAN_POINT('',(72.0,-7.0,19.798989873223327));
#7784=CARTESIAN_POINT('',(72.0,-7.127884195099909,19.753775982442466));
#7785=CARTESIAN_POINT('',(71.987548553061458,-7.259831212316612,19.705696098770812));
#7786=CARTESIAN_POINT('',(71.935305876107634,-7.521969994863071,19.607130727488070));
#7787=CARTESIAN_POINT('',(71.895532645736864,-7.652165876053914,19.556646646688673));
#7788=CARTESIAN_POINT('',(71.790232709679344,-7.901904181830673,19.457080484084400));
#7789=CARTESIAN_POINT('',(71.724638124026171,-8.021615389928570,19.407939947201630));
#7790=CARTESIAN_POINT('',(71.578309962942271,-8.234629982157838,19.318466724702386));
#7791=CARTESIAN_POINT('',(71.499153351066909,-8.329273773679288,19.277753835887033));
#7792=CARTESIAN_POINT('',(71.414213562373092,-8.414213562373099,19.240608361659891));
#7793=B_SPLINE_CURVE_WITH_KNOTS('',3,(#7783,#7784,#7785,#7786,#7787,#7788,#7789,#7790,#7791,#7792),.UNSPECIFIED.,.F.,.U.,(4,2,2,2,4),(3.083800188443699,3.490725205471303,3.897650222498909,4.304575239526514,4.679864475306903),.UNSPECIFIED.);
#7794=EDGE_CURVE('',#7775,#6901,#7793,.T.);
#7795=ORIENTED_EDGE('',*,*,#7794,.T.);
#7796=ORIENTED_EDGE('',*,*,#6946,.T.);
#7797=CARTESIAN_POINT('',(70.0,-9.0,18.973665961010276));
#7798=DIRECTION('',(-1.0,0.0,0.0));
#7799=VECTOR('',#7798,3.500000000000000);
#7800=LINE('',#7797,#7799);
#7801=EDGE_CURVE('',#6926,#7710,#7800,.T.);
#7802=ORIENTED_EDGE('',*,*,#7801,.T.);
#7803=EDGE_LOOP('',(#7725,#7726,#7735,#7748,#7749,#7757,#7772,#7773,#7782,#7795,#7796,#7802));
#7804=FACE_BOUND('',#7803,.T.);
#7805=ADVANCED_FACE('',(#7708,#7804),#7545,.T.);
#7806=CARTESIAN_POINT('',(20.749999999999943,16.500000000000000,1.136868E-013));
#7807=DIRECTION('',(-1.0,0.0,0.0));
#7808=DIRECTION('',(0.0,-1.0,0.0));
#7809=AXIS2_PLACEMENT_3D('',#7806,#7807,#7808);
#7810=CONICAL_SURFACE('',#7809,1.250000000000000,45.0);
#7811=CARTESIAN_POINT('',(21.0,15.500000000000000,1.135644E-013));
#7812=VERTEX_POINT('',#7811);
#7813=CARTESIAN_POINT('',(20.499999999999943,15.0,1.135031E-013));
#7814=VERTEX_POINT('',#7813);
#7815=CARTESIAN_POINT('',(21.0,15.500000000000000,1.135644E-013));
#7816=DIRECTION('',(-0.707106781186588,-0.707106781186507,-8.659275E-017));
#7817=VECTOR('',#7816,0.707106781186588);
#7818=LINE('',#7815,#7817);
#7819=EDGE_CURVE('',#7812,#7814,#7818,.T.);
#7820=ORIENTED_EDGE('',*,*,#7819,.F.);
#7821=CARTESIAN_POINT('',(21.0,17.500000000000000,1.136868E-013));
#7822=VERTEX_POINT('',#7821);
#7823=CARTESIAN_POINT('',(21.0,16.500000000000000,1.136868E-013));
#7824=DIRECTION('',(-1.0,0.0,0.0));
#7825=DIRECTION('',(0.0,-1.0,0.0));
#7826=AXIS2_PLACEMENT_3D('',#7823,#7824,#7825);
#7827=CIRCLE('',#7826,1.0);
#7828=EDGE_CURVE('',#7822,#7812,#7827,.T.);
#7829=ORIENTED_EDGE('',*,*,#7828,.F.);
#7830=CARTESIAN_POINT('',(20.499999999999943,18.0,0.0));
#7831=DIRECTION('',(0.707106781186588,-0.707106781186507,1.607775E-013));
#7832=VECTOR('',#7831,0.707106781186588);
#7833=LINE('',#7830,#7832);
#7834=EDGE_CURVE('',#6530,#7822,#7833,.T.);
#7835=ORIENTED_EDGE('',*,*,#7834,.F.);
#7836=CARTESIAN_POINT('',(20.499999999999943,16.500000000000000,1.136868E-013));
#7837=DIRECTION('',(-1.0,0.0,0.0));
#7838=DIRECTION('',(0.0,-1.0,0.0));
#7839=AXIS2_PLACEMENT_3D('',#7836,#7837,#7838);
#7840=CIRCLE('',#7839,1.500000000000000);
#7841=EDGE_CURVE('',#6530,#7814,#7840,.T.);
#7842=ORIENTED_EDGE('',*,*,#7841,.T.);
#7843=EDGE_LOOP('',(#7820,#7829,#7835,#7842));
#7844=FACE_OUTER_BOUND('',#7843,.T.);
#7845=ADVANCED_FACE('',(#7844),#7810,.F.);
#7846=CARTESIAN_POINT('',(20.749999999999943,-16.500000000000000,1.136868E-013));
#7847=DIRECTION('',(-1.0,0.0,0.0));
#7848=DIRECTION('',(0.0,-1.0,0.0));
#7849=AXIS2_PLACEMENT_3D('',#7846,#7847,#7848);
#7850=CONICAL_SURFACE('',#7849,1.250000000000000,45.0);
#7851=CARTESIAN_POINT('',(21.0,-17.500000000000000,1.135644E-013));
#7852=VERTEX_POINT('',#7851);
#7853=CARTESIAN_POINT('',(20.499999999999943,-18.0,1.240220E-013));
#7854=VERTEX_POINT('',#7853);
#7855=CARTESIAN_POINT('',(21.0,-17.500000000000000,1.135644E-013));
#7856=DIRECTION('',(-0.707106781186588,-0.707106781186507,1.478932E-014));
#7857=VECTOR('',#7856,0.707106781186588);
#7858=LINE('',#7855,#7857);
#7859=EDGE_CURVE('',#7852,#7854,#7858,.T.);
#7860=ORIENTED_EDGE('',*,*,#7859,.F.);
#7861=CARTESIAN_POINT('',(21.0,-15.500000000000000,1.136868E-013));
#7862=VERTEX_POINT('',#7861);
#7863=CARTESIAN_POINT('',(21.0,-16.500000000000000,1.136868E-013));
#7864=DIRECTION('',(-1.0,0.0,0.0));
#7865=DIRECTION('',(0.0,-1.0,0.0));
#7866=AXIS2_PLACEMENT_3D('',#7863,#7864,#7865);
#7867=CIRCLE('',#7866,1.0);
#7868=EDGE_CURVE('',#7862,#7852,#7867,.T.);
#7869=ORIENTED_EDGE('',*,*,#7868,.F.);
#7870=CARTESIAN_POINT('',(20.499999999999943,-15.0,1.136868E-013));
#7871=VERTEX_POINT('',#7870);
#7872=CARTESIAN_POINT('',(20.499999999999943,-15.0,1.136868E-013));
#7873=DIRECTION('',(0.707106781186588,-0.707106781186507,0.0));
#7874=VECTOR('',#7873,0.707106781186588);
#7875=LINE('',#7872,#7874);
#7876=EDGE_CURVE('',#7871,#7862,#7875,.T.);
#7877=ORIENTED_EDGE('',*,*,#7876,.F.);
#7878=CARTESIAN_POINT('',(20.499999999999943,-16.500000000000000,1.136868E-013));
#7879=DIRECTION('',(-1.0,0.0,0.0));
#7880=DIRECTION('',(0.0,-1.0,0.0));
#7881=AXIS2_PLACEMENT_3D('',#7878,#7879,#7880);
#7882=CIRCLE('',#7881,1.500000000000000);
#7883=EDGE_CURVE('',#7871,#7854,#7882,.T.);
#7884=ORIENTED_EDGE('',*,*,#7883,.T.);
#7885=EDGE_LOOP('',(#7860,#7869,#7877,#7884));
#7886=FACE_OUTER_BOUND('',#7885,.T.);
#7887=ADVANCED_FACE('',(#7886),#7850,.F.);
#7888=CARTESIAN_POINT('',(22.0,11.778923736213528,6.595980261982640));
#7889=DIRECTION('',(-1.0,0.0,0.0));
#7890=DIRECTION('',(0.0,-0.306957799660074,-0.951723126349174));
#7891=AXIS2_PLACEMENT_3D('',#7888,#7889,#7890);
#7892=CYLINDRICAL_SURFACE('',#7891,1.000000000000000);
#7893=CARTESIAN_POINT('',(21.499999999999943,11.471965936553454,5.644257135633466));
#7894=VERTEX_POINT('',#7893);
#7895=CARTESIAN_POINT('',(20.499999999999943,11.471965936553454,5.644257135633466));
#7896=VERTEX_POINT('',#7895);
#7897=CARTESIAN_POINT('',(21.499999999999943,11.471965936553454,5.644257135633466));
#7898=DIRECTION('',(-1.0,0.0,0.0));
#7899=VECTOR('',#7898,1.0);
#7900=LINE('',#7897,#7899);
#7901=EDGE_CURVE('',#7894,#7896,#7900,.T.);
#7902=ORIENTED_EDGE('',*,*,#7901,.F.);
#7903=CARTESIAN_POINT('',(21.499999999999943,12.201541997954223,5.689672474945979));
#7904=VERTEX_POINT('',#7903);
#7905=CARTESIAN_POINT('',(21.499999999999943,11.778923736213528,6.595980261982640));
#7906=DIRECTION('',(1.0,0.0,0.0));
#7907=DIRECTION('',(0.0,-0.306957799660074,-0.951723126349174));
#7908=AXIS2_PLACEMENT_3D('',#7905,#7906,#7907);
#7909=CIRCLE('',#7908,1.000000000000000);
#7910=EDGE_CURVE('',#7894,#7904,#7909,.T.);
#7911=ORIENTED_EDGE('',*,*,#7910,.T.);
#7912=CARTESIAN_POINT('',(20.499999999999943,12.201541997954223,5.689672474945954));
#7913=VERTEX_POINT('',#7912);
#7914=CARTESIAN_POINT('',(21.499999999999943,12.201541997954223,5.689672474945979));
#7915=DIRECTION('',(-1.0,0.0,0.0));
#7916=VECTOR('',#7915,1.0);
#7917=LINE('',#7914,#7916);
#7918=EDGE_CURVE('',#7904,#7913,#7917,.T.);
#7919=ORIENTED_EDGE('',*,*,#7918,.T.);
#7920=CARTESIAN_POINT('',(20.499999999999943,11.778923736213528,6.595980261982640));
#7921=DIRECTION('',(-1.0,0.0,0.0));
#7922=DIRECTION('',(0.0,-0.306957799660074,-0.951723126349174));
#7923=AXIS2_PLACEMENT_3D('',#7920,#7921,#7922);
#7924=CIRCLE('',#7923,1.000000000000000);
#7925=EDGE_CURVE('',#7913,#7896,#7924,.T.);
#7926=ORIENTED_EDGE('',*,*,#7925,.T.);
#7927=EDGE_LOOP('',(#7902,#7911,#7919,#7926));
#7928=FACE_OUTER_BOUND('',#7927,.T.);
#7929=ADVANCED_FACE('',(#7928),#7892,.F.);
#7930=CARTESIAN_POINT('',(22.0,13.595886216581903,7.443243781158709));
#7931=DIRECTION('',(-1.0,0.0,0.0));
#7932=DIRECTION('',(0.0,0.950241728148470,-0.311513495831898));
#7933=AXIS2_PLACEMENT_3D('',#7930,#7931,#7932);
#7934=CYLINDRICAL_SURFACE('',#7933,1.000000000000000);
#7935=CARTESIAN_POINT('',(21.499999999999943,14.546127944730372,7.131730285326811));
#7936=VERTEX_POINT('',#7935);
#7937=CARTESIAN_POINT('',(20.499999999999943,14.546127944730372,7.131730285326811));
#7938=VERTEX_POINT('',#7937);
#7939=CARTESIAN_POINT('',(21.499999999999943,14.546127944730372,7.131730285326811));
#7940=DIRECTION('',(-1.0,0.0,0.0));
#7941=VECTOR('',#7940,1.0);
#7942=LINE('',#7939,#7941);
#7943=EDGE_CURVE('',#7936,#7938,#7942,.T.);
#7944=ORIENTED_EDGE('',*,*,#7943,.F.);
#7945=CARTESIAN_POINT('',(21.500000000000000,14.473040166038800,7.923453057362510));
#7946=VERTEX_POINT('',#7945);
#7947=CARTESIAN_POINT('',(21.499999999999943,13.595886216581903,7.443243781158709));
#7948=DIRECTION('',(1.000000000000000,0.0,0.0));
#7949=DIRECTION('',(0.0,0.950241728148470,-0.311513495831898));
#7950=AXIS2_PLACEMENT_3D('',#7947,#7948,#7949);
#7951=CIRCLE('',#7950,1.000000000000000);
#7952=EDGE_CURVE('',#7936,#7946,#7951,.T.);
#7953=ORIENTED_EDGE('',*,*,#7952,.T.);
#7954=CARTESIAN_POINT('',(20.500000000000000,14.473040166038800,7.923453057362510));
#7955=VERTEX_POINT('',#7954);
#7956=CARTESIAN_POINT('',(21.500000000000000,14.473040166038800,7.923453057362510));
#7957=DIRECTION('',(-1.0,0.0,0.0));
#7958=VECTOR('',#7957,1.0);
#7959=LINE('',#7956,#7958);
#7960=EDGE_CURVE('',#7946,#7955,#7959,.T.);
#7961=ORIENTED_EDGE('',*,*,#7960,.T.);
#7962=CARTESIAN_POINT('',(20.499999999999943,13.595886216581903,7.443243781158709));
#7963=DIRECTION('',(-1.000000000000000,0.0,0.0));
#7964=DIRECTION('',(0.0,0.950241728148470,-0.311513495831898));
#7965=AXIS2_PLACEMENT_3D('',#7962,#7963,#7964);
#7966=CIRCLE('',#7965,1.000000000000000);
#7967=EDGE_CURVE('',#7955,#7938,#7966,.T.);
#7968=ORIENTED_EDGE('',*,*,#7967,.T.);
#7969=EDGE_LOOP('',(#7944,#7953,#7961,#7968));
#7970=FACE_OUTER_BOUND('',#7969,.T.);
#7971=ADVANCED_FACE('',(#7970),#7934,.F.);
#7972=CARTESIAN_POINT('',(22.0,-7.443243781158685,13.595886216581944));
#7973=DIRECTION('',(-1.0,0.0,0.0));
#7974=DIRECTION('',(0.0,0.311513495831884,0.950241728148474));
#7975=AXIS2_PLACEMENT_3D('',#7972,#7973,#7974);
#7976=CYLINDRICAL_SURFACE('',#7975,1.0);
#7977=CARTESIAN_POINT('',(21.499999999999943,-7.131730285326801,14.546127944730419));
#7978=VERTEX_POINT('',#7977);
#7979=CARTESIAN_POINT('',(20.499999999999943,-7.131730285326801,14.546127944730419));
#7980=VERTEX_POINT('',#7979);
#7981=CARTESIAN_POINT('',(21.499999999999943,-7.131730285326801,14.546127944730419));
#7982=DIRECTION('',(-1.0,0.0,0.0));
#7983=VECTOR('',#7982,1.0);
#7984=LINE('',#7981,#7983);
#7985=EDGE_CURVE('',#7978,#7980,#7984,.T.);
#7986=ORIENTED_EDGE('',*,*,#7985,.F.);
#7987=CARTESIAN_POINT('',(21.500000000000000,-7.923453057362508,14.473040166038796));
#7988=VERTEX_POINT('',#7987);
#7989=CARTESIAN_POINT('',(21.499999999999943,-7.443243781158685,13.595886216581944));
#7990=DIRECTION('',(1.0,0.0,0.0));
#7991=DIRECTION('',(0.0,0.311513495831884,0.950241728148474));
#7992=AXIS2_PLACEMENT_3D('',#7989,#7990,#7991);
#7993=CIRCLE('',#7992,1.0);
#7994=EDGE_CURVE('',#7978,#7988,#7993,.T.);
#7995=ORIENTED_EDGE('',*,*,#7994,.T.);
#7996=CARTESIAN_POINT('',(20.500000000000000,-7.923453057362508,14.473040166038796));
#7997=VERTEX_POINT('',#7996);
#7998=CARTESIAN_POINT('',(21.500000000000000,-7.923453057362508,14.473040166038796));
#7999=DIRECTION('',(-1.0,0.0,0.0));
#8000=VECTOR('',#7999,1.0);
#8001=LINE('',#7998,#8000);
#8002=EDGE_CURVE('',#7988,#7997,#8001,.T.);
#8003=ORIENTED_EDGE('',*,*,#8002,.T.);
#8004=CARTESIAN_POINT('',(20.499999999999943,-7.443243781158685,13.595886216581944));
#8005=DIRECTION('',(-1.0,0.0,0.0));
#8006=DIRECTION('',(0.0,0.311513495831884,0.950241728148474));
#8007=AXIS2_PLACEMENT_3D('',#8004,#8005,#8006);
#8008=CIRCLE('',#8007,1.0);
#8009=EDGE_CURVE('',#7997,#7980,#8008,.T.);
#8010=ORIENTED_EDGE('',*,*,#8009,.T.);
#8011=EDGE_LOOP('',(#7986,#7995,#8003,#8010));
#8012=FACE_OUTER_BOUND('',#8011,.T.);
#8013=ADVANCED_FACE('',(#8012),#7976,.F.);
#8014=CARTESIAN_POINT('',(22.0,-6.595980261982618,11.778923736213574));
#8015=DIRECTION('',(-1.0,0.0,0.0));
#8016=DIRECTION('',(0.0,0.951723126349130,-0.306957799660210));
#8017=AXIS2_PLACEMENT_3D('',#8014,#8015,#8016);
#8018=CYLINDRICAL_SURFACE('',#8017,1.000000000000000);
#8019=CARTESIAN_POINT('',(21.499999999999943,-5.644257135633487,11.471965936553365));
#8020=VERTEX_POINT('',#8019);
#8021=CARTESIAN_POINT('',(20.499999999999943,-5.644257135633487,11.471965936553365));
#8022=VERTEX_POINT('',#8021);
#8023=CARTESIAN_POINT('',(21.499999999999943,-5.644257135633487,11.471965936553365));
#8024=DIRECTION('',(-1.0,0.0,0.0));
#8025=VECTOR('',#8024,1.0);
#8026=LINE('',#8023,#8025);
#8027=EDGE_CURVE('',#8020,#8022,#8026,.T.);
#8028=ORIENTED_EDGE('',*,*,#8027,.F.);
#8029=CARTESIAN_POINT('',(21.499999999999943,-5.689672474946065,12.201541997954186));
#8030=VERTEX_POINT('',#8029);
#8031=CARTESIAN_POINT('',(21.499999999999943,-6.595980261982618,11.778923736213574));
#8032=DIRECTION('',(1.0,0.0,0.0));
#8033=DIRECTION('',(0.0,0.951723126349130,-0.306957799660210));
#8034=AXIS2_PLACEMENT_3D('',#8031,#8032,#8033);
#8035=CIRCLE('',#8034,1.000000000000000);
#8036=EDGE_CURVE('',#8020,#8030,#8035,.T.);
#8037=ORIENTED_EDGE('',*,*,#8036,.T.);
#8038=CARTESIAN_POINT('',(20.499999999999943,-5.689672474946065,12.201541997954173));
#8039=VERTEX_POINT('',#8038);
#8040=CARTESIAN_POINT('',(21.499999999999943,-5.689672474946065,12.201541997954186));
#8041=DIRECTION('',(-1.0,0.0,0.0));
#8042=VECTOR('',#8041,1.0);
#8043=LINE('',#8040,#8042);
#8044=EDGE_CURVE('',#8030,#8039,#8043,.T.);
#8045=ORIENTED_EDGE('',*,*,#8044,.T.);
#8046=CARTESIAN_POINT('',(20.499999999999943,-6.595980261982618,11.778923736213574));
#8047=DIRECTION('',(-1.0,0.0,0.0));
#8048=DIRECTION('',(0.0,0.951723126349130,-0.306957799660210));
#8049=AXIS2_PLACEMENT_3D('',#8046,#8047,#8048);
#8050=CIRCLE('',#8049,1.000000000000000);
#8051=EDGE_CURVE('',#8039,#8022,#8050,.T.);
#8052=ORIENTED_EDGE('',*,*,#8051,.T.);
#8053=EDGE_LOOP('',(#8028,#8037,#8045,#8052));
#8054=FACE_OUTER_BOUND('',#8053,.T.);
#8055=ADVANCED_FACE('',(#8054),#8018,.F.);
#8056=CARTESIAN_POINT('',(22.0,-11.778923736213528,6.595980261982649));
#8057=DIRECTION('',(-1.0,0.0,0.0));
#8058=DIRECTION('',(0.0,0.306957799660213,-0.951723126349129));
#8059=AXIS2_PLACEMENT_3D('',#8056,#8057,#8058);
#8060=CYLINDRICAL_SURFACE('',#8059,1.0);
#8061=CARTESIAN_POINT('',(21.499999999999943,-11.471965936553316,5.644257135633519));
#8062=VERTEX_POINT('',#8061);
#8063=CARTESIAN_POINT('',(20.499999999999943,-11.471965936553316,5.644257135633519));
#8064=VERTEX_POINT('',#8063);
#8065=CARTESIAN_POINT('',(21.499999999999943,-11.471965936553316,5.644257135633519));
#8066=DIRECTION('',(-1.0,0.0,0.0));
#8067=VECTOR('',#8066,1.0);
#8068=LINE('',#8065,#8067);
#8069=EDGE_CURVE('',#8062,#8064,#8068,.T.);
#8070=ORIENTED_EDGE('',*,*,#8069,.F.);
#8071=CARTESIAN_POINT('',(21.500000000000000,-10.906410866864348,6.107389131465448));
#8072=VERTEX_POINT('',#8071);
#8073=CARTESIAN_POINT('',(21.499999999999943,-11.778923736213528,6.595980261982649));
#8074=DIRECTION('',(1.0,0.0,0.0));
#8075=DIRECTION('',(0.0,0.306957799660213,-0.951723126349129));
#8076=AXIS2_PLACEMENT_3D('',#8073,#8074,#8075);
#8077=CIRCLE('',#8076,1.0);
#8078=EDGE_CURVE('',#8062,#8072,#8077,.T.);
#8079=ORIENTED_EDGE('',*,*,#8078,.T.);
#8080=CARTESIAN_POINT('',(20.500000000000000,-10.906410866864348,6.107389131465448));
#8081=VERTEX_POINT('',#8080);
#8082=CARTESIAN_POINT('',(21.500000000000000,-10.906410866864348,6.107389131465448));
#8083=DIRECTION('',(-1.0,0.0,0.0));
#8084=VECTOR('',#8083,1.0);
#8085=LINE('',#8082,#8084);
#8086=EDGE_CURVE('',#8072,#8081,#8085,.T.);
#8087=ORIENTED_EDGE('',*,*,#8086,.T.);
#8088=CARTESIAN_POINT('',(20.499999999999943,-11.778923736213528,6.595980261982649));
#8089=DIRECTION('',(-1.0,0.0,0.0));
#8090=DIRECTION('',(0.0,0.306957799660213,-0.951723126349129));
#8091=AXIS2_PLACEMENT_3D('',#8088,#8089,#8090);
#8092=CIRCLE('',#8091,1.0);
#8093=EDGE_CURVE('',#8081,#8064,#8092,.T.);
#8094=ORIENTED_EDGE('',*,*,#8093,.T.);
#8095=EDGE_LOOP('',(#8070,#8079,#8087,#8094));
#8096=FACE_OUTER_BOUND('',#8095,.T.);
#8097=ADVANCED_FACE('',(#8096),#8060,.F.);
#8098=CARTESIAN_POINT('',(22.0,-13.595886216581903,7.443243781158715));
#8099=DIRECTION('',(-1.0,0.0,0.0));
#8100=DIRECTION('',(0.0,-0.950241728148468,-0.311513495831902));
#8101=AXIS2_PLACEMENT_3D('',#8098,#8099,#8100);
#8102=CYLINDRICAL_SURFACE('',#8101,1.0);
#8103=CARTESIAN_POINT('',(21.499999999999943,-14.546127944730371,7.131730285326814));
#8104=VERTEX_POINT('',#8103);
#8105=CARTESIAN_POINT('',(20.499999999999943,-14.546127944730371,7.131730285326814));
#8106=VERTEX_POINT('',#8105);
#8107=CARTESIAN_POINT('',(21.499999999999943,-14.546127944730371,7.131730285326814));
#8108=DIRECTION('',(-1.0,0.0,0.0));
#8109=VECTOR('',#8108,1.0);
#8110=LINE('',#8107,#8109);
#8111=EDGE_CURVE('',#8104,#8106,#8110,.T.);
#8112=ORIENTED_EDGE('',*,*,#8111,.F.);
#8113=CARTESIAN_POINT('',(21.499999999999943,-14.018504478322598,6.536935994122024));
#8114=VERTEX_POINT('',#8113);
#8115=CARTESIAN_POINT('',(21.499999999999943,-13.595886216581903,7.443243781158715));
#8116=DIRECTION('',(1.0,0.0,0.0));
#8117=DIRECTION('',(0.0,-0.950241728148468,-0.311513495831902));
#8118=AXIS2_PLACEMENT_3D('',#8115,#8116,#8117);
#8119=CIRCLE('',#8118,1.0);
#8120=EDGE_CURVE('',#8104,#8114,#8119,.T.);
#8121=ORIENTED_EDGE('',*,*,#8120,.T.);
#8122=CARTESIAN_POINT('',(20.499999999999943,-14.018504478322598,6.536935994122002));
#8123=VERTEX_POINT('',#8122);
#8124=CARTESIAN_POINT('',(21.499999999999943,-14.018504478322598,6.536935994122024));
#8125=DIRECTION('',(-1.0,0.0,0.0));
#8126=VECTOR('',#8125,1.0);
#8127=LINE('',#8124,#8126);
#8128=EDGE_CURVE('',#8114,#8123,#8127,.T.);
#8129=ORIENTED_EDGE('',*,*,#8128,.T.);
#8130=CARTESIAN_POINT('',(20.499999999999943,-13.595886216581903,7.443243781158715));
#8131=DIRECTION('',(-1.0,0.0,0.0));
#8132=DIRECTION('',(0.0,-0.950241728148468,-0.311513495831902));
#8133=AXIS2_PLACEMENT_3D('',#8130,#8131,#8132);
#8134=CIRCLE('',#8133,1.0);
#8135=EDGE_CURVE('',#8123,#8106,#8134,.T.);
#8136=ORIENTED_EDGE('',*,*,#8135,.T.);
#8137=EDGE_LOOP('',(#8112,#8121,#8129,#8136));
#8138=FACE_OUTER_BOUND('',#8137,.T.);
#8139=ADVANCED_FACE('',(#8138),#8102,.F.);
#8140=CARTESIAN_POINT('',(22.0,7.443243781158685,13.595886216581944));
#8141=DIRECTION('',(-1.0,0.0,0.0));
#8142=DIRECTION('',(0.0,-0.311513495831884,0.950241728148474));
#8143=AXIS2_PLACEMENT_3D('',#8140,#8141,#8142);
#8144=CYLINDRICAL_SURFACE('',#8143,1.0);
#8145=CARTESIAN_POINT('',(21.499999999999943,7.131730285326801,14.546127944730419));
#8146=VERTEX_POINT('',#8145);
#8147=CARTESIAN_POINT('',(20.499999999999943,7.131730285326801,14.546127944730419));
#8148=VERTEX_POINT('',#8147);
#8149=CARTESIAN_POINT('',(21.499999999999943,7.131730285326801,14.546127944730419));
#8150=DIRECTION('',(-1.0,0.0,0.0));
#8151=VECTOR('',#8150,1.0);
#8152=LINE('',#8149,#8151);
#8153=EDGE_CURVE('',#8146,#8148,#8152,.T.);
#8154=ORIENTED_EDGE('',*,*,#8153,.F.);
#8155=CARTESIAN_POINT('',(21.499999999999943,6.536935994122018,14.018504478322633));
#8156=VERTEX_POINT('',#8155);
#8157=CARTESIAN_POINT('',(21.499999999999943,7.443243781158685,13.595886216581944));
#8158=DIRECTION('',(1.0,0.0,0.0));
#8159=DIRECTION('',(0.0,-0.311513495831884,0.950241728148474));
#8160=AXIS2_PLACEMENT_3D('',#8157,#8158,#8159);
#8161=CIRCLE('',#8160,1.0);
#8162=EDGE_CURVE('',#8146,#8156,#8161,.T.);
#8163=ORIENTED_EDGE('',*,*,#8162,.T.);
#8164=CARTESIAN_POINT('',(20.499999999999943,6.536935994122018,14.018504478322646));
#8165=VERTEX_POINT('',#8164);
#8166=CARTESIAN_POINT('',(21.499999999999943,6.536935994122018,14.018504478322633));
#8167=DIRECTION('',(-1.0,0.0,0.0));
#8168=VECTOR('',#8167,1.0);
#8169=LINE('',#8166,#8168);
#8170=EDGE_CURVE('',#8156,#8165,#8169,.T.);
#8171=ORIENTED_EDGE('',*,*,#8170,.T.);
#8172=CARTESIAN_POINT('',(20.499999999999943,7.443243781158685,13.595886216581944));
#8173=DIRECTION('',(-1.0,0.0,0.0));
#8174=DIRECTION('',(0.0,-0.311513495831884,0.950241728148474));
#8175=AXIS2_PLACEMENT_3D('',#8172,#8173,#8174);
#8176=CIRCLE('',#8175,1.0);
#8177=EDGE_CURVE('',#8165,#8148,#8176,.T.);
#8178=ORIENTED_EDGE('',*,*,#8177,.T.);
#8179=EDGE_LOOP('',(#8154,#8163,#8171,#8178));
#8180=FACE_OUTER_BOUND('',#8179,.T.);
#8181=ADVANCED_FACE('',(#8180),#8144,.F.);
#8182=CARTESIAN_POINT('',(22.0,6.595980261982618,11.778923736213571));
#8183=DIRECTION('',(-1.0,0.0,0.0));
#8184=DIRECTION('',(0.0,-0.951723126349131,-0.306957799660207));
#8185=AXIS2_PLACEMENT_3D('',#8182,#8183,#8184);
#8186=CYLINDRICAL_SURFACE('',#8185,1.0);
#8187=CARTESIAN_POINT('',(21.499999999999943,5.644257135633486,11.471965936553364));
#8188=VERTEX_POINT('',#8187);
#8189=CARTESIAN_POINT('',(20.499999999999943,5.644257135633486,11.471965936553364));
#8190=VERTEX_POINT('',#8189);
#8191=CARTESIAN_POINT('',(21.499999999999943,5.644257135633486,11.471965936553364));
#8192=DIRECTION('',(-1.0,0.0,0.0));
#8193=VECTOR('',#8192,1.0);
#8194=LINE('',#8191,#8193);
#8195=EDGE_CURVE('',#8188,#8190,#8194,.T.);
#8196=ORIENTED_EDGE('',*,*,#8195,.F.);
#8197=CARTESIAN_POINT('',(21.500000000000000,6.107389131465425,10.906410866864411));
#8198=VERTEX_POINT('',#8197);
#8199=CARTESIAN_POINT('',(21.499999999999943,6.595980261982618,11.778923736213571));
#8200=DIRECTION('',(1.0,0.0,0.0));
#8201=DIRECTION('',(0.0,-0.951723126349131,-0.306957799660207));
#8202=AXIS2_PLACEMENT_3D('',#8199,#8200,#8201);
#8203=CIRCLE('',#8202,1.0);
#8204=EDGE_CURVE('',#8188,#8198,#8203,.T.);
#8205=ORIENTED_EDGE('',*,*,#8204,.T.);
#8206=CARTESIAN_POINT('',(20.500000000000000,6.107389131465425,10.906410866864411));
#8207=VERTEX_POINT('',#8206);
#8208=CARTESIAN_POINT('',(21.500000000000000,6.107389131465425,10.906410866864411));
#8209=DIRECTION('',(-1.0,0.0,0.0));
#8210=VECTOR('',#8209,1.0);
#8211=LINE('',#8208,#8210);
#8212=EDGE_CURVE('',#8198,#8207,#8211,.T.);
#8213=ORIENTED_EDGE('',*,*,#8212,.T.);
#8214=CARTESIAN_POINT('',(20.499999999999943,6.595980261982618,11.778923736213571));
#8215=DIRECTION('',(-1.0,0.0,0.0));
#8216=DIRECTION('',(0.0,-0.951723126349131,-0.306957799660207));
#8217=AXIS2_PLACEMENT_3D('',#8214,#8215,#8216);
#8218=CIRCLE('',#8217,1.0);
#8219=EDGE_CURVE('',#8207,#8190,#8218,.T.);
#8220=ORIENTED_EDGE('',*,*,#8219,.T.);
#8221=EDGE_LOOP('',(#8196,#8205,#8213,#8220));
#8222=FACE_OUTER_BOUND('',#8221,.T.);
#8223=ADVANCED_FACE('',(#8222),#8186,.F.);
#8224=CARTESIAN_POINT('',(22.0,11.778923736213528,-6.595980261982645));
#8225=DIRECTION('',(-1.0,0.0,0.0));
#8226=DIRECTION('',(0.0,-0.306957799660073,0.951723126349174));
#8227=AXIS2_PLACEMENT_3D('',#8224,#8225,#8226);
#8228=CYLINDRICAL_SURFACE('',#8227,1.0);
#8229=CARTESIAN_POINT('',(21.499999999999943,11.471965936553456,-5.644257135633470));
#8230=VERTEX_POINT('',#8229);
#8231=CARTESIAN_POINT('',(20.499999999999943,11.471965936553456,-5.644257135633470));
#8232=VERTEX_POINT('',#8231);
#8233=CARTESIAN_POINT('',(21.499999999999943,11.471965936553456,-5.644257135633470));
#8234=DIRECTION('',(-1.0,0.0,0.0));
#8235=VECTOR('',#8234,1.0);
#8236=LINE('',#8233,#8235);
#8237=EDGE_CURVE('',#8230,#8232,#8236,.T.);
#8238=ORIENTED_EDGE('',*,*,#8237,.F.);
#8239=CARTESIAN_POINT('',(21.500000000000000,10.906410866864462,-6.107389131465403));
#8240=VERTEX_POINT('',#8239);
#8241=CARTESIAN_POINT('',(21.499999999999943,11.778923736213528,-6.595980261982645));
#8242=DIRECTION('',(1.0,0.0,0.0));
#8243=DIRECTION('',(0.0,-0.306957799660073,0.951723126349174));
#8244=AXIS2_PLACEMENT_3D('',#8241,#8242,#8243);
#8245=CIRCLE('',#8244,1.0);
#8246=EDGE_CURVE('',#8230,#8240,#8245,.T.);
#8247=ORIENTED_EDGE('',*,*,#8246,.T.);
#8248=CARTESIAN_POINT('',(20.500000000000000,10.906410866864462,-6.107389131465403));
#8249=VERTEX_POINT('',#8248);
#8250=CARTESIAN_POINT('',(21.500000000000000,10.906410866864462,-6.107389131465403));
#8251=DIRECTION('',(-1.0,0.0,0.0));
#8252=VECTOR('',#8251,1.0);
#8253=LINE('',#8250,#8252);
#8254=EDGE_CURVE('',#8240,#8249,#8253,.T.);
#8255=ORIENTED_EDGE('',*,*,#8254,.T.);
#8256=CARTESIAN_POINT('',(20.499999999999943,11.778923736213528,-6.595980261982645));
#8257=DIRECTION('',(-1.0,0.0,0.0));
#8258=DIRECTION('',(0.0,-0.306957799660073,0.951723126349174));
#8259=AXIS2_PLACEMENT_3D('',#8256,#8257,#8258);
#8260=CIRCLE('',#8259,1.0);
#8261=EDGE_CURVE('',#8249,#8232,#8260,.T.);
#8262=ORIENTED_EDGE('',*,*,#8261,.T.);
#8263=EDGE_LOOP('',(#8238,#8247,#8255,#8262));
#8264=FACE_OUTER_BOUND('',#8263,.T.);
#8265=ADVANCED_FACE('',(#8264),#8228,.F.);
#8266=CARTESIAN_POINT('',(22.0,6.595980261982618,-11.778923736213574));
#8267=DIRECTION('',(-1.0,0.0,0.0));
#8268=DIRECTION('',(0.0,-0.951723126349130,0.306957799660210));
#8269=AXIS2_PLACEMENT_3D('',#8266,#8267,#8268);
#8270=CYLINDRICAL_SURFACE('',#8269,1.000000000000000);
#8271=CARTESIAN_POINT('',(21.499999999999943,5.644257135633487,-11.471965936553365));
#8272=VERTEX_POINT('',#8271);
#8273=CARTESIAN_POINT('',(20.499999999999943,5.644257135633487,-11.471965936553365));
#8274=VERTEX_POINT('',#8273);
#8275=CARTESIAN_POINT('',(21.499999999999943,5.644257135633487,-11.471965936553365));
#8276=DIRECTION('',(-1.0,0.0,0.0));
#8277=VECTOR('',#8276,1.0);
#8278=LINE('',#8275,#8277);
#8279=EDGE_CURVE('',#8272,#8274,#8278,.T.);
#8280=ORIENTED_EDGE('',*,*,#8279,.F.);
#8281=CARTESIAN_POINT('',(21.499999999999943,5.689672474946065,-12.201541997954184));
#8282=VERTEX_POINT('',#8281);
#8283=CARTESIAN_POINT('',(21.499999999999943,6.595980261982618,-11.778923736213574));
#8284=DIRECTION('',(1.0,0.0,0.0));
#8285=DIRECTION('',(0.0,-0.951723126349130,0.306957799660210));
#8286=AXIS2_PLACEMENT_3D('',#8283,#8284,#8285);
#8287=CIRCLE('',#8286,1.000000000000000);
#8288=EDGE_CURVE('',#8272,#8282,#8287,.T.);
#8289=ORIENTED_EDGE('',*,*,#8288,.T.);
#8290=CARTESIAN_POINT('',(20.499999999999943,5.689672474946065,-12.201541997954196));
#8291=VERTEX_POINT('',#8290);
#8292=CARTESIAN_POINT('',(21.499999999999943,5.689672474946065,-12.201541997954184));
#8293=DIRECTION('',(-1.0,0.0,0.0));
#8294=VECTOR('',#8293,1.0);
#8295=LINE('',#8292,#8294);
#8296=EDGE_CURVE('',#8282,#8291,#8295,.T.);
#8297=ORIENTED_EDGE('',*,*,#8296,.T.);
#8298=CARTESIAN_POINT('',(20.499999999999943,6.595980261982618,-11.778923736213574));
#8299=DIRECTION('',(-1.0,0.0,0.0));
#8300=DIRECTION('',(0.0,-0.951723126349130,0.306957799660210));
#8301=AXIS2_PLACEMENT_3D('',#8298,#8299,#8300);
#8302=CIRCLE('',#8301,1.000000000000000);
#8303=EDGE_CURVE('',#8291,#8274,#8302,.T.);
#8304=ORIENTED_EDGE('',*,*,#8303,.T.);
#8305=EDGE_LOOP('',(#8280,#8289,#8297,#8304));
#8306=FACE_OUTER_BOUND('',#8305,.T.);
#8307=ADVANCED_FACE('',(#8306),#8270,.F.);
#8308=CARTESIAN_POINT('',(22.0,7.443243781158685,-13.595886216581944));
#8309=DIRECTION('',(-1.0,0.0,0.0));
#8310=DIRECTION('',(0.0,-0.311513495831884,-0.950241728148474));
#8311=AXIS2_PLACEMENT_3D('',#8308,#8309,#8310);
#8312=CYLINDRICAL_SURFACE('',#8311,1.0);
#8313=CARTESIAN_POINT('',(21.499999999999943,7.131730285326801,-14.546127944730419));
#8314=VERTEX_POINT('',#8313);
#8315=CARTESIAN_POINT('',(20.499999999999943,7.131730285326801,-14.546127944730419));
#8316=VERTEX_POINT('',#8315);
#8317=CARTESIAN_POINT('',(21.499999999999943,7.131730285326801,-14.546127944730419));
#8318=DIRECTION('',(-1.0,0.0,0.0));
#8319=VECTOR('',#8318,1.0);
#8320=LINE('',#8317,#8319);
#8321=EDGE_CURVE('',#8314,#8316,#8320,.T.);
#8322=ORIENTED_EDGE('',*,*,#8321,.F.);
#8323=CARTESIAN_POINT('',(21.500000000000000,7.923453057362508,-14.473040166038796));
#8324=VERTEX_POINT('',#8323);
#8325=CARTESIAN_POINT('',(21.499999999999943,7.443243781158685,-13.595886216581944));
#8326=DIRECTION('',(1.0,0.0,0.0));
#8327=DIRECTION('',(0.0,-0.311513495831884,-0.950241728148474));
#8328=AXIS2_PLACEMENT_3D('',#8325,#8326,#8327);
#8329=CIRCLE('',#8328,1.0);
#8330=EDGE_CURVE('',#8314,#8324,#8329,.T.);
#8331=ORIENTED_EDGE('',*,*,#8330,.T.);
#8332=CARTESIAN_POINT('',(20.500000000000000,7.923453057362508,-14.473040166038796));
#8333=VERTEX_POINT('',#8332);
#8334=CARTESIAN_POINT('',(21.500000000000000,7.923453057362508,-14.473040166038796));
#8335=DIRECTION('',(-1.0,0.0,0.0));
#8336=VECTOR('',#8335,1.0);
#8337=LINE('',#8334,#8336);
#8338=EDGE_CURVE('',#8324,#8333,#8337,.T.);
#8339=ORIENTED_EDGE('',*,*,#8338,.T.);
#8340=CARTESIAN_POINT('',(20.499999999999943,7.443243781158685,-13.595886216581944));
#8341=DIRECTION('',(-1.0,0.0,0.0));
#8342=DIRECTION('',(0.0,-0.311513495831884,-0.950241728148474));
#8343=AXIS2_PLACEMENT_3D('',#8340,#8341,#8342);
#8344=CIRCLE('',#8343,1.0);
#8345=EDGE_CURVE('',#8333,#8316,#8344,.T.);
#8346=ORIENTED_EDGE('',*,*,#8345,.T.);
#8347=EDGE_LOOP('',(#8322,#8331,#8339,#8346));
#8348=FACE_OUTER_BOUND('',#8347,.T.);
#8349=ADVANCED_FACE('',(#8348),#8312,.F.);
#8350=CARTESIAN_POINT('',(22.0,13.595886216581903,-7.443243781158715));
#8351=DIRECTION('',(-1.0,0.0,0.0));
#8352=DIRECTION('',(0.0,0.950241728148468,0.311513495831902));
#8353=AXIS2_PLACEMENT_3D('',#8350,#8351,#8352);
#8354=CYLINDRICAL_SURFACE('',#8353,1.0);
#8355=CARTESIAN_POINT('',(21.499999999999943,14.546127944730371,-7.131730285326814));
#8356=VERTEX_POINT('',#8355);
#8357=CARTESIAN_POINT('',(20.499999999999943,14.546127944730371,-7.131730285326814));
#8358=VERTEX_POINT('',#8357);
#8359=CARTESIAN_POINT('',(21.499999999999943,14.546127944730371,-7.131730285326814));
#8360=DIRECTION('',(-1.0,0.0,0.0));
#8361=VECTOR('',#8360,1.0);
#8362=LINE('',#8359,#8361);
#8363=EDGE_CURVE('',#8356,#8358,#8362,.T.);
#8364=ORIENTED_EDGE('',*,*,#8363,.F.);
#8365=CARTESIAN_POINT('',(21.499999999999943,14.018504478322598,-6.536935994122029));
#8366=VERTEX_POINT('',#8365);
#8367=CARTESIAN_POINT('',(21.499999999999943,13.595886216581903,-7.443243781158715));
#8368=DIRECTION('',(1.0,0.0,0.0));
#8369=DIRECTION('',(0.0,0.950241728148468,0.311513495831902));
#8370=AXIS2_PLACEMENT_3D('',#8367,#8368,#8369);
#8371=CIRCLE('',#8370,1.0);
#8372=EDGE_CURVE('',#8356,#8366,#8371,.T.);
#8373=ORIENTED_EDGE('',*,*,#8372,.T.);
#8374=CARTESIAN_POINT('',(20.499999999999943,14.018504478322598,-6.536935994122005));
#8375=VERTEX_POINT('',#8374);
#8376=CARTESIAN_POINT('',(21.499999999999943,14.018504478322598,-6.536935994122029));
#8377=DIRECTION('',(-1.0,0.0,0.0));
#8378=VECTOR('',#8377,1.0);
#8379=LINE('',#8376,#8378);
#8380=EDGE_CURVE('',#8366,#8375,#8379,.T.);
#8381=ORIENTED_EDGE('',*,*,#8380,.T.);
#8382=CARTESIAN_POINT('',(20.499999999999943,13.595886216581903,-7.443243781158715));
#8383=DIRECTION('',(-1.0,0.0,0.0));
#8384=DIRECTION('',(0.0,0.950241728148468,0.311513495831902));
#8385=AXIS2_PLACEMENT_3D('',#8382,#8383,#8384);
#8386=CIRCLE('',#8385,1.0);
#8387=EDGE_CURVE('',#8375,#8358,#8386,.T.);
#8388=ORIENTED_EDGE('',*,*,#8387,.T.);
#8389=EDGE_LOOP('',(#8364,#8373,#8381,#8388));
#8390=FACE_OUTER_BOUND('',#8389,.T.);
#8391=ADVANCED_FACE('',(#8390),#8354,.F.);
#8392=CARTESIAN_POINT('',(22.0,-11.778923736213528,-6.595980261982640));
#8393=DIRECTION('',(-1.0,0.0,0.0));
#8394=DIRECTION('',(0.0,0.306957799660074,0.951723126349174));
#8395=AXIS2_PLACEMENT_3D('',#8392,#8393,#8394);
#8396=CYLINDRICAL_SURFACE('',#8395,1.000000000000000);
#8397=CARTESIAN_POINT('',(21.499999999999943,-11.471965936553454,-5.644257135633466));
#8398=VERTEX_POINT('',#8397);
#8399=CARTESIAN_POINT('',(20.499999999999943,-11.471965936553454,-5.644257135633466));
#8400=VERTEX_POINT('',#8399);
#8401=CARTESIAN_POINT('',(21.499999999999943,-11.471965936553454,-5.644257135633466));
#8402=DIRECTION('',(-1.0,0.0,0.0));
#8403=VECTOR('',#8402,1.0);
#8404=LINE('',#8401,#8403);
#8405=EDGE_CURVE('',#8398,#8400,#8404,.T.);
#8406=ORIENTED_EDGE('',*,*,#8405,.F.);
#8407=CARTESIAN_POINT('',(21.499999999999943,-12.201541997954223,-5.689672474945973));
#8408=VERTEX_POINT('',#8407);
#8409=CARTESIAN_POINT('',(21.499999999999943,-11.778923736213528,-6.595980261982640));
#8410=DIRECTION('',(1.0,0.0,0.0));
#8411=DIRECTION('',(0.0,0.306957799660074,0.951723126349174));
#8412=AXIS2_PLACEMENT_3D('',#8409,#8410,#8411);
#8413=CIRCLE('',#8412,1.000000000000000);
#8414=EDGE_CURVE('',#8398,#8408,#8413,.T.);
#8415=ORIENTED_EDGE('',*,*,#8414,.T.);
#8416=CARTESIAN_POINT('',(20.499999999999943,-12.201541997954223,-5.689672474945954));
#8417=VERTEX_POINT('',#8416);
#8418=CARTESIAN_POINT('',(21.499999999999943,-12.201541997954223,-5.689672474945973));
#8419=DIRECTION('',(-1.0,0.0,0.0));
#8420=VECTOR('',#8419,1.0);
#8421=LINE('',#8418,#8420);
#8422=EDGE_CURVE('',#8408,#8417,#8421,.T.);
#8423=ORIENTED_EDGE('',*,*,#8422,.T.);
#8424=CARTESIAN_POINT('',(20.499999999999943,-11.778923736213528,-6.595980261982640));
#8425=DIRECTION('',(-1.0,0.0,0.0));
#8426=DIRECTION('',(0.0,0.306957799660074,0.951723126349174));
#8427=AXIS2_PLACEMENT_3D('',#8424,#8425,#8426);
#8428=CIRCLE('',#8427,1.000000000000000);
#8429=EDGE_CURVE('',#8417,#8400,#8428,.T.);
#8430=ORIENTED_EDGE('',*,*,#8429,.T.);
#8431=EDGE_LOOP('',(#8406,#8415,#8423,#8430));
#8432=FACE_OUTER_BOUND('',#8431,.T.);
#8433=ADVANCED_FACE('',(#8432),#8396,.F.);
#8434=CARTESIAN_POINT('',(22.0,-13.595886216581903,-7.443243781158711));
#8435=DIRECTION('',(-1.0,0.0,0.0));
#8436=DIRECTION('',(0.0,-0.950241728148470,0.311513495831898));
#8437=AXIS2_PLACEMENT_3D('',#8434,#8435,#8436);
#8438=CYLINDRICAL_SURFACE('',#8437,1.000000000000000);
#8439=CARTESIAN_POINT('',(21.499999999999943,-14.546127944730372,-7.131730285326813));
#8440=VERTEX_POINT('',#8439);
#8441=CARTESIAN_POINT('',(20.499999999999943,-14.546127944730372,-7.131730285326813));
#8442=VERTEX_POINT('',#8441);
#8443=CARTESIAN_POINT('',(21.499999999999943,-14.546127944730372,-7.131730285326813));
#8444=DIRECTION('',(-1.0,0.0,0.0));
#8445=VECTOR('',#8444,1.0);
#8446=LINE('',#8443,#8445);
#8447=EDGE_CURVE('',#8440,#8442,#8446,.T.);
#8448=ORIENTED_EDGE('',*,*,#8447,.F.);
#8449=CARTESIAN_POINT('',(21.500000000000000,-14.473040166038800,-7.923453057362510));
#8450=VERTEX_POINT('',#8449);
#8451=CARTESIAN_POINT('',(21.499999999999943,-13.595886216581903,-7.443243781158711));
#8452=DIRECTION('',(1.000000000000000,0.0,0.0));
#8453=DIRECTION('',(0.0,-0.950241728148470,0.311513495831898));
#8454=AXIS2_PLACEMENT_3D('',#8451,#8452,#8453);
#8455=CIRCLE('',#8454,1.000000000000000);
#8456=EDGE_CURVE('',#8440,#8450,#8455,.T.);
#8457=ORIENTED_EDGE('',*,*,#8456,.T.);
#8458=CARTESIAN_POINT('',(20.500000000000000,-14.473040166038800,-7.923453057362510));
#8459=VERTEX_POINT('',#8458);
#8460=CARTESIAN_POINT('',(21.500000000000000,-14.473040166038800,-7.923453057362510));
#8461=DIRECTION('',(-1.0,0.0,0.0));
#8462=VECTOR('',#8461,1.0);
#8463=LINE('',#8460,#8462);
#8464=EDGE_CURVE('',#8450,#8459,#8463,.T.);
#8465=ORIENTED_EDGE('',*,*,#8464,.T.);
#8466=CARTESIAN_POINT('',(20.499999999999943,-13.595886216581903,-7.443243781158711));
#8467=DIRECTION('',(-1.000000000000000,0.0,0.0));
#8468=DIRECTION('',(0.0,-0.950241728148470,0.311513495831898));
#8469=AXIS2_PLACEMENT_3D('',#8466,#8467,#8468);
#8470=CIRCLE('',#8469,1.000000000000000);
#8471=EDGE_CURVE('',#8459,#8442,#8470,.T.);
#8472=ORIENTED_EDGE('',*,*,#8471,.T.);
#8473=EDGE_LOOP('',(#8448,#8457,#8465,#8472));
#8474=FACE_OUTER_BOUND('',#8473,.T.);
#8475=ADVANCED_FACE('',(#8474),#8438,.F.);
#8476=CARTESIAN_POINT('',(22.0,-7.443243781158685,-13.595886216581944));
#8477=DIRECTION('',(-1.0,0.0,0.0));
#8478=DIRECTION('',(0.0,0.311513495831884,-0.950241728148474));
#8479=AXIS2_PLACEMENT_3D('',#8476,#8477,#8478);
#8480=CYLINDRICAL_SURFACE('',#8479,1.0);
#8481=CARTESIAN_POINT('',(21.499999999999943,-7.131730285326801,-14.546127944730419));
#8482=VERTEX_POINT('',#8481);
#8483=CARTESIAN_POINT('',(20.499999999999943,-7.131730285326801,-14.546127944730419));
#8484=VERTEX_POINT('',#8483);
#8485=CARTESIAN_POINT('',(21.499999999999943,-7.131730285326801,-14.546127944730419));
#8486=DIRECTION('',(-1.0,0.0,0.0));
#8487=VECTOR('',#8486,1.0);
#8488=LINE('',#8485,#8487);
#8489=EDGE_CURVE('',#8482,#8484,#8488,.T.);
#8490=ORIENTED_EDGE('',*,*,#8489,.F.);
#8491=CARTESIAN_POINT('',(21.499999999999943,-6.536935994122018,-14.018504478322633));
#8492=VERTEX_POINT('',#8491);
#8493=CARTESIAN_POINT('',(21.499999999999943,-7.443243781158685,-13.595886216581944));
#8494=DIRECTION('',(1.0,0.0,0.0));
#8495=DIRECTION('',(0.0,0.311513495831884,-0.950241728148474));
#8496=AXIS2_PLACEMENT_3D('',#8493,#8494,#8495);
#8497=CIRCLE('',#8496,1.0);
#8498=EDGE_CURVE('',#8482,#8492,#8497,.T.);
#8499=ORIENTED_EDGE('',*,*,#8498,.T.);
#8500=CARTESIAN_POINT('',(20.499999999999943,-6.536935994122018,-14.018504478322622));
#8501=VERTEX_POINT('',#8500);
#8502=CARTESIAN_POINT('',(21.499999999999943,-6.536935994122018,-14.018504478322633));
#8503=DIRECTION('',(-1.0,0.0,0.0));
#8504=VECTOR('',#8503,1.0);
#8505=LINE('',#8502,#8504);
#8506=EDGE_CURVE('',#8492,#8501,#8505,.T.);
#8507=ORIENTED_EDGE('',*,*,#8506,.T.);
#8508=CARTESIAN_POINT('',(20.499999999999943,-7.443243781158685,-13.595886216581944));
#8509=DIRECTION('',(-1.0,0.0,0.0));
#8510=DIRECTION('',(0.0,0.311513495831884,-0.950241728148474));
#8511=AXIS2_PLACEMENT_3D('',#8508,#8509,#8510);
#8512=CIRCLE('',#8511,1.0);
#8513=EDGE_CURVE('',#8501,#8484,#8512,.T.);
#8514=ORIENTED_EDGE('',*,*,#8513,.T.);
#8515=EDGE_LOOP('',(#8490,#8499,#8507,#8514));
#8516=FACE_OUTER_BOUND('',#8515,.T.);
#8517=ADVANCED_FACE('',(#8516),#8480,.F.);
#8518=CARTESIAN_POINT('',(22.0,-6.595980261982618,-11.778923736213573));
#8519=DIRECTION('',(-1.0,0.0,0.0));
#8520=DIRECTION('',(0.0,0.951723126349130,0.306957799660210));
#8521=AXIS2_PLACEMENT_3D('',#8518,#8519,#8520);
#8522=CYLINDRICAL_SURFACE('',#8521,1.000000000000000);
#8523=CARTESIAN_POINT('',(21.499999999999943,-5.644257135633487,-11.471965936553364));
#8524=VERTEX_POINT('',#8523);
#8525=CARTESIAN_POINT('',(20.499999999999943,-5.644257135633487,-11.471965936553364));
#8526=VERTEX_POINT('',#8525);
#8527=CARTESIAN_POINT('',(21.499999999999943,-5.644257135633487,-11.471965936553364));
#8528=DIRECTION('',(-1.0,0.0,0.0));
#8529=VECTOR('',#8528,1.0);
#8530=LINE('',#8527,#8529);
#8531=EDGE_CURVE('',#8524,#8526,#8530,.T.);
#8532=ORIENTED_EDGE('',*,*,#8531,.F.);
#8533=CARTESIAN_POINT('',(21.500000000000000,-6.107389131465425,-10.906410866864411));
#8534=VERTEX_POINT('',#8533);
#8535=CARTESIAN_POINT('',(21.499999999999943,-6.595980261982618,-11.778923736213573));
#8536=DIRECTION('',(1.0,0.0,0.0));
#8537=DIRECTION('',(0.0,0.951723126349130,0.306957799660210));
#8538=AXIS2_PLACEMENT_3D('',#8535,#8536,#8537);
#8539=CIRCLE('',#8538,1.000000000000000);
#8540=EDGE_CURVE('',#8524,#8534,#8539,.T.);
#8541=ORIENTED_EDGE('',*,*,#8540,.T.);
#8542=CARTESIAN_POINT('',(20.500000000000000,-6.107389131465425,-10.906410866864411));
#8543=VERTEX_POINT('',#8542);
#8544=CARTESIAN_POINT('',(21.500000000000000,-6.107389131465425,-10.906410866864411));
#8545=DIRECTION('',(-1.0,0.0,0.0));
#8546=VECTOR('',#8545,1.0);
#8547=LINE('',#8544,#8546);
#8548=EDGE_CURVE('',#8534,#8543,#8547,.T.);
#8549=ORIENTED_EDGE('',*,*,#8548,.T.);
#8550=CARTESIAN_POINT('',(20.499999999999943,-6.595980261982618,-11.778923736213573));
#8551=DIRECTION('',(-1.0,0.0,0.0));
#8552=DIRECTION('',(0.0,0.951723126349130,0.306957799660210));
#8553=AXIS2_PLACEMENT_3D('',#8550,#8551,#8552);
#8554=CIRCLE('',#8553,1.000000000000000);
#8555=EDGE_CURVE('',#8543,#8526,#8554,.T.);
#8556=ORIENTED_EDGE('',*,*,#8555,.T.);
#8557=EDGE_LOOP('',(#8532,#8541,#8549,#8556));
#8558=FACE_OUTER_BOUND('',#8557,.T.);
#8559=ADVANCED_FACE('',(#8558),#8522,.F.);
#8560=CARTESIAN_POINT('',(22.0,-6.595980261982618,-11.778923736213573));
#8561=DIRECTION('',(-1.0,0.0,0.0));
#8562=DIRECTION('',(0.0,0.951723126349130,0.306957799660210));
#8563=AXIS2_PLACEMENT_3D('',#8560,#8561,#8562);
#8564=CYLINDRICAL_SURFACE('',#8563,1.000000000000000);
#8565=ORIENTED_EDGE('',*,*,#8531,.T.);
#8566=CARTESIAN_POINT('',(20.499999999999943,-5.689672474946065,-12.201541997954195));
#8567=VERTEX_POINT('',#8566);
#8568=CARTESIAN_POINT('',(20.499999999999943,-6.595980261982618,-11.778923736213573));
#8569=DIRECTION('',(-1.0,0.0,0.0));
#8570=DIRECTION('',(0.0,0.951723126349130,0.306957799660210));
#8571=AXIS2_PLACEMENT_3D('',#8568,#8569,#8570);
#8572=CIRCLE('',#8571,1.000000000000000);
#8573=EDGE_CURVE('',#8526,#8567,#8572,.T.);
#8574=ORIENTED_EDGE('',*,*,#8573,.T.);
#8575=CARTESIAN_POINT('',(21.499999999999943,-5.689672474945951,-12.201541997954205));
#8576=VERTEX_POINT('',#8575);
#8577=CARTESIAN_POINT('',(20.499999999999943,-5.689672474946065,-12.201541997954195));
#8578=DIRECTION('',(1.0,1.136868E-013,-1.065814E-014));
#8579=VECTOR('',#8578,1.0);
#8580=LINE('',#8577,#8579);
#8581=EDGE_CURVE('',#8567,#8576,#8580,.T.);
#8582=ORIENTED_EDGE('',*,*,#8581,.T.);
#8583=CARTESIAN_POINT('',(21.499999999999943,-6.595980261982618,-11.778923736213573));
#8584=DIRECTION('',(1.0,0.0,0.0));
#8585=DIRECTION('',(0.0,0.951723126349130,0.306957799660210));
#8586=AXIS2_PLACEMENT_3D('',#8583,#8584,#8585);
#8587=CIRCLE('',#8586,1.000000000000000);
#8588=EDGE_CURVE('',#8576,#8524,#8587,.T.);
#8589=ORIENTED_EDGE('',*,*,#8588,.T.);
#8590=EDGE_LOOP('',(#8565,#8574,#8582,#8589));
#8591=FACE_OUTER_BOUND('',#8590,.T.);
#8592=ADVANCED_FACE('',(#8591),#8564,.F.);
#8593=CARTESIAN_POINT('',(22.0,0.0,0.0));
#8594=DIRECTION('',(-1.0,0.0,0.0));
#8595=DIRECTION('',(0.0,-1.0,0.0));
#8596=AXIS2_PLACEMENT_3D('',#8593,#8594,#8595);
#8597=CYLINDRICAL_SURFACE('',#8596,12.500000000000000);
#8598=ORIENTED_EDGE('',*,*,#8548,.F.);
#8599=CARTESIAN_POINT('',(21.500000000000000,-10.906410866864462,-6.107389131465400));
#8600=VERTEX_POINT('',#8599);
#8601=CARTESIAN_POINT('',(21.499999999999943,0.0,0.0));
#8602=DIRECTION('',(1.0,0.0,0.0));
#8603=DIRECTION('',(0.0,-1.0,0.0));
#8604=AXIS2_PLACEMENT_3D('',#8601,#8602,#8603);
#8605=CIRCLE('',#8604,12.500000000000000);
#8606=EDGE_CURVE('',#8600,#8534,#8605,.T.);
#8607=ORIENTED_EDGE('',*,*,#8606,.F.);
#8608=CARTESIAN_POINT('',(20.500000000000000,-10.906410866864462,-6.107389131465400));
#8609=VERTEX_POINT('',#8608);
#8610=CARTESIAN_POINT('',(20.500000000000000,-10.906410866864462,-6.107389131465400));
#8611=DIRECTION('',(1.0,0.0,0.0));
#8612=VECTOR('',#8611,1.0);
#8613=LINE('',#8610,#8612);
#8614=EDGE_CURVE('',#8609,#8600,#8613,.T.);
#8615=ORIENTED_EDGE('',*,*,#8614,.F.);
#8616=CARTESIAN_POINT('',(20.499999999999943,0.0,0.0));
#8617=DIRECTION('',(-1.0,0.0,0.0));
#8618=DIRECTION('',(0.0,-1.0,0.0));
#8619=AXIS2_PLACEMENT_3D('',#8616,#8617,#8618);
#8620=CIRCLE('',#8619,12.500000000000000);
#8621=EDGE_CURVE('',#8543,#8609,#8620,.T.);
#8622=ORIENTED_EDGE('',*,*,#8621,.F.);
#8623=EDGE_LOOP('',(#8598,#8607,#8615,#8622));
#8624=FACE_OUTER_BOUND('',#8623,.T.);
#8625=ADVANCED_FACE('',(#8624),#8597,.T.);
#8626=CARTESIAN_POINT('',(22.0,-7.443243781158685,-13.595886216581944));
#8627=DIRECTION('',(-1.0,0.0,0.0));
#8628=DIRECTION('',(0.0,0.311513495831884,-0.950241728148474));
#8629=AXIS2_PLACEMENT_3D('',#8626,#8627,#8628);
#8630=CYLINDRICAL_SURFACE('',#8629,1.0);
#8631=ORIENTED_EDGE('',*,*,#8489,.T.);
#8632=CARTESIAN_POINT('',(20.500000000000000,-7.923453057362508,-14.473040166038796));
#8633=VERTEX_POINT('',#8632);
#8634=CARTESIAN_POINT('',(20.499999999999943,-7.443243781158685,-13.595886216581944));
#8635=DIRECTION('',(-1.0,0.0,0.0));
#8636=DIRECTION('',(0.0,0.311513495831884,-0.950241728148474));
#8637=AXIS2_PLACEMENT_3D('',#8634,#8635,#8636);
#8638=CIRCLE('',#8637,1.0);
#8639=EDGE_CURVE('',#8484,#8633,#8638,.T.);
#8640=ORIENTED_EDGE('',*,*,#8639,.T.);
#8641=CARTESIAN_POINT('',(21.500000000000000,-7.923453057362508,-14.473040166038796));
#8642=VERTEX_POINT('',#8641);
#8643=CARTESIAN_POINT('',(20.500000000000000,-7.923453057362508,-14.473040166038796));
#8644=DIRECTION('',(1.0,0.0,0.0));
#8645=VECTOR('',#8644,1.0);
#8646=LINE('',#8643,#8645);
#8647=EDGE_CURVE('',#8633,#8642,#8646,.T.);
#8648=ORIENTED_EDGE('',*,*,#8647,.T.);
#8649=CARTESIAN_POINT('',(21.499999999999943,-7.443243781158685,-13.595886216581944));
#8650=DIRECTION('',(1.0,0.0,0.0));
#8651=DIRECTION('',(0.0,0.311513495831884,-0.950241728148474));
#8652=AXIS2_PLACEMENT_3D('',#8649,#8650,#8651);
#8653=CIRCLE('',#8652,1.0);
#8654=EDGE_CURVE('',#8642,#8482,#8653,.T.);
#8655=ORIENTED_EDGE('',*,*,#8654,.T.);
#8656=EDGE_LOOP('',(#8631,#8640,#8648,#8655));
#8657=FACE_OUTER_BOUND('',#8656,.T.);
#8658=ADVANCED_FACE('',(#8657),#8630,.F.);
#8659=CARTESIAN_POINT('',(22.0,-6.973201318721522,-14.954078486104777));
#8660=DIRECTION('',(0.0,0.906307787036666,-0.422618261740664));
#8661=DIRECTION('',(0.0,0.422618261740664,0.906307787036666));
#8662=AXIS2_PLACEMENT_3D('',#8659,#8660,#8661);
#8663=PLANE('',#8662);
#8664=ORIENTED_EDGE('',*,*,#8581,.F.);
#8665=CARTESIAN_POINT('',(20.499999999999943,-6.536935994122018,-14.018504478322622));
#8666=DIRECTION('',(0.0,0.422618261740640,0.906307787036678));
#8667=VECTOR('',#8666,2.004796280421782);
#8668=LINE('',#8665,#8667);
#8669=EDGE_CURVE('',#8501,#8567,#8668,.T.);
#8670=ORIENTED_EDGE('',*,*,#8669,.F.);
#8671=ORIENTED_EDGE('',*,*,#8506,.F.);
#8672=CARTESIAN_POINT('',(21.499999999999943,-5.689672474945951,-12.201541997954205));
#8673=DIRECTION('',(0.0,-0.422618261740686,-0.906307787036656));
#8674=VECTOR('',#8673,2.004796280421830);
#8675=LINE('',#8672,#8674);
#8676=EDGE_CURVE('',#8576,#8492,#8675,.T.);
#8677=ORIENTED_EDGE('',*,*,#8676,.F.);
#8678=EDGE_LOOP('',(#8664,#8670,#8671,#8677));
#8679=FACE_OUTER_BOUND('',#8678,.T.);
#8680=ADVANCED_FACE('',(#8679),#8663,.F.);
#8681=CARTESIAN_POINT('',(22.0,-13.595886216581903,-7.443243781158711));
#8682=DIRECTION('',(-1.0,0.0,0.0));
#8683=DIRECTION('',(0.0,-0.950241728148470,0.311513495831898));
#8684=AXIS2_PLACEMENT_3D('',#8681,#8682,#8683);
#8685=CYLINDRICAL_SURFACE('',#8684,1.000000000000000);
#8686=ORIENTED_EDGE('',*,*,#8447,.T.);
#8687=CARTESIAN_POINT('',(20.499999999999943,-14.018504478322598,-6.536935994122004));
#8688=VERTEX_POINT('',#8687);
#8689=CARTESIAN_POINT('',(20.499999999999943,-13.595886216581903,-7.443243781158711));
#8690=DIRECTION('',(-1.000000000000000,0.0,0.0));
#8691=DIRECTION('',(0.0,-0.950241728148470,0.311513495831898));
#8692=AXIS2_PLACEMENT_3D('',#8689,#8690,#8691);
#8693=CIRCLE('',#8692,1.000000000000000);
#8694=EDGE_CURVE('',#8442,#8688,#8693,.T.);
#8695=ORIENTED_EDGE('',*,*,#8694,.T.);
#8696=CARTESIAN_POINT('',(21.499999999999943,-14.018504478322598,-6.536935994122024));
#8697=VERTEX_POINT('',#8696);
#8698=CARTESIAN_POINT('',(20.499999999999943,-14.018504478322598,-6.536935994122004));
#8699=DIRECTION('',(1.0,0.0,0.0));
#8700=VECTOR('',#8699,1.0);
#8701=LINE('',#8698,#8700);
#8702=EDGE_CURVE('',#8688,#8697,#8701,.T.);
#8703=ORIENTED_EDGE('',*,*,#8702,.T.);
#8704=CARTESIAN_POINT('',(21.499999999999943,-13.595886216581903,-7.443243781158711));
#8705=DIRECTION('',(1.000000000000000,0.0,0.0));
#8706=DIRECTION('',(0.0,-0.950241728148470,0.311513495831898));
#8707=AXIS2_PLACEMENT_3D('',#8704,#8705,#8706);
#8708=CIRCLE('',#8707,1.000000000000000);
#8709=EDGE_CURVE('',#8697,#8440,#8708,.T.);
#8710=ORIENTED_EDGE('',*,*,#8709,.T.);
#8711=EDGE_LOOP('',(#8686,#8695,#8703,#8710));
#8712=FACE_OUTER_BOUND('',#8711,.T.);
#8713=ADVANCED_FACE('',(#8712),#8685,.F.);
#8714=CARTESIAN_POINT('',(22.0,0.0,0.0));
#8715=DIRECTION('',(-1.0,0.0,0.0));
#8716=DIRECTION('',(0.0,-1.0,0.0));
#8717=AXIS2_PLACEMENT_3D('',#8714,#8715,#8716);
#8718=CYLINDRICAL_SURFACE('',#8717,16.500000000000000);
#8719=ORIENTED_EDGE('',*,*,#8647,.F.);
#8720=CARTESIAN_POINT('',(20.499999999999943,0.0,0.0));
#8721=DIRECTION('',(1.0,0.0,0.0));
#8722=DIRECTION('',(0.0,-1.0,0.0));
#8723=AXIS2_PLACEMENT_3D('',#8720,#8721,#8722);
#8724=CIRCLE('',#8723,16.500000000000000);
#8725=EDGE_CURVE('',#8459,#8633,#8724,.T.);
#8726=ORIENTED_EDGE('',*,*,#8725,.F.);
#8727=ORIENTED_EDGE('',*,*,#8464,.F.);
#8728=CARTESIAN_POINT('',(21.499999999999943,0.0,0.0));
#8729=DIRECTION('',(-1.0,0.0,0.0));
#8730=DIRECTION('',(0.0,-1.0,0.0));
#8731=AXIS2_PLACEMENT_3D('',#8728,#8729,#8730);
#8732=CIRCLE('',#8731,16.500000000000000);
#8733=EDGE_CURVE('',#8642,#8450,#8732,.T.);
#8734=ORIENTED_EDGE('',*,*,#8733,.F.);
#8735=EDGE_LOOP('',(#8719,#8726,#8727,#8734));
#8736=FACE_OUTER_BOUND('',#8735,.T.);
#8737=ADVANCED_FACE('',(#8736),#8718,.F.);
#8738=CARTESIAN_POINT('',(22.0,-11.778923736213528,-6.595980261982640));
#8739=DIRECTION('',(-1.0,0.0,0.0));
#8740=DIRECTION('',(0.0,0.306957799660074,0.951723126349174));
#8741=AXIS2_PLACEMENT_3D('',#8738,#8739,#8740);
#8742=CYLINDRICAL_SURFACE('',#8741,1.000000000000000);
#8743=ORIENTED_EDGE('',*,*,#8405,.T.);
#8744=CARTESIAN_POINT('',(20.499999999999943,-11.778923736213528,-6.595980261982640));
#8745=DIRECTION('',(-1.0,0.0,0.0));
#8746=DIRECTION('',(0.0,0.306957799660074,0.951723126349174));
#8747=AXIS2_PLACEMENT_3D('',#8744,#8745,#8746);
#8748=CIRCLE('',#8747,1.000000000000000);
#8749=EDGE_CURVE('',#8400,#8609,#8748,.T.);
#8750=ORIENTED_EDGE('',*,*,#8749,.T.);
#8751=ORIENTED_EDGE('',*,*,#8614,.T.);
#8752=CARTESIAN_POINT('',(21.499999999999943,-11.778923736213528,-6.595980261982640));
#8753=DIRECTION('',(1.0,0.0,0.0));
#8754=DIRECTION('',(0.0,0.306957799660074,0.951723126349174));
#8755=AXIS2_PLACEMENT_3D('',#8752,#8753,#8754);
#8756=CIRCLE('',#8755,1.000000000000000);
#8757=EDGE_CURVE('',#8600,#8398,#8756,.T.);
#8758=ORIENTED_EDGE('',*,*,#8757,.T.);
#8759=EDGE_LOOP('',(#8743,#8750,#8751,#8758));
#8760=FACE_OUTER_BOUND('',#8759,.T.);
#8761=ADVANCED_FACE('',(#8760),#8742,.F.);
#8762=CARTESIAN_POINT('',(22.0,-11.328847337958109,-5.282728271758799));
#8763=DIRECTION('',(0.0,-0.422618261740689,0.906307787036655));
#8764=DIRECTION('',(1.0,0.0,0.0));
#8765=AXIS2_PLACEMENT_3D('',#8762,#8763,#8764);
#8766=PLANE('',#8765);
#8767=ORIENTED_EDGE('',*,*,#8702,.F.);
#8768=CARTESIAN_POINT('',(20.499999999999943,-12.201541997954223,-5.689672474945954));
#8769=DIRECTION('',(0.0,-0.906307787036655,-0.422618261740690));
#8770=VECTOR('',#8769,2.004796280421774);
#8771=LINE('',#8768,#8770);
#8772=EDGE_CURVE('',#8417,#8688,#8771,.T.);
#8773=ORIENTED_EDGE('',*,*,#8772,.F.);
#8774=ORIENTED_EDGE('',*,*,#8422,.F.);
#8775=CARTESIAN_POINT('',(21.499999999999943,-14.018504478322598,-6.536935994122024));
#8776=DIRECTION('',(0.0,0.906307787036655,0.422618261740690));
#8777=VECTOR('',#8776,2.004796280421774);
#8778=LINE('',#8775,#8777);
#8779=EDGE_CURVE('',#8697,#8408,#8778,.T.);
#8780=ORIENTED_EDGE('',*,*,#8779,.F.);
#8781=EDGE_LOOP('',(#8767,#8773,#8774,#8780));
#8782=FACE_OUTER_BOUND('',#8781,.T.);
#8783=ADVANCED_FACE('',(#8782),#8766,.F.);
#8784=CARTESIAN_POINT('',(22.0,13.595886216581903,-7.443243781158715));
#8785=DIRECTION('',(-1.0,0.0,0.0));
#8786=DIRECTION('',(0.0,0.950241728148468,0.311513495831902));
#8787=AXIS2_PLACEMENT_3D('',#8784,#8785,#8786);
#8788=CYLINDRICAL_SURFACE('',#8787,1.0);
#8789=ORIENTED_EDGE('',*,*,#8363,.T.);
#8790=CARTESIAN_POINT('',(20.500000000000000,14.473040166038800,-7.923453057362513));
#8791=VERTEX_POINT('',#8790);
#8792=CARTESIAN_POINT('',(20.499999999999943,13.595886216581903,-7.443243781158715));
#8793=DIRECTION('',(-1.0,0.0,0.0));
#8794=DIRECTION('',(0.0,0.950241728148468,0.311513495831902));
#8795=AXIS2_PLACEMENT_3D('',#8792,#8793,#8794);
#8796=CIRCLE('',#8795,1.0);
#8797=EDGE_CURVE('',#8358,#8791,#8796,.T.);
#8798=ORIENTED_EDGE('',*,*,#8797,.T.);
#8799=CARTESIAN_POINT('',(21.500000000000000,14.473040166038800,-7.923453057362513));
#8800=VERTEX_POINT('',#8799);
#8801=CARTESIAN_POINT('',(20.500000000000000,14.473040166038800,-7.923453057362513));
#8802=DIRECTION('',(1.0,0.0,0.0));
#8803=VECTOR('',#8802,1.0);
#8804=LINE('',#8801,#8803);
#8805=EDGE_CURVE('',#8791,#8800,#8804,.T.);
#8806=ORIENTED_EDGE('',*,*,#8805,.T.);
#8807=CARTESIAN_POINT('',(21.499999999999943,13.595886216581903,-7.443243781158715));
#8808=DIRECTION('',(1.0,0.0,0.0));
#8809=DIRECTION('',(0.0,0.950241728148468,0.311513495831902));
#8810=AXIS2_PLACEMENT_3D('',#8807,#8808,#8809);
#8811=CIRCLE('',#8810,1.0);
#8812=EDGE_CURVE('',#8800,#8356,#8811,.T.);
#8813=ORIENTED_EDGE('',*,*,#8812,.T.);
#8814=EDGE_LOOP('',(#8789,#8798,#8806,#8813));
#8815=FACE_OUTER_BOUND('',#8814,.T.);
#8816=ADVANCED_FACE('',(#8815),#8788,.F.);
#8817=CARTESIAN_POINT('',(22.0,14.954078486104777,-6.973201318721578));
#8818=DIRECTION('',(0.0,0.422618261740689,0.906307787036655));
#8819=DIRECTION('',(1.0,0.0,0.0));
#8820=AXIS2_PLACEMENT_3D('',#8817,#8818,#8819);
#8821=PLANE('',#8820);
#8822=ORIENTED_EDGE('',*,*,#8380,.F.);
#8823=CARTESIAN_POINT('',(21.499999999999943,12.201541997954223,-5.689672474945978));
#8824=VERTEX_POINT('',#8823);
#8825=CARTESIAN_POINT('',(21.499999999999943,12.201541997954223,-5.689672474945978));
#8826=DIRECTION('',(0.0,0.906307787036655,-0.422618261740690));
#8827=VECTOR('',#8826,2.004796280421774);
#8828=LINE('',#8825,#8827);
#8829=EDGE_CURVE('',#8824,#8366,#8828,.T.);
#8830=ORIENTED_EDGE('',*,*,#8829,.F.);
#8831=CARTESIAN_POINT('',(20.499999999999943,12.201541997954223,-5.689672474945955));
#8832=VERTEX_POINT('',#8831);
#8833=CARTESIAN_POINT('',(20.499999999999943,12.201541997954223,-5.689672474945955));
#8834=DIRECTION('',(1.0,0.0,0.0));
#8835=VECTOR('',#8834,1.0);
#8836=LINE('',#8833,#8835);
#8837=EDGE_CURVE('',#8832,#8824,#8836,.T.);
#8838=ORIENTED_EDGE('',*,*,#8837,.F.);
#8839=CARTESIAN_POINT('',(20.499999999999943,14.018504478322598,-6.536935994122005));
#8840=DIRECTION('',(0.0,-0.906307787036655,0.422618261740689));
#8841=VECTOR('',#8840,2.004796280421774);
#8842=LINE('',#8839,#8841);
#8843=EDGE_CURVE('',#8375,#8832,#8842,.T.);
#8844=ORIENTED_EDGE('',*,*,#8843,.F.);
#8845=EDGE_LOOP('',(#8822,#8830,#8838,#8844));
#8846=FACE_OUTER_BOUND('',#8845,.T.);
#8847=ADVANCED_FACE('',(#8846),#8821,.F.);
#8848=CARTESIAN_POINT('',(22.0,7.443243781158685,-13.595886216581944));
#8849=DIRECTION('',(-1.0,0.0,0.0));
#8850=DIRECTION('',(0.0,-0.311513495831884,-0.950241728148474));
#8851=AXIS2_PLACEMENT_3D('',#8848,#8849,#8850);
#8852=CYLINDRICAL_SURFACE('',#8851,1.0);
#8853=ORIENTED_EDGE('',*,*,#8321,.T.);
#8854=CARTESIAN_POINT('',(20.499999999999943,6.536935994122018,-14.018504478322622));
#8855=VERTEX_POINT('',#8854);
#8856=CARTESIAN_POINT('',(20.499999999999943,7.443243781158685,-13.595886216581944));
#8857=DIRECTION('',(-1.0,0.0,0.0));
#8858=DIRECTION('',(0.0,-0.311513495831884,-0.950241728148474));
#8859=AXIS2_PLACEMENT_3D('',#8856,#8857,#8858);
#8860=CIRCLE('',#8859,1.0);
#8861=EDGE_CURVE('',#8316,#8855,#8860,.T.);
#8862=ORIENTED_EDGE('',*,*,#8861,.T.);
#8863=CARTESIAN_POINT('',(21.499999999999943,6.536935994122018,-14.018504478322612));
#8864=VERTEX_POINT('',#8863);
#8865=CARTESIAN_POINT('',(20.499999999999943,6.536935994122018,-14.018504478322622));
#8866=DIRECTION('',(1.0,0.0,0.0));
#8867=VECTOR('',#8866,1.0);
#8868=LINE('',#8865,#8867);
#8869=EDGE_CURVE('',#8855,#8864,#8868,.T.);
#8870=ORIENTED_EDGE('',*,*,#8869,.T.);
#8871=CARTESIAN_POINT('',(21.499999999999943,7.443243781158685,-13.595886216581944));
#8872=DIRECTION('',(1.0,0.0,0.0));
#8873=DIRECTION('',(0.0,-0.311513495831884,-0.950241728148474));
#8874=AXIS2_PLACEMENT_3D('',#8871,#8872,#8873);
#8875=CIRCLE('',#8874,1.0);
#8876=EDGE_CURVE('',#8864,#8314,#8875,.T.);
#8877=ORIENTED_EDGE('',*,*,#8876,.T.);
#8878=EDGE_LOOP('',(#8853,#8862,#8870,#8877));
#8879=FACE_OUTER_BOUND('',#8878,.T.);
#8880=ADVANCED_FACE('',(#8879),#8852,.F.);
#8881=CARTESIAN_POINT('',(22.0,0.0,0.0));
#8882=DIRECTION('',(-1.0,0.0,0.0));
#8883=DIRECTION('',(0.0,-1.0,0.0));
#8884=AXIS2_PLACEMENT_3D('',#8881,#8882,#8883);
#8885=CYLINDRICAL_SURFACE('',#8884,16.500000000000000);
#8886=ORIENTED_EDGE('',*,*,#8805,.F.);
#8887=CARTESIAN_POINT('',(20.499999999999943,0.0,0.0));
#8888=DIRECTION('',(1.0,0.0,0.0));
#8889=DIRECTION('',(0.0,-1.0,0.0));
#8890=AXIS2_PLACEMENT_3D('',#8887,#8888,#8889);
#8891=CIRCLE('',#8890,16.500000000000000);
#8892=EDGE_CURVE('',#8333,#8791,#8891,.T.);
#8893=ORIENTED_EDGE('',*,*,#8892,.F.);
#8894=ORIENTED_EDGE('',*,*,#8338,.F.);
#8895=CARTESIAN_POINT('',(21.499999999999943,0.0,0.0));
#8896=DIRECTION('',(-1.0,0.0,0.0));
#8897=DIRECTION('',(0.0,-1.0,0.0));
#8898=AXIS2_PLACEMENT_3D('',#8895,#8896,#8897);
#8899=CIRCLE('',#8898,16.500000000000000);
#8900=EDGE_CURVE('',#8800,#8324,#8899,.T.);
#8901=ORIENTED_EDGE('',*,*,#8900,.F.);
#8902=EDGE_LOOP('',(#8886,#8893,#8894,#8901));
#8903=FACE_OUTER_BOUND('',#8902,.T.);
#8904=ADVANCED_FACE('',(#8903),#8885,.F.);
#8905=CARTESIAN_POINT('',(22.0,6.595980261982618,-11.778923736213574));
#8906=DIRECTION('',(-1.0,0.0,0.0));
#8907=DIRECTION('',(0.0,-0.951723126349130,0.306957799660210));
#8908=AXIS2_PLACEMENT_3D('',#8905,#8906,#8907);
#8909=CYLINDRICAL_SURFACE('',#8908,1.000000000000000);
#8910=ORIENTED_EDGE('',*,*,#8279,.T.);
#8911=CARTESIAN_POINT('',(20.500000000000000,6.107389131465425,-10.906410866864411));
#8912=VERTEX_POINT('',#8911);
#8913=CARTESIAN_POINT('',(20.499999999999943,6.595980261982618,-11.778923736213574));
#8914=DIRECTION('',(-1.0,0.0,0.0));
#8915=DIRECTION('',(0.0,-0.951723126349130,0.306957799660210));
#8916=AXIS2_PLACEMENT_3D('',#8913,#8914,#8915);
#8917=CIRCLE('',#8916,1.000000000000000);
#8918=EDGE_CURVE('',#8274,#8912,#8917,.T.);
#8919=ORIENTED_EDGE('',*,*,#8918,.T.);
#8920=CARTESIAN_POINT('',(21.500000000000000,6.107389131465425,-10.906410866864411));
#8921=VERTEX_POINT('',#8920);
#8922=CARTESIAN_POINT('',(20.500000000000000,6.107389131465425,-10.906410866864411));
#8923=DIRECTION('',(1.0,0.0,0.0));
#8924=VECTOR('',#8923,1.0);
#8925=LINE('',#8922,#8924);
#8926=EDGE_CURVE('',#8912,#8921,#8925,.T.);
#8927=ORIENTED_EDGE('',*,*,#8926,.T.);
#8928=CARTESIAN_POINT('',(21.499999999999943,6.595980261982618,-11.778923736213574));
#8929=DIRECTION('',(1.0,0.0,0.0));
#8930=DIRECTION('',(0.0,-0.951723126349130,0.306957799660210));
#8931=AXIS2_PLACEMENT_3D('',#8928,#8929,#8930);
#8932=CIRCLE('',#8931,1.000000000000000);
#8933=EDGE_CURVE('',#8921,#8272,#8932,.T.);
#8934=ORIENTED_EDGE('',*,*,#8933,.T.);
#8935=EDGE_LOOP('',(#8910,#8919,#8927,#8934));
#8936=FACE_OUTER_BOUND('',#8935,.T.);
#8937=ADVANCED_FACE('',(#8936),#8909,.F.);
#8938=CARTESIAN_POINT('',(22.0,5.282728271758856,-11.328847337958091));
#8939=DIRECTION('',(0.0,-0.906307787036666,-0.422618261740664));
#8940=DIRECTION('',(0.0,0.422618261740664,-0.906307787036666));
#8941=AXIS2_PLACEMENT_3D('',#8938,#8939,#8940);
#8942=PLANE('',#8941);
#8943=ORIENTED_EDGE('',*,*,#8869,.F.);
#8944=CARTESIAN_POINT('',(20.499999999999943,5.689672474946065,-12.201541997954196));
#8945=DIRECTION('',(0.0,0.422618261740640,-0.906307787036678));
#8946=VECTOR('',#8945,2.004796280421780);
#8947=LINE('',#8944,#8946);
#8948=EDGE_CURVE('',#8291,#8855,#8947,.T.);
#8949=ORIENTED_EDGE('',*,*,#8948,.F.);
#8950=ORIENTED_EDGE('',*,*,#8296,.F.);
#8951=CARTESIAN_POINT('',(21.499999999999943,6.536935994122018,-14.018504478322612));
#8952=DIRECTION('',(0.0,-0.422618261740640,0.906307787036678));
#8953=VECTOR('',#8952,2.004796280421782);
#8954=LINE('',#8951,#8953);
#8955=EDGE_CURVE('',#8864,#8282,#8954,.T.);
#8956=ORIENTED_EDGE('',*,*,#8955,.F.);
#8957=EDGE_LOOP('',(#8943,#8949,#8950,#8956));
#8958=FACE_OUTER_BOUND('',#8957,.T.);
#8959=ADVANCED_FACE('',(#8958),#8942,.F.);
#8960=CARTESIAN_POINT('',(22.0,11.778923736213528,-6.595980261982645));
#8961=DIRECTION('',(-1.0,0.0,0.0));
#8962=DIRECTION('',(0.0,-0.306957799660073,0.951723126349174));
#8963=AXIS2_PLACEMENT_3D('',#8960,#8961,#8962);
#8964=CYLINDRICAL_SURFACE('',#8963,1.0);
#8965=ORIENTED_EDGE('',*,*,#8237,.T.);
#8966=CARTESIAN_POINT('',(20.499999999999943,11.778923736213528,-6.595980261982645));
#8967=DIRECTION('',(-1.0,0.0,0.0));
#8968=DIRECTION('',(0.0,-0.306957799660073,0.951723126349174));
#8969=AXIS2_PLACEMENT_3D('',#8966,#8967,#8968);
#8970=CIRCLE('',#8969,1.0);
#8971=EDGE_CURVE('',#8232,#8832,#8970,.T.);
#8972=ORIENTED_EDGE('',*,*,#8971,.T.);
#8973=ORIENTED_EDGE('',*,*,#8837,.T.);
#8974=CARTESIAN_POINT('',(21.499999999999943,11.778923736213528,-6.595980261982645));
#8975=DIRECTION('',(1.0,0.0,0.0));
#8976=DIRECTION('',(0.0,-0.306957799660073,0.951723126349174));
#8977=AXIS2_PLACEMENT_3D('',#8974,#8975,#8976);
#8978=CIRCLE('',#8977,1.0);
#8979=EDGE_CURVE('',#8824,#8230,#8978,.T.);
#8980=ORIENTED_EDGE('',*,*,#8979,.T.);
#8981=EDGE_LOOP('',(#8965,#8972,#8973,#8980));
#8982=FACE_OUTER_BOUND('',#8981,.T.);
#8983=ADVANCED_FACE('',(#8982),#8964,.F.);
#8984=CARTESIAN_POINT('',(22.0,0.0,0.0));
#8985=DIRECTION('',(-1.0,0.0,0.0));
#8986=DIRECTION('',(0.0,-1.0,0.0));
#8987=AXIS2_PLACEMENT_3D('',#8984,#8985,#8986);
#8988=CYLINDRICAL_SURFACE('',#8987,12.500000000000000);
#8989=ORIENTED_EDGE('',*,*,#8926,.F.);
#8990=CARTESIAN_POINT('',(20.499999999999943,0.0,0.0));
#8991=DIRECTION('',(-1.0,0.0,0.0));
#8992=DIRECTION('',(0.0,-1.0,0.0));
#8993=AXIS2_PLACEMENT_3D('',#8990,#8991,#8992);
#8994=CIRCLE('',#8993,12.500000000000000);
#8995=EDGE_CURVE('',#8249,#8912,#8994,.T.);
#8996=ORIENTED_EDGE('',*,*,#8995,.F.);
#8997=ORIENTED_EDGE('',*,*,#8254,.F.);
#8998=CARTESIAN_POINT('',(21.499999999999943,0.0,0.0));
#8999=DIRECTION('',(1.0,0.0,0.0));
#9000=DIRECTION('',(0.0,-1.0,0.0));
#9001=AXIS2_PLACEMENT_3D('',#8998,#8999,#9000);
#9002=CIRCLE('',#9001,12.500000000000000);
#9003=EDGE_CURVE('',#8921,#8240,#9002,.T.);
#9004=ORIENTED_EDGE('',*,*,#9003,.F.);
#9005=EDGE_LOOP('',(#8989,#8996,#8997,#9004));
#9006=FACE_OUTER_BOUND('',#9005,.T.);
#9007=ADVANCED_FACE('',(#9006),#8988,.T.);
#9008=CARTESIAN_POINT('',(22.0,6.595980261982618,11.778923736213571));
#9009=DIRECTION('',(-1.0,0.0,0.0));
#9010=DIRECTION('',(0.0,-0.951723126349131,-0.306957799660207));
#9011=AXIS2_PLACEMENT_3D('',#9008,#9009,#9010);
#9012=CYLINDRICAL_SURFACE('',#9011,1.0);
#9013=ORIENTED_EDGE('',*,*,#8195,.T.);
#9014=CARTESIAN_POINT('',(20.499999999999943,5.689672474945951,12.201541997954216));
#9015=VERTEX_POINT('',#9014);
#9016=CARTESIAN_POINT('',(20.499999999999943,6.595980261982618,11.778923736213571));
#9017=DIRECTION('',(-1.0,0.0,0.0));
#9018=DIRECTION('',(0.0,-0.951723126349131,-0.306957799660207));
#9019=AXIS2_PLACEMENT_3D('',#9016,#9017,#9018);
#9020=CIRCLE('',#9019,1.0);
#9021=EDGE_CURVE('',#8190,#9015,#9020,.T.);
#9022=ORIENTED_EDGE('',*,*,#9021,.T.);
#9023=CARTESIAN_POINT('',(21.499999999999943,5.689672474945951,12.201541997954205));
#9024=VERTEX_POINT('',#9023);
#9025=CARTESIAN_POINT('',(20.499999999999943,5.689672474945951,12.201541997954216));
#9026=DIRECTION('',(1.0,0.0,0.0));
#9027=VECTOR('',#9026,1.0);
#9028=LINE('',#9025,#9027);
#9029=EDGE_CURVE('',#9015,#9024,#9028,.T.);
#9030=ORIENTED_EDGE('',*,*,#9029,.T.);
#9031=CARTESIAN_POINT('',(21.499999999999943,6.595980261982618,11.778923736213571));
#9032=DIRECTION('',(1.0,0.0,0.0));
#9033=DIRECTION('',(0.0,-0.951723126349131,-0.306957799660207));
#9034=AXIS2_PLACEMENT_3D('',#9031,#9032,#9033);
#9035=CIRCLE('',#9034,1.0);
#9036=EDGE_CURVE('',#9024,#8188,#9035,.T.);
#9037=ORIENTED_EDGE('',*,*,#9036,.T.);
#9038=EDGE_LOOP('',(#9013,#9022,#9030,#9037));
#9039=FACE_OUTER_BOUND('',#9038,.T.);
#9040=ADVANCED_FACE('',(#9039),#9012,.F.);
#9041=CARTESIAN_POINT('',(22.0,0.0,0.0));
#9042=DIRECTION('',(-1.0,0.0,0.0));
#9043=DIRECTION('',(0.0,-1.0,0.0));
#9044=AXIS2_PLACEMENT_3D('',#9041,#9042,#9043);
#9045=CYLINDRICAL_SURFACE('',#9044,12.500000000000000);
#9046=ORIENTED_EDGE('',*,*,#8212,.F.);
#9047=CARTESIAN_POINT('',(21.500000000000000,10.906410866864462,6.107389131465400));
#9048=VERTEX_POINT('',#9047);
#9049=CARTESIAN_POINT('',(21.499999999999943,0.0,0.0));
#9050=DIRECTION('',(1.0,0.0,0.0));
#9051=DIRECTION('',(0.0,-1.0,0.0));
#9052=AXIS2_PLACEMENT_3D('',#9049,#9050,#9051);
#9053=CIRCLE('',#9052,12.500000000000000);
#9054=EDGE_CURVE('',#9048,#8198,#9053,.T.);
#9055=ORIENTED_EDGE('',*,*,#9054,.F.);
#9056=CARTESIAN_POINT('',(20.500000000000000,10.906410866864462,6.107389131465400));
#9057=VERTEX_POINT('',#9056);
#9058=CARTESIAN_POINT('',(20.500000000000000,10.906410866864462,6.107389131465400));
#9059=DIRECTION('',(1.0,0.0,0.0));
#9060=VECTOR('',#9059,1.0);
#9061=LINE('',#9058,#9060);
#9062=EDGE_CURVE('',#9057,#9048,#9061,.T.);
#9063=ORIENTED_EDGE('',*,*,#9062,.F.);
#9064=CARTESIAN_POINT('',(20.499999999999943,0.0,0.0));
#9065=DIRECTION('',(-1.0,0.0,0.0));
#9066=DIRECTION('',(0.0,-1.0,0.0));
#9067=AXIS2_PLACEMENT_3D('',#9064,#9065,#9066);
#9068=CIRCLE('',#9067,12.500000000000000);
#9069=EDGE_CURVE('',#8207,#9057,#9068,.T.);
#9070=ORIENTED_EDGE('',*,*,#9069,.F.);
#9071=EDGE_LOOP('',(#9046,#9055,#9063,#9070));
#9072=FACE_OUTER_BOUND('',#9071,.T.);
#9073=ADVANCED_FACE('',(#9072),#9045,.T.);
#9074=CARTESIAN_POINT('',(22.0,7.443243781158685,13.595886216581944));
#9075=DIRECTION('',(-1.0,0.0,0.0));
#9076=DIRECTION('',(0.0,-0.311513495831884,0.950241728148474));
#9077=AXIS2_PLACEMENT_3D('',#9074,#9075,#9076);
#9078=CYLINDRICAL_SURFACE('',#9077,1.0);
#9079=ORIENTED_EDGE('',*,*,#8153,.T.);
#9080=CARTESIAN_POINT('',(20.500000000000000,7.923453057362508,14.473040166038796));
#9081=VERTEX_POINT('',#9080);
#9082=CARTESIAN_POINT('',(20.499999999999943,7.443243781158685,13.595886216581944));
#9083=DIRECTION('',(-1.0,0.0,0.0));
#9084=DIRECTION('',(0.0,-0.311513495831884,0.950241728148474));
#9085=AXIS2_PLACEMENT_3D('',#9082,#9083,#9084);
#9086=CIRCLE('',#9085,1.0);
#9087=EDGE_CURVE('',#8148,#9081,#9086,.T.);
#9088=ORIENTED_EDGE('',*,*,#9087,.T.);
#9089=CARTESIAN_POINT('',(21.500000000000000,7.923453057362508,14.473040166038796));
#9090=VERTEX_POINT('',#9089);
#9091=CARTESIAN_POINT('',(20.500000000000000,7.923453057362508,14.473040166038796));
#9092=DIRECTION('',(1.0,0.0,0.0));
#9093=VECTOR('',#9092,1.0);
#9094=LINE('',#9091,#9093);
#9095=EDGE_CURVE('',#9081,#9090,#9094,.T.);
#9096=ORIENTED_EDGE('',*,*,#9095,.T.);
#9097=CARTESIAN_POINT('',(21.499999999999943,7.443243781158685,13.595886216581944));
#9098=DIRECTION('',(1.0,0.0,0.0));
#9099=DIRECTION('',(0.0,-0.311513495831884,0.950241728148474));
#9100=AXIS2_PLACEMENT_3D('',#9097,#9098,#9099);
#9101=CIRCLE('',#9100,1.0);
#9102=EDGE_CURVE('',#9090,#8146,#9101,.T.);
#9103=ORIENTED_EDGE('',*,*,#9102,.T.);
#9104=EDGE_LOOP('',(#9079,#9088,#9096,#9103));
#9105=FACE_OUTER_BOUND('',#9104,.T.);
#9106=ADVANCED_FACE('',(#9105),#9078,.F.);
#9107=CARTESIAN_POINT('',(22.0,6.973201318721522,14.954078486104777));
#9108=DIRECTION('',(0.0,-0.906307787036666,0.422618261740664));
#9109=DIRECTION('',(0.0,-0.422618261740664,-0.906307787036666));
#9110=AXIS2_PLACEMENT_3D('',#9107,#9108,#9109);
#9111=PLANE('',#9110);
#9112=ORIENTED_EDGE('',*,*,#9029,.F.);
#9113=CARTESIAN_POINT('',(20.499999999999943,6.536935994122018,14.018504478322646));
#9114=DIRECTION('',(0.0,-0.422618261740686,-0.906307787036656));
#9115=VECTOR('',#9114,2.004796280421831);
#9116=LINE('',#9113,#9115);
#9117=EDGE_CURVE('',#8165,#9015,#9116,.T.);
#9118=ORIENTED_EDGE('',*,*,#9117,.F.);
#9119=ORIENTED_EDGE('',*,*,#8170,.F.);
#9120=CARTESIAN_POINT('',(21.499999999999943,5.689672474945951,12.201541997954205));
#9121=DIRECTION('',(0.0,0.422618261740686,0.906307787036656));
#9122=VECTOR('',#9121,2.004796280421830);
#9123=LINE('',#9120,#9122);
#9124=EDGE_CURVE('',#9024,#8156,#9123,.T.);
#9125=ORIENTED_EDGE('',*,*,#9124,.F.);
#9126=EDGE_LOOP('',(#9112,#9118,#9119,#9125));
#9127=FACE_OUTER_BOUND('',#9126,.T.);
#9128=ADVANCED_FACE('',(#9127),#9111,.F.);
#9129=CARTESIAN_POINT('',(22.0,-13.595886216581903,7.443243781158715));
#9130=DIRECTION('',(-1.0,0.0,0.0));
#9131=DIRECTION('',(0.0,-0.950241728148468,-0.311513495831902));
#9132=AXIS2_PLACEMENT_3D('',#9129,#9130,#9131);
#9133=CYLINDRICAL_SURFACE('',#9132,1.0);
#9134=ORIENTED_EDGE('',*,*,#8111,.T.);
#9135=CARTESIAN_POINT('',(20.500000000000000,-14.473040166038800,7.923453057362513));
#9136=VERTEX_POINT('',#9135);
#9137=CARTESIAN_POINT('',(20.499999999999943,-13.595886216581903,7.443243781158715));
#9138=DIRECTION('',(-1.0,0.0,0.0));
#9139=DIRECTION('',(0.0,-0.950241728148468,-0.311513495831902));
#9140=AXIS2_PLACEMENT_3D('',#9137,#9138,#9139);
#9141=CIRCLE('',#9140,1.0);
#9142=EDGE_CURVE('',#8106,#9136,#9141,.T.);
#9143=ORIENTED_EDGE('',*,*,#9142,.T.);
#9144=CARTESIAN_POINT('',(21.500000000000000,-14.473040166038800,7.923453057362513));
#9145=VERTEX_POINT('',#9144);
#9146=CARTESIAN_POINT('',(20.500000000000000,-14.473040166038800,7.923453057362513));
#9147=DIRECTION('',(1.0,0.0,0.0));
#9148=VECTOR('',#9147,1.0);
#9149=LINE('',#9146,#9148);
#9150=EDGE_CURVE('',#9136,#9145,#9149,.T.);
#9151=ORIENTED_EDGE('',*,*,#9150,.T.);
#9152=CARTESIAN_POINT('',(21.499999999999943,-13.595886216581903,7.443243781158715));
#9153=DIRECTION('',(1.0,0.0,0.0));
#9154=DIRECTION('',(0.0,-0.950241728148468,-0.311513495831902));
#9155=AXIS2_PLACEMENT_3D('',#9152,#9153,#9154);
#9156=CIRCLE('',#9155,1.0);
#9157=EDGE_CURVE('',#9145,#8104,#9156,.T.);
#9158=ORIENTED_EDGE('',*,*,#9157,.T.);
#9159=EDGE_LOOP('',(#9134,#9143,#9151,#9158));
#9160=FACE_OUTER_BOUND('',#9159,.T.);
#9161=ADVANCED_FACE('',(#9160),#9133,.F.);
#9162=CARTESIAN_POINT('',(22.0,-14.954078486104777,6.973201318721578));
#9163=DIRECTION('',(0.0,-0.422618261740689,-0.906307787036655));
#9164=DIRECTION('',(-1.0,0.0,0.0));
#9165=AXIS2_PLACEMENT_3D('',#9162,#9163,#9164);
#9166=PLANE('',#9165);
#9167=ORIENTED_EDGE('',*,*,#8128,.F.);
#9168=CARTESIAN_POINT('',(21.499999999999943,-12.201541997954223,5.689672474945974));
#9169=VERTEX_POINT('',#9168);
#9170=CARTESIAN_POINT('',(21.499999999999943,-12.201541997954223,5.689672474945974));
#9171=DIRECTION('',(0.0,-0.906307787036655,0.422618261740689));
#9172=VECTOR('',#9171,2.004796280421774);
#9173=LINE('',#9170,#9172);
#9174=EDGE_CURVE('',#9169,#8114,#9173,.T.);
#9175=ORIENTED_EDGE('',*,*,#9174,.F.);
#9176=CARTESIAN_POINT('',(20.499999999999943,-12.201541997954223,5.689672474945954));
#9177=VERTEX_POINT('',#9176);
#9178=CARTESIAN_POINT('',(20.499999999999943,-12.201541997954223,5.689672474945954));
#9179=DIRECTION('',(1.0,0.0,0.0));
#9180=VECTOR('',#9179,1.0);
#9181=LINE('',#9178,#9180);
#9182=EDGE_CURVE('',#9177,#9169,#9181,.T.);
#9183=ORIENTED_EDGE('',*,*,#9182,.F.);
#9184=CARTESIAN_POINT('',(20.499999999999943,-14.018504478322598,6.536935994122002));
#9185=DIRECTION('',(0.0,0.906307787036655,-0.422618261740689));
#9186=VECTOR('',#9185,2.004796280421774);
#9187=LINE('',#9184,#9186);
#9188=EDGE_CURVE('',#8123,#9177,#9187,.T.);
#9189=ORIENTED_EDGE('',*,*,#9188,.F.);
#9190=EDGE_LOOP('',(#9167,#9175,#9183,#9189));
#9191=FACE_OUTER_BOUND('',#9190,.T.);
#9192=ADVANCED_FACE('',(#9191),#9166,.F.);
#9193=CARTESIAN_POINT('',(22.0,-11.778923736213528,6.595980261982649));
#9194=DIRECTION('',(-1.0,0.0,0.0));
#9195=DIRECTION('',(0.0,0.306957799660213,-0.951723126349129));
#9196=AXIS2_PLACEMENT_3D('',#9193,#9194,#9195);
#9197=CYLINDRICAL_SURFACE('',#9196,1.0);
#9198=ORIENTED_EDGE('',*,*,#8069,.T.);
#9199=CARTESIAN_POINT('',(20.499999999999943,-11.778923736213528,6.595980261982649));
#9200=DIRECTION('',(-1.0,0.0,0.0));
#9201=DIRECTION('',(0.0,0.306957799660213,-0.951723126349129));
#9202=AXIS2_PLACEMENT_3D('',#9199,#9200,#9201);
#9203=CIRCLE('',#9202,1.0);
#9204=EDGE_CURVE('',#8064,#9177,#9203,.T.);
#9205=ORIENTED_EDGE('',*,*,#9204,.T.);
#9206=ORIENTED_EDGE('',*,*,#9182,.T.);
#9207=CARTESIAN_POINT('',(21.499999999999943,-11.778923736213528,6.595980261982649));
#9208=DIRECTION('',(1.0,0.0,0.0));
#9209=DIRECTION('',(0.0,0.306957799660213,-0.951723126349129));
#9210=AXIS2_PLACEMENT_3D('',#9207,#9208,#9209);
#9211=CIRCLE('',#9210,1.0);
#9212=EDGE_CURVE('',#9169,#8062,#9211,.T.);
#9213=ORIENTED_EDGE('',*,*,#9212,.T.);
#9214=EDGE_LOOP('',(#9198,#9205,#9206,#9213));
#9215=FACE_OUTER_BOUND('',#9214,.T.);
#9216=ADVANCED_FACE('',(#9215),#9197,.F.);
#9217=CARTESIAN_POINT('',(22.0,0.0,0.0));
#9218=DIRECTION('',(-1.0,0.0,0.0));
#9219=DIRECTION('',(0.0,-1.0,0.0));
#9220=AXIS2_PLACEMENT_3D('',#9217,#9218,#9219);
#9221=CYLINDRICAL_SURFACE('',#9220,12.500000000000000);
#9222=ORIENTED_EDGE('',*,*,#8086,.F.);
#9223=CARTESIAN_POINT('',(21.500000000000000,-6.107389131465425,10.906410866864411));
#9224=VERTEX_POINT('',#9223);
#9225=CARTESIAN_POINT('',(21.499999999999943,0.0,0.0));
#9226=DIRECTION('',(1.0,0.0,0.0));
#9227=DIRECTION('',(0.0,-1.0,0.0));
#9228=AXIS2_PLACEMENT_3D('',#9225,#9226,#9227);
#9229=CIRCLE('',#9228,12.500000000000000);
#9230=EDGE_CURVE('',#9224,#8072,#9229,.T.);
#9231=ORIENTED_EDGE('',*,*,#9230,.F.);
#9232=CARTESIAN_POINT('',(20.500000000000000,-6.107389131465425,10.906410866864411));
#9233=VERTEX_POINT('',#9232);
#9234=CARTESIAN_POINT('',(20.500000000000000,-6.107389131465425,10.906410866864411));
#9235=DIRECTION('',(1.0,0.0,0.0));
#9236=VECTOR('',#9235,1.0);
#9237=LINE('',#9234,#9236);
#9238=EDGE_CURVE('',#9233,#9224,#9237,.T.);
#9239=ORIENTED_EDGE('',*,*,#9238,.F.);
#9240=CARTESIAN_POINT('',(20.499999999999943,0.0,0.0));
#9241=DIRECTION('',(-1.0,0.0,0.0));
#9242=DIRECTION('',(0.0,-1.0,0.0));
#9243=AXIS2_PLACEMENT_3D('',#9240,#9241,#9242);
#9244=CIRCLE('',#9243,12.500000000000000);
#9245=EDGE_CURVE('',#8081,#9233,#9244,.T.);
#9246=ORIENTED_EDGE('',*,*,#9245,.F.);
#9247=EDGE_LOOP('',(#9222,#9231,#9239,#9246));
#9248=FACE_OUTER_BOUND('',#9247,.T.);
#9249=ADVANCED_FACE('',(#9248),#9221,.T.);
#9250=CARTESIAN_POINT('',(22.0,-6.595980261982618,11.778923736213574));
#9251=DIRECTION('',(-1.0,0.0,0.0));
#9252=DIRECTION('',(0.0,0.951723126349130,-0.306957799660210));
#9253=AXIS2_PLACEMENT_3D('',#9250,#9251,#9252);
#9254=CYLINDRICAL_SURFACE('',#9253,1.000000000000000);
#9255=ORIENTED_EDGE('',*,*,#8027,.T.);
#9256=CARTESIAN_POINT('',(20.499999999999943,-6.595980261982618,11.778923736213574));
#9257=DIRECTION('',(-1.0,0.0,0.0));
#9258=DIRECTION('',(0.0,0.951723126349130,-0.306957799660210));
#9259=AXIS2_PLACEMENT_3D('',#9256,#9257,#9258);
#9260=CIRCLE('',#9259,1.000000000000000);
#9261=EDGE_CURVE('',#8022,#9233,#9260,.T.);
#9262=ORIENTED_EDGE('',*,*,#9261,.T.);
#9263=ORIENTED_EDGE('',*,*,#9238,.T.);
#9264=CARTESIAN_POINT('',(21.499999999999943,-6.595980261982618,11.778923736213574));
#9265=DIRECTION('',(1.0,0.0,0.0));
#9266=DIRECTION('',(0.0,0.951723126349130,-0.306957799660210));
#9267=AXIS2_PLACEMENT_3D('',#9264,#9265,#9266);
#9268=CIRCLE('',#9267,1.000000000000000);
#9269=EDGE_CURVE('',#9224,#8020,#9268,.T.);
#9270=ORIENTED_EDGE('',*,*,#9269,.T.);
#9271=EDGE_LOOP('',(#9255,#9262,#9263,#9270));
#9272=FACE_OUTER_BOUND('',#9271,.T.);
#9273=ADVANCED_FACE('',(#9272),#9254,.F.);
#9274=CARTESIAN_POINT('',(22.0,-5.282728271758856,11.328847337958091));
#9275=DIRECTION('',(0.0,0.906307787036666,0.422618261740664));
#9276=DIRECTION('',(0.0,-0.422618261740664,0.906307787036666));
#9277=AXIS2_PLACEMENT_3D('',#9274,#9275,#9276);
#9278=PLANE('',#9277);
#9279=ORIENTED_EDGE('',*,*,#8044,.F.);
#9280=CARTESIAN_POINT('',(21.499999999999943,-6.536935994122018,14.018504478322614));
#9281=VERTEX_POINT('',#9280);
#9282=CARTESIAN_POINT('',(21.499999999999943,-6.536935994122018,14.018504478322614));
#9283=DIRECTION('',(0.0,0.422618261740640,-0.906307787036678));
#9284=VECTOR('',#9283,2.004796280421782);
#9285=LINE('',#9282,#9284);
#9286=EDGE_CURVE('',#9281,#8030,#9285,.T.);
#9287=ORIENTED_EDGE('',*,*,#9286,.F.);
#9288=CARTESIAN_POINT('',(20.499999999999943,-6.536935994122018,14.018504478322601));
#9289=VERTEX_POINT('',#9288);
#9290=CARTESIAN_POINT('',(20.499999999999943,-6.536935994122018,14.018504478322601));
#9291=DIRECTION('',(1.0,0.0,0.0));
#9292=VECTOR('',#9291,1.0);
#9293=LINE('',#9290,#9292);
#9294=EDGE_CURVE('',#9289,#9281,#9293,.T.);
#9295=ORIENTED_EDGE('',*,*,#9294,.F.);
#9296=CARTESIAN_POINT('',(20.499999999999943,-5.689672474946065,12.201541997954173));
#9297=DIRECTION('',(0.0,-0.422618261740640,0.906307787036678));
#9298=VECTOR('',#9297,2.004796280421782);
#9299=LINE('',#9296,#9298);
#9300=EDGE_CURVE('',#8039,#9289,#9299,.T.);
#9301=ORIENTED_EDGE('',*,*,#9300,.F.);
#9302=EDGE_LOOP('',(#9279,#9287,#9295,#9301));
#9303=FACE_OUTER_BOUND('',#9302,.T.);
#9304=ADVANCED_FACE('',(#9303),#9278,.F.);
#9305=CARTESIAN_POINT('',(22.0,-7.443243781158685,13.595886216581944));
#9306=DIRECTION('',(-1.0,0.0,0.0));
#9307=DIRECTION('',(0.0,0.311513495831884,0.950241728148474));
#9308=AXIS2_PLACEMENT_3D('',#9305,#9306,#9307);
#9309=CYLINDRICAL_SURFACE('',#9308,1.0);
#9310=ORIENTED_EDGE('',*,*,#7985,.T.);
#9311=CARTESIAN_POINT('',(20.499999999999943,-7.443243781158685,13.595886216581944));
#9312=DIRECTION('',(-1.0,0.0,0.0));
#9313=DIRECTION('',(0.0,0.311513495831884,0.950241728148474));
#9314=AXIS2_PLACEMENT_3D('',#9311,#9312,#9313);
#9315=CIRCLE('',#9314,1.0);
#9316=EDGE_CURVE('',#7980,#9289,#9315,.T.);
#9317=ORIENTED_EDGE('',*,*,#9316,.T.);
#9318=ORIENTED_EDGE('',*,*,#9294,.T.);
#9319=CARTESIAN_POINT('',(21.499999999999943,-7.443243781158685,13.595886216581944));
#9320=DIRECTION('',(1.0,0.0,0.0));
#9321=DIRECTION('',(0.0,0.311513495831884,0.950241728148474));
#9322=AXIS2_PLACEMENT_3D('',#9319,#9320,#9321);
#9323=CIRCLE('',#9322,1.0);
#9324=EDGE_CURVE('',#9281,#7978,#9323,.T.);
#9325=ORIENTED_EDGE('',*,*,#9324,.T.);
#9326=EDGE_LOOP('',(#9310,#9317,#9318,#9325));
#9327=FACE_OUTER_BOUND('',#9326,.T.);
#9328=ADVANCED_FACE('',(#9327),#9309,.F.);
#9329=CARTESIAN_POINT('',(22.0,0.0,0.0));
#9330=DIRECTION('',(-1.0,0.0,0.0));
#9331=DIRECTION('',(0.0,-1.0,0.0));
#9332=AXIS2_PLACEMENT_3D('',#9329,#9330,#9331);
#9333=CYLINDRICAL_SURFACE('',#9332,16.500000000000000);
#9334=ORIENTED_EDGE('',*,*,#9150,.F.);
#9335=CARTESIAN_POINT('',(20.499999999999943,0.0,0.0));
#9336=DIRECTION('',(1.0,0.0,0.0));
#9337=DIRECTION('',(0.0,-1.0,0.0));
#9338=AXIS2_PLACEMENT_3D('',#9335,#9336,#9337);
#9339=CIRCLE('',#9338,16.500000000000000);
#9340=EDGE_CURVE('',#7997,#9136,#9339,.T.);
#9341=ORIENTED_EDGE('',*,*,#9340,.F.);
#9342=ORIENTED_EDGE('',*,*,#8002,.F.);
#9343=CARTESIAN_POINT('',(21.499999999999943,0.0,0.0));
#9344=DIRECTION('',(-1.0,0.0,0.0));
#9345=DIRECTION('',(0.0,-1.0,0.0));
#9346=AXIS2_PLACEMENT_3D('',#9343,#9344,#9345);
#9347=CIRCLE('',#9346,16.500000000000000);
#9348=EDGE_CURVE('',#9145,#7988,#9347,.T.);
#9349=ORIENTED_EDGE('',*,*,#9348,.F.);
#9350=EDGE_LOOP('',(#9334,#9341,#9342,#9349));
#9351=FACE_OUTER_BOUND('',#9350,.T.);
#9352=ADVANCED_FACE('',(#9351),#9333,.F.);
#9353=CARTESIAN_POINT('',(22.0,13.595886216581903,7.443243781158709));
#9354=DIRECTION('',(-1.0,0.0,0.0));
#9355=DIRECTION('',(0.0,0.950241728148470,-0.311513495831898));
#9356=AXIS2_PLACEMENT_3D('',#9353,#9354,#9355);
#9357=CYLINDRICAL_SURFACE('',#9356,1.000000000000000);
#9358=ORIENTED_EDGE('',*,*,#7943,.T.);
#9359=CARTESIAN_POINT('',(20.499999999999943,14.018504478322598,6.536935994122003));
#9360=VERTEX_POINT('',#9359);
#9361=CARTESIAN_POINT('',(20.499999999999943,13.595886216581903,7.443243781158709));
#9362=DIRECTION('',(-1.000000000000000,0.0,0.0));
#9363=DIRECTION('',(0.0,0.950241728148470,-0.311513495831898));
#9364=AXIS2_PLACEMENT_3D('',#9361,#9362,#9363);
#9365=CIRCLE('',#9364,1.000000000000000);
#9366=EDGE_CURVE('',#7938,#9360,#9365,.T.);
#9367=ORIENTED_EDGE('',*,*,#9366,.T.);
#9368=CARTESIAN_POINT('',(21.499999999999943,14.018504478322598,6.536935994122028));
#9369=VERTEX_POINT('',#9368);
#9370=CARTESIAN_POINT('',(20.499999999999943,14.018504478322598,6.536935994122003));
#9371=DIRECTION('',(1.0,0.0,0.0));
#9372=VECTOR('',#9371,1.0);
#9373=LINE('',#9370,#9372);
#9374=EDGE_CURVE('',#9360,#9369,#9373,.T.);
#9375=ORIENTED_EDGE('',*,*,#9374,.T.);
#9376=CARTESIAN_POINT('',(21.499999999999943,13.595886216581903,7.443243781158709));
#9377=DIRECTION('',(1.000000000000000,0.0,0.0));
#9378=DIRECTION('',(0.0,0.950241728148470,-0.311513495831898));
#9379=AXIS2_PLACEMENT_3D('',#9376,#9377,#9378);
#9380=CIRCLE('',#9379,1.000000000000000);
#9381=EDGE_CURVE('',#9369,#7936,#9380,.T.);
#9382=ORIENTED_EDGE('',*,*,#9381,.T.);
#9383=EDGE_LOOP('',(#9358,#9367,#9375,#9382));
#9384=FACE_OUTER_BOUND('',#9383,.T.);
#9385=ADVANCED_FACE('',(#9384),#9357,.F.);
#9386=CARTESIAN_POINT('',(22.0,0.0,0.0));
#9387=DIRECTION('',(-1.0,0.0,0.0));
#9388=DIRECTION('',(0.0,-1.0,0.0));
#9389=AXIS2_PLACEMENT_3D('',#9386,#9387,#9388);
#9390=CYLINDRICAL_SURFACE('',#9389,16.500000000000000);
#9391=ORIENTED_EDGE('',*,*,#9095,.F.);
#9392=CARTESIAN_POINT('',(20.499999999999943,0.0,0.0));
#9393=DIRECTION('',(1.0,0.0,0.0));
#9394=DIRECTION('',(0.0,-1.0,0.0));
#9395=AXIS2_PLACEMENT_3D('',#9392,#9393,#9394);
#9396=CIRCLE('',#9395,16.500000000000000);
#9397=EDGE_CURVE('',#7955,#9081,#9396,.T.);
#9398=ORIENTED_EDGE('',*,*,#9397,.F.);
#9399=ORIENTED_EDGE('',*,*,#7960,.F.);
#9400=CARTESIAN_POINT('',(21.499999999999943,0.0,0.0));
#9401=DIRECTION('',(-1.0,0.0,0.0));
#9402=DIRECTION('',(0.0,-1.0,0.0));
#9403=AXIS2_PLACEMENT_3D('',#9400,#9401,#9402);
#9404=CIRCLE('',#9403,16.500000000000000);
#9405=EDGE_CURVE('',#9090,#7946,#9404,.T.);
#9406=ORIENTED_EDGE('',*,*,#9405,.F.);
#9407=EDGE_LOOP('',(#9391,#9398,#9399,#9406));
#9408=FACE_OUTER_BOUND('',#9407,.T.);
#9409=ADVANCED_FACE('',(#9408),#9390,.F.);
#9410=CARTESIAN_POINT('',(22.0,11.778923736213528,6.595980261982640));
#9411=DIRECTION('',(-1.0,0.0,0.0));
#9412=DIRECTION('',(0.0,-0.306957799660074,-0.951723126349174));
#9413=AXIS2_PLACEMENT_3D('',#9410,#9411,#9412);
#9414=CYLINDRICAL_SURFACE('',#9413,1.000000000000000);
#9415=ORIENTED_EDGE('',*,*,#7901,.T.);
#9416=CARTESIAN_POINT('',(20.499999999999943,11.778923736213528,6.595980261982640));
#9417=DIRECTION('',(-1.0,0.0,0.0));
#9418=DIRECTION('',(0.0,-0.306957799660074,-0.951723126349174));
#9419=AXIS2_PLACEMENT_3D('',#9416,#9417,#9418);
#9420=CIRCLE('',#9419,1.000000000000000);
#9421=EDGE_CURVE('',#7896,#9057,#9420,.T.);
#9422=ORIENTED_EDGE('',*,*,#9421,.T.);
#9423=ORIENTED_EDGE('',*,*,#9062,.T.);
#9424=CARTESIAN_POINT('',(21.499999999999943,11.778923736213528,6.595980261982640));
#9425=DIRECTION('',(1.0,0.0,0.0));
#9426=DIRECTION('',(0.0,-0.306957799660074,-0.951723126349174));
#9427=AXIS2_PLACEMENT_3D('',#9424,#9425,#9426);
#9428=CIRCLE('',#9427,1.000000000000000);
#9429=EDGE_CURVE('',#9048,#7894,#9428,.T.);
#9430=ORIENTED_EDGE('',*,*,#9429,.T.);
#9431=EDGE_LOOP('',(#9415,#9422,#9423,#9430));
#9432=FACE_OUTER_BOUND('',#9431,.T.);
#9433=ADVANCED_FACE('',(#9432),#9414,.F.);
#9434=CARTESIAN_POINT('',(22.0,11.328847337958109,5.282728271758799));
#9435=DIRECTION('',(0.0,0.422618261740689,-0.906307787036655));
#9436=DIRECTION('',(-1.0,0.0,0.0));
#9437=AXIS2_PLACEMENT_3D('',#9434,#9435,#9436);
#9438=PLANE('',#9437);
#9439=ORIENTED_EDGE('',*,*,#9374,.F.);
#9440=CARTESIAN_POINT('',(20.499999999999943,12.201541997954223,5.689672474945954));
#9441=DIRECTION('',(0.0,0.906307787036655,0.422618261740689));
#9442=VECTOR('',#9441,2.004796280421774);
#9443=LINE('',#9440,#9442);
#9444=EDGE_CURVE('',#7913,#9360,#9443,.T.);
#9445=ORIENTED_EDGE('',*,*,#9444,.F.);
#9446=ORIENTED_EDGE('',*,*,#7918,.F.);
#9447=CARTESIAN_POINT('',(21.499999999999943,14.018504478322598,6.536935994122028));
#9448=DIRECTION('',(0.0,-0.906307787036655,-0.422618261740689));
#9449=VECTOR('',#9448,2.004796280421774);
#9450=LINE('',#9447,#9449);
#9451=EDGE_CURVE('',#9369,#7904,#9450,.T.);
#9452=ORIENTED_EDGE('',*,*,#9451,.F.);
#9453=EDGE_LOOP('',(#9439,#9445,#9446,#9452));
#9454=FACE_OUTER_BOUND('',#9453,.T.);
#9455=ADVANCED_FACE('',(#9454),#9438,.F.);
#9456=CARTESIAN_POINT('',(20.749999999999943,-16.500000000000000,1.136868E-013));
#9457=DIRECTION('',(-1.0,0.0,0.0));
#9458=DIRECTION('',(0.0,-1.0,0.0));
#9459=AXIS2_PLACEMENT_3D('',#9456,#9457,#9458);
#9460=CONICAL_SURFACE('',#9459,1.250000000000000,45.0);
#9461=ORIENTED_EDGE('',*,*,#7859,.T.);
#9462=CARTESIAN_POINT('',(20.499999999999943,-16.500000000000000,1.136868E-013));
#9463=DIRECTION('',(-1.0,0.0,0.0));
#9464=DIRECTION('',(0.0,-1.0,0.0));
#9465=AXIS2_PLACEMENT_3D('',#9462,#9463,#9464);
#9466=CIRCLE('',#9465,1.500000000000000);
#9467=EDGE_CURVE('',#7854,#7871,#9466,.T.);
#9468=ORIENTED_EDGE('',*,*,#9467,.T.);
#9469=ORIENTED_EDGE('',*,*,#7876,.T.);
#9470=CARTESIAN_POINT('',(21.0,-16.500000000000000,1.136868E-013));
#9471=DIRECTION('',(-1.0,0.0,0.0));
#9472=DIRECTION('',(0.0,-1.0,0.0));
#9473=AXIS2_PLACEMENT_3D('',#9470,#9471,#9472);
#9474=CIRCLE('',#9473,1.0);
#9475=EDGE_CURVE('',#7852,#7862,#9474,.T.);
#9476=ORIENTED_EDGE('',*,*,#9475,.F.);
#9477=EDGE_LOOP('',(#9461,#9468,#9469,#9476));
#9478=FACE_OUTER_BOUND('',#9477,.T.);
#9479=ADVANCED_FACE('',(#9478),#9460,.F.);
#9480=CARTESIAN_POINT('',(20.499999999999943,13.375000000000000,0.0));
#9481=DIRECTION('',(-1.0,0.0,0.0));
#9482=DIRECTION('',(0.0,0.0,1.0));
#9483=AXIS2_PLACEMENT_3D('',#9480,#9481,#9482);
#9484=PLANE('',#9483);
#9485=ORIENTED_EDGE('',*,*,#6545,.F.);
#9486=CARTESIAN_POINT('',(20.499999999999943,16.500000000000000,1.136868E-013));
#9487=DIRECTION('',(-1.0,0.0,0.0));
#9488=DIRECTION('',(0.0,-1.0,0.0));
#9489=AXIS2_PLACEMENT_3D('',#9486,#9487,#9488);
#9490=CIRCLE('',#9489,1.500000000000000);
#9491=EDGE_CURVE('',#7814,#6530,#9490,.T.);
#9492=ORIENTED_EDGE('',*,*,#9491,.F.);
#9493=ORIENTED_EDGE('',*,*,#7841,.F.);
#9494=ORIENTED_EDGE('',*,*,#6536,.F.);
#9495=CARTESIAN_POINT('',(20.499999999999943,0.0,0.0));
#9496=DIRECTION('',(1.0,0.0,0.0));
#9497=DIRECTION('',(0.0,1.0,0.0));
#9498=AXIS2_PLACEMENT_3D('',#9495,#9496,#9497);
#9499=CIRCLE('',#9498,18.0);
#9500=EDGE_CURVE('',#7854,#6519,#9499,.T.);
#9501=ORIENTED_EDGE('',*,*,#9500,.F.);
#9502=ORIENTED_EDGE('',*,*,#7883,.F.);
#9503=ORIENTED_EDGE('',*,*,#9467,.F.);
#9504=CARTESIAN_POINT('',(20.499999999999943,0.0,0.0));
#9505=DIRECTION('',(1.0,0.0,0.0));
#9506=DIRECTION('',(0.0,1.0,0.0));
#9507=AXIS2_PLACEMENT_3D('',#9504,#9505,#9506);
#9508=CIRCLE('',#9507,18.0);
#9509=EDGE_CURVE('',#6539,#7854,#9508,.T.);
#9510=ORIENTED_EDGE('',*,*,#9509,.F.);
#9511=EDGE_LOOP('',(#9485,#9492,#9493,#9494,#9501,#9502,#9503,#9510));
#9512=FACE_OUTER_BOUND('',#9511,.T.);
#9513=ORIENTED_EDGE('',*,*,#9069,.T.);
#9514=ORIENTED_EDGE('',*,*,#9421,.F.);
#9515=ORIENTED_EDGE('',*,*,#7925,.F.);
#9516=ORIENTED_EDGE('',*,*,#9444,.T.);
#9517=ORIENTED_EDGE('',*,*,#9366,.F.);
#9518=ORIENTED_EDGE('',*,*,#7967,.F.);
#9519=ORIENTED_EDGE('',*,*,#9397,.T.);
#9520=ORIENTED_EDGE('',*,*,#9087,.F.);
#9521=ORIENTED_EDGE('',*,*,#8177,.F.);
#9522=ORIENTED_EDGE('',*,*,#9117,.T.);
#9523=ORIENTED_EDGE('',*,*,#9021,.F.);
#9524=ORIENTED_EDGE('',*,*,#8219,.F.);
#9525=EDGE_LOOP('',(#9513,#9514,#9515,#9516,#9517,#9518,#9519,#9520,#9521,#9522,#9523,#9524));
#9526=FACE_BOUND('',#9525,.T.);
#9527=ORIENTED_EDGE('',*,*,#8892,.T.);
#9528=ORIENTED_EDGE('',*,*,#8797,.F.);
#9529=ORIENTED_EDGE('',*,*,#8387,.F.);
#9530=ORIENTED_EDGE('',*,*,#8843,.T.);
#9531=ORIENTED_EDGE('',*,*,#8971,.F.);
#9532=ORIENTED_EDGE('',*,*,#8261,.F.);
#9533=ORIENTED_EDGE('',*,*,#8995,.T.);
#9534=ORIENTED_EDGE('',*,*,#8918,.F.);
#9535=ORIENTED_EDGE('',*,*,#8303,.F.);
#9536=ORIENTED_EDGE('',*,*,#8948,.T.);
#9537=ORIENTED_EDGE('',*,*,#8861,.F.);
#9538=ORIENTED_EDGE('',*,*,#8345,.F.);
#9539=EDGE_LOOP('',(#9527,#9528,#9529,#9530,#9531,#9532,#9533,#9534,#9535,#9536,#9537,#9538));
#9540=FACE_BOUND('',#9539,.T.);
#9541=ORIENTED_EDGE('',*,*,#6681,.T.);
#9542=CARTESIAN_POINT('',(20.499999999999943,0.0,-14.499999999999943));
#9543=DIRECTION('',(1.0,0.0,0.0));
#9544=DIRECTION('',(0.0,-1.0,0.0));
#9545=AXIS2_PLACEMENT_3D('',#9542,#9543,#9544);
#9546=CIRCLE('',#9545,1.600000000000000);
#9547=EDGE_CURVE('',#6665,#6675,#9546,.T.);
#9548=ORIENTED_EDGE('',*,*,#9547,.T.);
#9549=EDGE_LOOP('',(#9541,#9548));
#9550=FACE_BOUND('',#9549,.T.);
#9551=ORIENTED_EDGE('',*,*,#8621,.T.);
#9552=ORIENTED_EDGE('',*,*,#8749,.F.);
#9553=ORIENTED_EDGE('',*,*,#8429,.F.);
#9554=ORIENTED_EDGE('',*,*,#8772,.T.);
#9555=ORIENTED_EDGE('',*,*,#8694,.F.);
#9556=ORIENTED_EDGE('',*,*,#8471,.F.);
#9557=ORIENTED_EDGE('',*,*,#8725,.T.);
#9558=ORIENTED_EDGE('',*,*,#8639,.F.);
#9559=ORIENTED_EDGE('',*,*,#8513,.F.);
#9560=ORIENTED_EDGE('',*,*,#8669,.T.);
#9561=ORIENTED_EDGE('',*,*,#8573,.F.);
#9562=ORIENTED_EDGE('',*,*,#8555,.F.);
#9563=EDGE_LOOP('',(#9551,#9552,#9553,#9554,#9555,#9556,#9557,#9558,#9559,#9560,#9561,#9562));
#9564=FACE_BOUND('',#9563,.T.);
#9565=ORIENTED_EDGE('',*,*,#9340,.T.);
#9566=ORIENTED_EDGE('',*,*,#9142,.F.);
#9567=ORIENTED_EDGE('',*,*,#8135,.F.);
#9568=ORIENTED_EDGE('',*,*,#9188,.T.);
#9569=ORIENTED_EDGE('',*,*,#9204,.F.);
#9570=ORIENTED_EDGE('',*,*,#8093,.F.);
#9571=ORIENTED_EDGE('',*,*,#9245,.T.);
#9572=ORIENTED_EDGE('',*,*,#9261,.F.);
#9573=ORIENTED_EDGE('',*,*,#8051,.F.);
#9574=ORIENTED_EDGE('',*,*,#9300,.T.);
#9575=ORIENTED_EDGE('',*,*,#9316,.F.);
#9576=ORIENTED_EDGE('',*,*,#8009,.F.);
#9577=EDGE_LOOP('',(#9565,#9566,#9567,#9568,#9569,#9570,#9571,#9572,#9573,#9574,#9575,#9576));
#9578=FACE_BOUND('',#9577,.T.);
#9579=ORIENTED_EDGE('',*,*,#6639,.T.);
#9580=CARTESIAN_POINT('',(20.499999999999943,0.0,14.499999999999943));
#9581=DIRECTION('',(1.0,0.0,0.0));
#9582=DIRECTION('',(0.0,-1.0,0.0));
#9583=AXIS2_PLACEMENT_3D('',#9580,#9581,#9582);
#9584=CIRCLE('',#9583,1.600000000000000);
#9585=EDGE_CURVE('',#6623,#6633,#9584,.T.);
#9586=ORIENTED_EDGE('',*,*,#9585,.T.);
#9587=EDGE_LOOP('',(#9579,#9586));
#9588=FACE_BOUND('',#9587,.T.);
#9589=ORIENTED_EDGE('',*,*,#6738,.T.);
#9590=CARTESIAN_POINT('',(20.499999999999943,0.0,0.0));
#9591=DIRECTION('',(1.0,0.0,0.0));
#9592=DIRECTION('',(0.0,1.0,0.0));
#9593=AXIS2_PLACEMENT_3D('',#9590,#9591,#9592);
#9594=CIRCLE('',#9593,8.750000000000000);
#9595=EDGE_CURVE('',#6726,#6709,#9594,.T.);
#9596=ORIENTED_EDGE('',*,*,#9595,.T.);
#9597=EDGE_LOOP('',(#9589,#9596));
#9598=FACE_BOUND('',#9597,.T.);
#9599=ADVANCED_FACE('',(#9512,#9526,#9540,#9550,#9564,#9578,#9588,#9598),#9484,.T.);
#9600=CARTESIAN_POINT('',(20.749999999999943,16.500000000000000,1.136868E-013));
#9601=DIRECTION('',(-1.0,0.0,0.0));
#9602=DIRECTION('',(0.0,-1.0,0.0));
#9603=AXIS2_PLACEMENT_3D('',#9600,#9601,#9602);
#9604=CONICAL_SURFACE('',#9603,1.250000000000000,45.0);
#9605=ORIENTED_EDGE('',*,*,#7819,.T.);
#9606=ORIENTED_EDGE('',*,*,#9491,.T.);
#9607=ORIENTED_EDGE('',*,*,#7834,.T.);
#9608=CARTESIAN_POINT('',(21.0,16.500000000000000,1.136868E-013));
#9609=DIRECTION('',(-1.0,0.0,0.0));
#9610=DIRECTION('',(0.0,-1.0,0.0));
#9611=AXIS2_PLACEMENT_3D('',#9608,#9609,#9610);
#9612=CIRCLE('',#9611,1.0);
#9613=EDGE_CURVE('',#7812,#7822,#9612,.T.);
#9614=ORIENTED_EDGE('',*,*,#9613,.F.);
#9615=EDGE_LOOP('',(#9605,#9606,#9607,#9614));
#9616=FACE_OUTER_BOUND('',#9615,.T.);
#9617=ADVANCED_FACE('',(#9616),#9604,.F.);
#9618=CARTESIAN_POINT('',(87.0,0.0,0.0));
#9619=DIRECTION('',(-1.0,0.0,0.0));
#9620=DIRECTION('',(0.0,-1.0,0.0));
#9621=AXIS2_PLACEMENT_3D('',#9618,#9619,#9620);
#9622=PLANE('',#9621);
#9623=ORIENTED_EDGE('',*,*,#7643,.F.);
#9624=CARTESIAN_POINT('',(87.0,0.0,0.0));
#9625=DIRECTION('',(-1.0,0.0,0.0));
#9626=DIRECTION('',(0.0,1.0,0.0));
#9627=AXIS2_PLACEMENT_3D('',#9624,#9625,#9626);
#9628=CIRCLE('',#9627,21.0);
#9629=EDGE_CURVE('',#7637,#7629,#9628,.T.);
#9630=ORIENTED_EDGE('',*,*,#9629,.F.);
#9631=EDGE_LOOP('',(#9623,#9630));
#9632=FACE_OUTER_BOUND('',#9631,.T.);
#9633=CARTESIAN_POINT('',(87.0,0.0,0.0));
#9634=DIRECTION('',(1.0,0.0,0.0));
#9635=DIRECTION('',(0.0,1.0,0.0));
#9636=AXIS2_PLACEMENT_3D('',#9633,#9634,#9635);
#9637=CIRCLE('',#9636,20.0);
#9638=EDGE_CURVE('',#6242,#6234,#9637,.T.);
#9639=ORIENTED_EDGE('',*,*,#9638,.F.);
#9640=ORIENTED_EDGE('',*,*,#6248,.F.);
#9641=EDGE_LOOP('',(#9639,#9640));
#9642=FACE_BOUND('',#9641,.T.);
#9643=ADVANCED_FACE('',(#9632,#9642),#9622,.F.);
#9644=CARTESIAN_POINT('',(55.250000000000000,0.0,0.0));
#9645=DIRECTION('',(1.0,0.0,0.0));
#9646=DIRECTION('',(0.0,1.0,0.0));
#9647=AXIS2_PLACEMENT_3D('',#9644,#9645,#9646);
#9648=CYLINDRICAL_SURFACE('',#9647,21.0);
#9649=ORIENTED_EDGE('',*,*,#7552,.T.);
#9650=CARTESIAN_POINT('',(64.500000000000000,19.798989873223377,-6.999999999999989));
#9651=VERTEX_POINT('',#9650);
#9652=CARTESIAN_POINT('',(64.500000000000000,0.0,0.0));
#9653=DIRECTION('',(-1.0,0.0,0.0));
#9654=DIRECTION('',(0.0,1.0,0.0));
#9655=AXIS2_PLACEMENT_3D('',#9652,#9653,#9654);
#9656=CIRCLE('',#9655,21.0);
#9657=EDGE_CURVE('',#7547,#9651,#9656,.T.);
#9658=ORIENTED_EDGE('',*,*,#9657,.T.);
#9659=CARTESIAN_POINT('',(64.500000000000000,19.798989873223377,-6.999999999999989));
#9660=CARTESIAN_POINT('',(64.500000000000000,19.753775982442562,-7.127884195099839));
#9661=CARTESIAN_POINT('',(64.512451446938485,19.705696098770886,-7.259831212316484));
#9662=CARTESIAN_POINT('',(64.564694123892309,19.607130727488084,-7.521969994862955));
#9663=CARTESIAN_POINT('',(64.604467354263079,19.556646646688705,-7.652165876053880));
#9664=CARTESIAN_POINT('',(64.709767290320656,19.457080484084372,-7.901904181830741));
#9665=CARTESIAN_POINT('',(64.775361875973829,19.407939947201498,-8.021615389928583));
#9666=CARTESIAN_POINT('',(64.921690037057829,19.318466724702272,-8.234629982157832));
#9667=CARTESIAN_POINT('',(65.000846648933106,19.277753835887040,-8.329273773679283));
#9668=CARTESIAN_POINT('',(65.085786437626908,19.240608361659906,-8.414213562373078));
#9669=B_SPLINE_CURVE_WITH_KNOTS('',3,(#9659,#9660,#9661,#9662,#9663,#9664,#9665,#9666,#9667,#9668),.UNSPECIFIED.,.F.,.U.,(4,2,2,2,4),(-3.134166142642492,-2.727241125614869,-2.320316108587246,-1.913391091559623,-1.538101855779299),.UNSPECIFIED.);
#9670=EDGE_CURVE('',#9651,#7201,#9669,.T.);
#9671=ORIENTED_EDGE('',*,*,#9670,.T.);
#9672=ORIENTED_EDGE('',*,*,#7230,.T.);
#9673=CARTESIAN_POINT('',(70.0,18.973665961010283,-8.999999999999991));
#9674=VERTEX_POINT('',#9673);
#9675=CARTESIAN_POINT('',(66.500000000000000,18.973665961010283,-8.999999999999991));
#9676=DIRECTION('',(1.0,0.0,0.0));
#9677=VECTOR('',#9676,3.500000000000000);
#9678=LINE('',#9675,#9677);
#9679=EDGE_CURVE('',#7210,#9674,#9678,.T.);
#9680=ORIENTED_EDGE('',*,*,#9679,.T.);
#9681=CARTESIAN_POINT('',(70.0,18.973665961010283,-8.999999999999991));
#9682=CARTESIAN_POINT('',(70.125538839544333,18.973665961010283,-8.999999999999991));
#9683=CARTESIAN_POINT('',(70.254857355249726,18.979381524366886,-8.987983105508869));
#9684=CARTESIAN_POINT('',(70.511019837887829,19.002966011454532,-8.938011306742864));
#9685=CARTESIAN_POINT('',(70.637867434142549,19.020824277754400,-8.900069978601964));
#9686=CARTESIAN_POINT('',(70.880125601219220,19.067005121337843,-8.800699825721638));
#9687=CARTESIAN_POINT('',(70.995761892336759,19.095354787786277,-8.739187604363220));
#9688=CARTESIAN_POINT('',(71.208917995149079,19.159169108127912,-8.598384356466283));
#9689=CARTESIAN_POINT('',(71.306439110369865,19.194620399104224,-8.519089247339402));
#9690=CARTESIAN_POINT('',(71.399852807442073,19.234370986631923,-8.428465551473206));
#9691=CARTESIAN_POINT('',(71.407053387451697,19.237477107190177,-8.421373737294497));
#9692=CARTESIAN_POINT('',(71.414213562373106,19.240608361659902,-8.414213562373085));
#9693=B_SPLINE_CURVE_WITH_KNOTS('',3,(#9681,#9682,#9683,#9684,#9685,#9686,#9687,#9688,#9689,#9690,#9691,#9692),.UNSPECIFIED.,.F.,.U.,(4,2,2,2,2,4),(0.0,0.376616518633000,0.753233037266000,1.129849555898999,1.506466074531999,1.538101855779291),.UNSPECIFIED.);
#9694=EDGE_CURVE('',#9674,#7353,#9693,.T.);
#9695=ORIENTED_EDGE('',*,*,#9694,.T.);
#9696=ORIENTED_EDGE('',*,*,#7380,.T.);
#9697=CARTESIAN_POINT('',(72.0,0.0,0.0));
#9698=DIRECTION('',(1.0,0.0,0.0));
#9699=DIRECTION('',(0.0,1.0,0.0));
#9700=AXIS2_PLACEMENT_3D('',#9697,#9698,#9699);
#9701=CIRCLE('',#9700,21.0);
#9702=EDGE_CURVE('',#7362,#7646,#9701,.T.);
#9703=ORIENTED_EDGE('',*,*,#9702,.T.);
#9704=ORIENTED_EDGE('',*,*,#7651,.T.);
#9705=ORIENTED_EDGE('',*,*,#9629,.T.);
#9706=ORIENTED_EDGE('',*,*,#7634,.T.);
#9707=CARTESIAN_POINT('',(72.0,-19.798989873223377,-7.0));
#9708=VERTEX_POINT('',#9707);
#9709=CARTESIAN_POINT('',(72.0,0.0,0.0));
#9710=DIRECTION('',(1.0,0.0,0.0));
#9711=DIRECTION('',(0.0,1.0,0.0));
#9712=AXIS2_PLACEMENT_3D('',#9709,#9710,#9711);
#9713=CIRCLE('',#9712,21.0);
#9714=EDGE_CURVE('',#7620,#9708,#9713,.T.);
#9715=ORIENTED_EDGE('',*,*,#9714,.T.);
#9716=CARTESIAN_POINT('',(72.0,-19.798989873223377,-7.0));
#9717=CARTESIAN_POINT('',(72.0,-19.753775982442562,-7.127884195099850));
#9718=CARTESIAN_POINT('',(71.987548553061572,-19.705696098770886,-7.259831212316418));
#9719=CARTESIAN_POINT('',(71.935305876107748,-19.607130727488084,-7.521969994862888));
#9720=CARTESIAN_POINT('',(71.895532645736921,-19.556646646688705,-7.652165876053889));
#9721=CARTESIAN_POINT('',(71.790232709679344,-19.457080484084372,-7.901904181830750));
#9722=CARTESIAN_POINT('',(71.724638124026114,-19.407939947201498,-8.021615389928597));
#9723=CARTESIAN_POINT('',(71.578309962942157,-19.318466724702269,-8.234629982157824));
#9724=CARTESIAN_POINT('',(71.499153351066894,-19.277753835887040,-8.329273773679281));
#9725=CARTESIAN_POINT('',(71.414213562373092,-19.240608361659898,-8.414213562373089));
#9726=B_SPLINE_CURVE_WITH_KNOTS('',3,(#9716,#9717,#9718,#9719,#9720,#9721,#9722,#9723,#9724,#9725),.UNSPECIFIED.,.F.,.U.,(4,2,2,2,4),(3.083800188443660,3.490725205471283,3.897650222498906,4.304575239526528,4.679864475306877),.UNSPECIFIED.);
#9727=EDGE_CURVE('',#9708,#7107,#9726,.T.);
#9728=ORIENTED_EDGE('',*,*,#9727,.T.);
#9729=ORIENTED_EDGE('',*,*,#7136,.T.);
#9730=CARTESIAN_POINT('',(66.500000000000000,-18.973665961010283,-9.0));
#9731=VERTEX_POINT('',#9730);
#9732=CARTESIAN_POINT('',(70.0,-18.973665961010283,-9.0));
#9733=DIRECTION('',(-1.0,0.0,0.0));
#9734=VECTOR('',#9733,3.500000000000000);
#9735=LINE('',#9732,#9734);
#9736=EDGE_CURVE('',#7116,#9731,#9735,.T.);
#9737=ORIENTED_EDGE('',*,*,#9736,.T.);
#9738=CARTESIAN_POINT('',(66.500000000000000,-18.973665961010283,-9.0));
#9739=CARTESIAN_POINT('',(66.374461160455667,-18.973665961010283,-9.0));
#9740=CARTESIAN_POINT('',(66.245142644750274,-18.979381524366886,-8.987983105508873));
#9741=CARTESIAN_POINT('',(65.988980162112227,-19.002966011454532,-8.938011306742892));
#9742=CARTESIAN_POINT('',(65.862132565857451,-19.020824277754400,-8.900069978601950));
#9743=CARTESIAN_POINT('',(65.619874398780723,-19.067005121337843,-8.800699825721612));
#9744=CARTESIAN_POINT('',(65.504238107663070,-19.095354787786277,-8.739187604363124));
#9745=CARTESIAN_POINT('',(65.291082004850807,-19.159169108127912,-8.598384356466198));
#9746=CARTESIAN_POINT('',(65.193560889630135,-19.194620399104224,-8.519089247339410));
#9747=CARTESIAN_POINT('',(65.100147192557927,-19.234370986631923,-8.428465551473217));
#9748=CARTESIAN_POINT('',(65.092946612548317,-19.237477107190166,-8.421373737294504));
#9749=CARTESIAN_POINT('',(65.085786437626908,-19.240608361659891,-8.414213562373099));
#9750=B_SPLINE_CURVE_WITH_KNOTS('',3,(#9738,#9739,#9740,#9741,#9742,#9743,#9744,#9745,#9746,#9747,#9748,#9749),.UNSPECIFIED.,.F.,.U.,(4,2,2,2,2,4),(6.217966331086150,6.594582849719149,6.971199368352149,7.347815886985149,7.724432405618149,7.756068186865440),.UNSPECIFIED.);
#9751=EDGE_CURVE('',#9731,#7069,#9750,.T.);
#9752=ORIENTED_EDGE('',*,*,#9751,.T.);
#9753=ORIENTED_EDGE('',*,*,#7096,.T.);
#9754=CARTESIAN_POINT('',(64.500000000000000,0.0,0.0));
#9755=DIRECTION('',(-1.0,0.0,0.0));
#9756=DIRECTION('',(0.0,1.0,0.0));
#9757=AXIS2_PLACEMENT_3D('',#9754,#9755,#9756);
#9758=CIRCLE('',#9757,21.0);
#9759=EDGE_CURVE('',#7078,#7565,#9758,.T.);
#9760=ORIENTED_EDGE('',*,*,#9759,.T.);
#9761=ORIENTED_EDGE('',*,*,#7570,.T.);
#9762=CARTESIAN_POINT('',(23.499999999999943,0.0,0.0));
#9763=DIRECTION('',(1.0,0.0,0.0));
#9764=DIRECTION('',(0.0,1.0,0.0));
#9765=AXIS2_PLACEMENT_3D('',#9762,#9763,#9764);
#9766=CIRCLE('',#9765,21.0);
#9767=EDGE_CURVE('',#7556,#6521,#9766,.T.);
#9768=ORIENTED_EDGE('',*,*,#9767,.T.);
#9769=ORIENTED_EDGE('',*,*,#6570,.T.);
#9770=EDGE_LOOP('',(#9649,#9658,#9671,#9672,#9680,#9695,#9696,#9703,#9704,#9705,#9706,#9715,#9728,#9729,#9737,#9752,#9753,#9760,#9761,#9768,#9769));
#9771=FACE_OUTER_BOUND('',#9770,.T.);
#9772=CARTESIAN_POINT('',(66.500000000000000,9.0,-18.973665961010269));
#9773=VERTEX_POINT('',#9772);
#9774=CARTESIAN_POINT('',(66.500000000000000,9.0,-18.973665961010269));
#9775=CARTESIAN_POINT('',(66.374461160455667,9.0,-18.973665961010269));
#9776=CARTESIAN_POINT('',(66.245142644750331,8.987983105508988,-18.979381524366840));
#9777=CARTESIAN_POINT('',(65.988980162112284,8.938011306743078,-19.002966011454546));
#9778=CARTESIAN_POINT('',(65.862132565857507,8.900069978602005,-19.020824277754418));
#9779=CARTESIAN_POINT('',(65.619874398780723,8.800699825721722,-19.067005121337722));
#9780=CARTESIAN_POINT('',(65.504238107663127,8.739187604363224,-19.095354787786242));
#9781=CARTESIAN_POINT('',(65.291082004850864,8.598384356466340,-19.159169108127848));
#9782=CARTESIAN_POINT('',(65.193560889630135,8.519089247339366,-19.194620399104309));
#9783=CARTESIAN_POINT('',(65.100147192557941,8.428465551473185,-19.234370986632019));
#9784=CARTESIAN_POINT('',(65.092946612548303,8.421373737294482,-19.237477107190177));
#9785=CARTESIAN_POINT('',(65.085786437626922,8.414213562373096,-19.240608361659891));
#9786=B_SPLINE_CURVE_WITH_KNOTS('',3,(#9774,#9775,#9776,#9777,#9778,#9779,#9780,#9781,#9782,#9783,#9784,#9785),.UNSPECIFIED.,.F.,.U.,(4,2,2,2,2,4),(6.217966331086147,6.594582849719153,6.971199368352160,7.347815886985167,7.724432405618173,7.756068186865378),.UNSPECIFIED.);
#9787=EDGE_CURVE('',#9773,#7431,#9786,.T.);
#9788=ORIENTED_EDGE('',*,*,#9787,.T.);
#9789=ORIENTED_EDGE('',*,*,#7458,.T.);
#9790=CARTESIAN_POINT('',(64.500000000000000,-7.0,-19.798989873223334));
#9791=VERTEX_POINT('',#9790);
#9792=CARTESIAN_POINT('',(64.500000000000000,0.0,0.0));
#9793=DIRECTION('',(-1.0,0.0,0.0));
#9794=DIRECTION('',(0.0,1.0,0.0));
#9795=AXIS2_PLACEMENT_3D('',#9792,#9793,#9794);
#9796=CIRCLE('',#9795,21.0);
#9797=EDGE_CURVE('',#7440,#9791,#9796,.T.);
#9798=ORIENTED_EDGE('',*,*,#9797,.T.);
#9799=CARTESIAN_POINT('',(64.500000000000000,-7.0,-19.798989873223334));
#9800=CARTESIAN_POINT('',(64.500000000000000,-7.127884195099796,-19.753775982442509));
#9801=CARTESIAN_POINT('',(64.512451446938485,-7.259831212316499,-19.705696098770847));
#9802=CARTESIAN_POINT('',(64.564694123892309,-7.521969994863071,-19.607130727488066));
#9803=CARTESIAN_POINT('',(64.604467354263079,-7.652165876053914,-19.556646646688669));
#9804=CARTESIAN_POINT('',(64.709767290320656,-7.901904181830673,-19.457080484084397));
#9805=CARTESIAN_POINT('',(64.775361875973829,-8.021615389928570,-19.407939947201626));
#9806=CARTESIAN_POINT('',(64.921690037057743,-8.234629982157838,-19.318466724702386));
#9807=CARTESIAN_POINT('',(65.000846648933077,-8.329273773679274,-19.277753835887040));
#9808=CARTESIAN_POINT('',(65.085786437626908,-8.414213562373098,-19.240608361659891));
#9809=B_SPLINE_CURVE_WITH_KNOTS('',3,(#9799,#9800,#9801,#9802,#9803,#9804,#9805,#9806,#9807,#9808),.UNSPECIFIED.,.F.,.U.,(4,2,2,2,4),(-3.134166142642448,-2.727241125614842,-2.320316108587237,-1.913391091559632,-1.538101855779237),.UNSPECIFIED.);
#9810=EDGE_CURVE('',#9791,#7391,#9809,.T.);
#9811=ORIENTED_EDGE('',*,*,#9810,.T.);
#9812=ORIENTED_EDGE('',*,*,#7420,.T.);
#9813=CARTESIAN_POINT('',(70.0,-9.0,-18.973665961010283));
#9814=VERTEX_POINT('',#9813);
#9815=CARTESIAN_POINT('',(66.500000000000000,-9.0,-18.973665961010283));
#9816=DIRECTION('',(1.0,0.0,0.0));
#9817=VECTOR('',#9816,3.500000000000000);
#9818=LINE('',#9815,#9817);
#9819=EDGE_CURVE('',#7400,#9814,#9818,.T.);
#9820=ORIENTED_EDGE('',*,*,#9819,.T.);
#9821=CARTESIAN_POINT('',(70.0,-9.0,-18.973665961010283));
#9822=CARTESIAN_POINT('',(70.125538839544333,-9.0,-18.973665961010283));
#9823=CARTESIAN_POINT('',(70.254857355249612,-8.987983105508761,-18.979381524366865));
#9824=CARTESIAN_POINT('',(70.511019837887716,-8.938011306742851,-19.002966011454582));
#9825=CARTESIAN_POINT('',(70.637867434142549,-8.900069978602005,-19.020824277754418));
#9826=CARTESIAN_POINT('',(70.880125601219333,-8.800699825721722,-19.067005121337722));
#9827=CARTESIAN_POINT('',(70.995761892336986,-8.739187604363224,-19.095354787786238));
#9828=CARTESIAN_POINT('',(71.208917995149250,-8.598384356466340,-19.159169108127845));
#9829=CARTESIAN_POINT('',(71.306439110369865,-8.519089247339366,-19.194620399104323));
#9830=CARTESIAN_POINT('',(71.399852807442059,-8.428465551473181,-19.234370986632033));
#9831=CARTESIAN_POINT('',(71.407053387451697,-8.421373737294486,-19.237477107190177));
#9832=CARTESIAN_POINT('',(71.414213562373092,-8.414213562373091,-19.240608361659895));
#9833=B_SPLINE_CURVE_WITH_KNOTS('',3,(#9821,#9822,#9823,#9824,#9825,#9826,#9827,#9828,#9829,#9830,#9831,#9832),.UNSPECIFIED.,.F.,.U.,(4,2,2,2,2,4),(0.0,0.376616518633006,0.753233037266013,1.129849555899019,1.506466074532026,1.538101855779237),.UNSPECIFIED.);
#9834=EDGE_CURVE('',#9814,#7509,#9833,.T.);
#9835=ORIENTED_EDGE('',*,*,#9834,.T.);
#9836=ORIENTED_EDGE('',*,*,#7536,.T.);
#9837=CARTESIAN_POINT('',(72.0,7.0,-19.798989873223327));
#9838=VERTEX_POINT('',#9837);
#9839=CARTESIAN_POINT('',(72.0,0.0,0.0));
#9840=DIRECTION('',(1.0,0.0,0.0));
#9841=DIRECTION('',(0.0,1.0,0.0));
#9842=AXIS2_PLACEMENT_3D('',#9839,#9840,#9841);
#9843=CIRCLE('',#9842,21.0);
#9844=EDGE_CURVE('',#7518,#9838,#9843,.T.);
#9845=ORIENTED_EDGE('',*,*,#9844,.T.);
#9846=CARTESIAN_POINT('',(72.0,7.0,-19.798989873223327));
#9847=CARTESIAN_POINT('',(72.0,7.127884195099796,-19.753775982442502));
#9848=CARTESIAN_POINT('',(71.987548553061515,7.259831212316499,-19.705696098770844));
#9849=CARTESIAN_POINT('',(71.935305876107691,7.521969994863071,-19.607130727488070));
#9850=CARTESIAN_POINT('',(71.895532645736921,7.652165876053914,-19.556646646688677));
#9851=CARTESIAN_POINT('',(71.790232709679344,7.901904181830673,-19.457080484084397));
#9852=CARTESIAN_POINT('',(71.724638124026171,8.021615389928684,-19.407939947201598));
#9853=CARTESIAN_POINT('',(71.578309962942157,8.234629982157937,-19.318466724702354));
#9854=CARTESIAN_POINT('',(71.499153351066894,8.329273773679299,-19.277753835887033));
#9855=CARTESIAN_POINT('',(71.414213562373092,8.414213562373099,-19.240608361659895));
#9856=B_SPLINE_CURVE_WITH_KNOTS('',3,(#9846,#9847,#9848,#9849,#9850,#9851,#9852,#9853,#9854,#9855),.UNSPECIFIED.,.F.,.U.,(4,2,2,2,4),(3.083800188443696,3.490725205471303,3.897650222498908,4.304575239526514,4.679864475306850),.UNSPECIFIED.);
#9857=EDGE_CURVE('',#9838,#7469,#9856,.T.);
#9858=ORIENTED_EDGE('',*,*,#9857,.T.);
#9859=ORIENTED_EDGE('',*,*,#7498,.T.);
#9860=CARTESIAN_POINT('',(70.0,9.0,-18.973665961010269));
#9861=DIRECTION('',(-1.0,0.0,0.0));
#9862=VECTOR('',#9861,3.500000000000000);
#9863=LINE('',#9860,#9862);
#9864=EDGE_CURVE('',#7478,#9773,#9863,.T.);
#9865=ORIENTED_EDGE('',*,*,#9864,.T.);
#9866=EDGE_LOOP('',(#9788,#9789,#9798,#9811,#9812,#9820,#9835,#9836,#9845,#9858,#9859,#9865));
#9867=FACE_BOUND('',#9866,.T.);
#9868=ADVANCED_FACE('',(#9771,#9867),#9648,.T.);
#9869=CARTESIAN_POINT('',(70.0,-7.0,-16.519710424284312));
#9870=DIRECTION('',(0.0,-1.071869E-015,1.0));
#9871=DIRECTION('',(0.707106781186548,-0.707106781186548,-7.579261E-016));
#9872=AXIS2_PLACEMENT_3D('',#9869,#9870,#9871);
#9873=CYLINDRICAL_SURFACE('',#9872,2.000000000000000);
#9874=ORIENTED_EDGE('',*,*,#7514,.T.);
#9875=ORIENTED_EDGE('',*,*,#9834,.F.);
#9876=CARTESIAN_POINT('',(70.0,-9.0,-17.860571099491757));
#9877=DIRECTION('',(0.0,0.0,-1.0));
#9878=VECTOR('',#9877,1.113094861518526);
#9879=LINE('',#9876,#9878);
#9880=EDGE_CURVE('',#6447,#9814,#9879,.T.);
#9881=ORIENTED_EDGE('',*,*,#9880,.F.);
#9882=ORIENTED_EDGE('',*,*,#6461,.F.);
#9883=EDGE_LOOP('',(#9874,#9875,#9881,#9882));
#9884=FACE_OUTER_BOUND('',#9883,.T.);
#9885=ADVANCED_FACE('',(#9884),#9873,.F.);
#9886=CARTESIAN_POINT('',(72.0,0.0,-16.519710424284312));
#9887=DIRECTION('',(-1.0,0.0,0.0));
#9888=DIRECTION('',(0.0,0.0,-1.0));
#9889=AXIS2_PLACEMENT_3D('',#9886,#9887,#9888);
#9890=PLANE('',#9889);
#9891=ORIENTED_EDGE('',*,*,#9844,.F.);
#9892=ORIENTED_EDGE('',*,*,#7523,.T.);
#9893=ORIENTED_EDGE('',*,*,#6429,.F.);
#9894=CARTESIAN_POINT('',(72.0,7.0,-18.734993995195190));
#9895=DIRECTION('',(0.0,0.0,-1.0));
#9896=VECTOR('',#9895,1.063995878028138);
#9897=LINE('',#9894,#9896);
#9898=EDGE_CURVE('',#6408,#9838,#9897,.T.);
#9899=ORIENTED_EDGE('',*,*,#9898,.T.);
#9900=EDGE_LOOP('',(#9891,#9892,#9893,#9899));
#9901=FACE_OUTER_BOUND('',#9900,.T.);
#9902=ADVANCED_FACE('',(#9901),#9890,.T.);
#9903=CARTESIAN_POINT('',(70.0,7.0,-16.519710424284312));
#9904=DIRECTION('',(0.0,-1.071869E-015,1.0));
#9905=DIRECTION('',(0.707106781186548,0.707106781186548,7.579261E-016));
#9906=AXIS2_PLACEMENT_3D('',#9903,#9904,#9905);
#9907=CYLINDRICAL_SURFACE('',#9906,2.000000000000000);
#9908=ORIENTED_EDGE('',*,*,#7474,.T.);
#9909=ORIENTED_EDGE('',*,*,#9857,.F.);
#9910=ORIENTED_EDGE('',*,*,#9898,.F.);
#9911=ORIENTED_EDGE('',*,*,#6420,.F.);
#9912=EDGE_LOOP('',(#9908,#9909,#9910,#9911));
#9913=FACE_OUTER_BOUND('',#9912,.T.);
#9914=ADVANCED_FACE('',(#9913),#9907,.F.);
#9915=CARTESIAN_POINT('',(68.250000000000000,9.0,-16.519710424284312));
#9916=DIRECTION('',(0.0,-1.0,0.0));
#9917=DIRECTION('',(0.0,0.0,-1.0));
#9918=AXIS2_PLACEMENT_3D('',#9915,#9916,#9917);
#9919=PLANE('',#9918);
#9920=ORIENTED_EDGE('',*,*,#9864,.F.);
#9921=ORIENTED_EDGE('',*,*,#7483,.T.);
#9922=ORIENTED_EDGE('',*,*,#6388,.F.);
#9923=CARTESIAN_POINT('',(66.500000000000000,9.0,-17.860571099491750));
#9924=DIRECTION('',(0.0,0.0,-1.0));
#9925=VECTOR('',#9924,1.113094861518519);
#9926=LINE('',#9923,#9925);
#9927=EDGE_CURVE('',#6366,#9773,#9926,.T.);
#9928=ORIENTED_EDGE('',*,*,#9927,.T.);
#9929=EDGE_LOOP('',(#9920,#9921,#9922,#9928));
#9930=FACE_OUTER_BOUND('',#9929,.T.);
#9931=ADVANCED_FACE('',(#9930),#9919,.T.);
#9932=CARTESIAN_POINT('',(66.500000000000000,7.0,-16.519710424284312));
#9933=DIRECTION('',(0.0,-1.071869E-015,1.0));
#9934=DIRECTION('',(-0.707106781186548,0.707106781186548,7.579261E-016));
#9935=AXIS2_PLACEMENT_3D('',#9932,#9933,#9934);
#9936=CYLINDRICAL_SURFACE('',#9935,2.000000000000000);
#9937=ORIENTED_EDGE('',*,*,#7436,.T.);
#9938=ORIENTED_EDGE('',*,*,#9787,.F.);
#9939=ORIENTED_EDGE('',*,*,#9927,.F.);
#9940=ORIENTED_EDGE('',*,*,#6380,.F.);
#9941=EDGE_LOOP('',(#9937,#9938,#9939,#9940));
#9942=FACE_OUTER_BOUND('',#9941,.T.);
#9943=ADVANCED_FACE('',(#9942),#9936,.F.);
#9944=CARTESIAN_POINT('',(64.500000000000000,0.0,-16.519710424284312));
#9945=DIRECTION('',(1.0,0.0,0.0));
#9946=DIRECTION('',(0.0,0.0,1.0));
#9947=AXIS2_PLACEMENT_3D('',#9944,#9945,#9946);
#9948=PLANE('',#9947);
#9949=ORIENTED_EDGE('',*,*,#9797,.F.);
#9950=ORIENTED_EDGE('',*,*,#7445,.T.);
#9951=ORIENTED_EDGE('',*,*,#6508,.F.);
#9952=CARTESIAN_POINT('',(64.500000000000000,-7.0,-18.734993995195200));
#9953=DIRECTION('',(0.0,0.0,-1.0));
#9954=VECTOR('',#9953,1.063995878028134);
#9955=LINE('',#9952,#9954);
#9956=EDGE_CURVE('',#6489,#9791,#9955,.T.);
#9957=ORIENTED_EDGE('',*,*,#9956,.T.);
#9958=EDGE_LOOP('',(#9949,#9950,#9951,#9957));
#9959=FACE_OUTER_BOUND('',#9958,.T.);
#9960=ADVANCED_FACE('',(#9959),#9948,.T.);
#9961=CARTESIAN_POINT('',(66.500000000000000,-7.0,-16.519710424284312));
#9962=DIRECTION('',(0.0,-1.071869E-015,1.0));
#9963=DIRECTION('',(-0.707106781186548,-0.707106781186548,-7.579261E-016));
#9964=AXIS2_PLACEMENT_3D('',#9961,#9962,#9963);
#9965=CYLINDRICAL_SURFACE('',#9964,2.000000000000000);
#9966=ORIENTED_EDGE('',*,*,#7396,.T.);
#9967=ORIENTED_EDGE('',*,*,#9810,.F.);
#9968=ORIENTED_EDGE('',*,*,#9956,.F.);
#9969=ORIENTED_EDGE('',*,*,#6501,.F.);
#9970=EDGE_LOOP('',(#9966,#9967,#9968,#9969));
#9971=FACE_OUTER_BOUND('',#9970,.T.);
#9972=ADVANCED_FACE('',(#9971),#9965,.F.);
#9973=CARTESIAN_POINT('',(68.250000000000000,-9.0,-16.519710424284312));
#9974=DIRECTION('',(0.0,1.0,0.0));
#9975=DIRECTION('',(0.0,0.0,1.0));
#9976=AXIS2_PLACEMENT_3D('',#9973,#9974,#9975);
#9977=PLANE('',#9976);
#9978=ORIENTED_EDGE('',*,*,#9819,.F.);
#9979=ORIENTED_EDGE('',*,*,#7405,.T.);
#9980=ORIENTED_EDGE('',*,*,#6469,.F.);
#9981=ORIENTED_EDGE('',*,*,#9880,.T.);
#9982=EDGE_LOOP('',(#9978,#9979,#9980,#9981));
#9983=FACE_OUTER_BOUND('',#9982,.T.);
#9984=ADVANCED_FACE('',(#9983),#9977,.T.);
#9985=CARTESIAN_POINT('',(70.0,16.519710424284312,-6.999999999999991));
#9986=DIRECTION('',(0.0,-1.0,-5.665498E-016));
#9987=DIRECTION('',(0.707106781186548,4.006112E-016,-0.707106781186548));
#9988=AXIS2_PLACEMENT_3D('',#9985,#9986,#9987);
#9989=CYLINDRICAL_SURFACE('',#9988,2.000000000000000);
#9990=ORIENTED_EDGE('',*,*,#7358,.T.);
#9991=ORIENTED_EDGE('',*,*,#9694,.F.);
#9992=CARTESIAN_POINT('',(70.0,17.860571099491722,-8.999999999999991));
#9993=DIRECTION('',(0.0,1.0,0.0));
#9994=VECTOR('',#9993,1.113094861518562);
#9995=LINE('',#9992,#9994);
#9996=EDGE_CURVE('',#6283,#9674,#9995,.T.);
#9997=ORIENTED_EDGE('',*,*,#9996,.F.);
#9998=ORIENTED_EDGE('',*,*,#6297,.F.);
#9999=EDGE_LOOP('',(#9990,#9991,#9997,#9998));
#10000=FACE_OUTER_BOUND('',#9999,.T.);
#10001=ADVANCED_FACE('',(#10000),#9989,.F.);
#10002=CARTESIAN_POINT('',(72.0,16.519710424284312,9.359239E-015));
#10003=DIRECTION('',(-1.0,0.0,0.0));
#10004=DIRECTION('',(0.0,1.0,0.0));
#10005=AXIS2_PLACEMENT_3D('',#10002,#10003,#10004);
#10006=PLANE('',#10005);
#10007=ORIENTED_EDGE('',*,*,#9702,.F.);
#10008=ORIENTED_EDGE('',*,*,#7367,.T.);
#10009=ORIENTED_EDGE('',*,*,#6265,.F.);
#10010=CARTESIAN_POINT('',(72.0,18.734993995195168,7.000000000000010));
#10011=VERTEX_POINT('',#10010);
#10012=CARTESIAN_POINT('',(72.0,0.0,0.0));
#10013=DIRECTION('',(-1.0,0.0,0.0));
#10014=DIRECTION('',(0.0,1.0,0.0));
#10015=AXIS2_PLACEMENT_3D('',#10012,#10013,#10014);
#10016=CIRCLE('',#10015,20.0);
#10017=EDGE_CURVE('',#10011,#6251,#10016,.T.);
#10018=ORIENTED_EDGE('',*,*,#10017,.F.);
#10019=CARTESIAN_POINT('',(72.0,18.734993995195168,7.000000000000010));
#10020=DIRECTION('',(0.0,1.0,0.0));
#10021=VECTOR('',#10020,1.063995878028209);
#10022=LINE('',#10019,#10021);
#10023=EDGE_CURVE('',#10011,#7654,#10022,.T.);
#10024=ORIENTED_EDGE('',*,*,#10023,.T.);
#10025=ORIENTED_EDGE('',*,*,#7660,.F.);
#10026=EDGE_LOOP('',(#10007,#10008,#10009,#10018,#10024,#10025));
#10027=FACE_OUTER_BOUND('',#10026,.T.);
#10028=ADVANCED_FACE('',(#10027),#10006,.T.);
#10029=CARTESIAN_POINT('',(70.0,16.519710424284312,7.000000000000009));
#10030=DIRECTION('',(0.0,-1.0,-5.665498E-016));
#10031=DIRECTION('',(0.707106781186548,-4.006112E-016,0.707106781186548));
#10032=AXIS2_PLACEMENT_3D('',#10029,#10030,#10031);
#10033=CYLINDRICAL_SURFACE('',#10032,2.000000000000000);
#10034=ORIENTED_EDGE('',*,*,#7302,.T.);
#10035=ORIENTED_EDGE('',*,*,#7673,.F.);
#10036=ORIENTED_EDGE('',*,*,#10023,.F.);
#10037=CARTESIAN_POINT('',(71.414213562373106,18.143897324631681,8.414213562373101));
#10038=CARTESIAN_POINT('',(71.498698527105191,18.183077139384061,8.329728597641019));
#10039=CARTESIAN_POINT('',(71.577384073992846,18.225946120443123,8.235727832373158));
#10040=CARTESIAN_POINT('',(71.723646818224893,18.320507032907472,8.023327226262273));
#10041=CARTESIAN_POINT('',(71.789472369557643,18.372640875075376,7.903448140184862));
#10042=CARTESIAN_POINT('',(71.895144846166772,18.478224463573838,7.653342139071509));
#10043=CARTESIAN_POINT('',(71.935057924000944,18.531734860756160,7.522949417314750));
#10044=CARTESIAN_POINT('',(71.987494944414266,18.636176859959505,7.260363415777959));
#10045=CARTESIAN_POINT('',(72.0,18.687107096881391,7.128165821765450));
#10046=CARTESIAN_POINT('',(72.0,18.734993995195168,7.000000000000010));
#10047=B_SPLINE_CURVE_WITH_KNOTS('',3,(#10037,#10038,#10039,#10040,#10041,#10042,#10043,#10044,#10045,#10046),.UNSPECIFIED.,.F.,.U.,(4,2,2,2,4),(7.782088388287193,8.157192824464705,8.567651952868998,8.978111081273291,9.388570209677585),.UNSPECIFIED.);
#10048=EDGE_CURVE('',#7295,#10011,#10047,.T.);
#10049=ORIENTED_EDGE('',*,*,#10048,.F.);
#10050=EDGE_LOOP('',(#10034,#10035,#10036,#10049));
#10051=FACE_OUTER_BOUND('',#10050,.T.);
#10052=ADVANCED_FACE('',(#10051),#10033,.F.);
#10053=CARTESIAN_POINT('',(68.250000000000000,16.519710424284312,9.000000000000009));
#10054=DIRECTION('',(0.0,0.0,-1.0));
#10055=DIRECTION('',(0.0,1.0,0.0));
#10056=AXIS2_PLACEMENT_3D('',#10053,#10054,#10055);
#10057=PLANE('',#10056);
#10058=ORIENTED_EDGE('',*,*,#7682,.F.);
#10059=ORIENTED_EDGE('',*,*,#7327,.T.);
#10060=CARTESIAN_POINT('',(66.500000000000000,17.860571099491722,9.000000000000009));
#10061=VERTEX_POINT('',#10060);
#10062=CARTESIAN_POINT('',(66.500000000000000,17.860571099491722,9.000000000000009));
#10063=DIRECTION('',(1.0,0.0,0.0));
#10064=VECTOR('',#10063,3.500000000000000);
#10065=LINE('',#10062,#10064);
#10066=EDGE_CURVE('',#10061,#7305,#10065,.T.);
#10067=ORIENTED_EDGE('',*,*,#10066,.F.);
#10068=CARTESIAN_POINT('',(66.500000000000000,17.860571099491722,9.000000000000009));
#10069=DIRECTION('',(0.0,1.0,0.0));
#10070=VECTOR('',#10069,1.113094861518562);
#10071=LINE('',#10068,#10070);
#10072=EDGE_CURVE('',#10061,#7677,#10071,.T.);
#10073=ORIENTED_EDGE('',*,*,#10072,.T.);
#10074=EDGE_LOOP('',(#10058,#10059,#10067,#10073));
#10075=FACE_OUTER_BOUND('',#10074,.T.);
#10076=ADVANCED_FACE('',(#10075),#10057,.T.);
#10077=CARTESIAN_POINT('',(66.500000000000000,16.519710424284312,7.000000000000009));
#10078=DIRECTION('',(0.0,-1.0,-5.665498E-016));
#10079=DIRECTION('',(-0.707106781186548,-4.006112E-016,0.707106781186548));
#10080=AXIS2_PLACEMENT_3D('',#10077,#10078,#10079);
#10081=CYLINDRICAL_SURFACE('',#10080,2.000000000000000);
#10082=ORIENTED_EDGE('',*,*,#7248,.T.);
#10083=ORIENTED_EDGE('',*,*,#7697,.F.);
#10084=ORIENTED_EDGE('',*,*,#10072,.F.);
#10085=CARTESIAN_POINT('',(65.085786437626908,18.143897324631677,8.414213562373098));
#10086=CARTESIAN_POINT('',(65.093749393107586,18.140204512288037,8.422176517853780));
#10087=CARTESIAN_POINT('',(65.101763041919426,18.136544207007645,8.430055641992169));
#10088=CARTESIAN_POINT('',(65.195706552262209,18.094278600558710,8.520884322889259));
#10089=CARTESIAN_POINT('',(65.292911661892163,18.056872964928630,8.599731586904785));
#10090=CARTESIAN_POINT('',(65.505464106427951,17.989467678769756,8.739856822237989));
#10091=CARTESIAN_POINT('',(65.620813632840452,17.959482539181863,8.801138449191452));
#10092=CARTESIAN_POINT('',(65.862596032687804,17.910593990153075,8.900206408746966));
#10093=CARTESIAN_POINT('',(65.989257809320634,17.891662120019419,8.938076171478471));
#10094=CARTESIAN_POINT('',(66.245181502821708,17.866644763554632,8.987979970912660));
#10095=CARTESIAN_POINT('',(66.374447306424031,17.860571099491722,9.000000000000009));
#10096=CARTESIAN_POINT('',(66.500000000000000,17.860571099491722,9.000000000000009));
#10097=B_SPLINE_CURVE_WITH_KNOTS('',3,(#10085,#10086,#10087,#10088,#10089,#10090,#10091,#10092,#10093,#10094,#10095,#10096),.UNSPECIFIED.,.F.,.U.,(4,2,2,2,2,4),(4.698114358011332,4.733469050238033,5.110127130965838,5.486785211693642,5.863443292421446,6.240101373149249),.UNSPECIFIED.);
#10098=EDGE_CURVE('',#7241,#10061,#10097,.T.);
#10099=ORIENTED_EDGE('',*,*,#10098,.F.);
#10100=EDGE_LOOP('',(#10082,#10083,#10084,#10099));
#10101=FACE_OUTER_BOUND('',#10100,.T.);
#10102=ADVANCED_FACE('',(#10101),#10081,.F.);
#10103=CARTESIAN_POINT('',(64.500000000000000,16.519710424284312,9.359239E-015));
#10104=DIRECTION('',(1.0,0.0,0.0));
#10105=DIRECTION('',(0.0,-1.0,0.0));
#10106=AXIS2_PLACEMENT_3D('',#10103,#10104,#10105);
#10107=PLANE('',#10106);
#10108=ORIENTED_EDGE('',*,*,#7705,.F.);
#10109=ORIENTED_EDGE('',*,*,#7271,.T.);
#10110=CARTESIAN_POINT('',(64.500000000000000,0.0,0.0));
#10111=DIRECTION('',(1.0,0.0,0.0));
#10112=DIRECTION('',(0.0,1.0,0.0));
#10113=AXIS2_PLACEMENT_3D('',#10110,#10111,#10112);
#10114=CIRCLE('',#10113,20.0);
#10115=EDGE_CURVE('',#6120,#7251,#10114,.T.);
#10116=ORIENTED_EDGE('',*,*,#10115,.F.);
#10117=ORIENTED_EDGE('',*,*,#6344,.F.);
#10118=CARTESIAN_POINT('',(64.500000000000000,18.734993995195168,-6.999999999999990));
#10119=DIRECTION('',(0.0,1.0,0.0));
#10120=VECTOR('',#10119,1.063995878028209);
#10121=LINE('',#10118,#10120);
#10122=EDGE_CURVE('',#6325,#9651,#10121,.T.);
#10123=ORIENTED_EDGE('',*,*,#10122,.T.);
#10124=ORIENTED_EDGE('',*,*,#9657,.F.);
#10125=EDGE_LOOP('',(#10108,#10109,#10116,#10117,#10123,#10124));
#10126=FACE_OUTER_BOUND('',#10125,.T.);
#10127=ADVANCED_FACE('',(#10126),#10107,.T.);
#10128=CARTESIAN_POINT('',(66.500000000000000,16.519710424284312,-6.999999999999991));
#10129=DIRECTION('',(0.0,-1.0,-5.665498E-016));
#10130=DIRECTION('',(-0.707106781186548,4.006112E-016,-0.707106781186548));
#10131=AXIS2_PLACEMENT_3D('',#10128,#10129,#10130);
#10132=CYLINDRICAL_SURFACE('',#10131,2.000000000000000);
#10133=ORIENTED_EDGE('',*,*,#7206,.T.);
#10134=ORIENTED_EDGE('',*,*,#9670,.F.);
#10135=ORIENTED_EDGE('',*,*,#10122,.F.);
#10136=ORIENTED_EDGE('',*,*,#6337,.F.);
#10137=EDGE_LOOP('',(#10133,#10134,#10135,#10136));
#10138=FACE_OUTER_BOUND('',#10137,.T.);
#10139=ADVANCED_FACE('',(#10138),#10132,.F.);
#10140=CARTESIAN_POINT('',(68.250000000000000,16.519710424284312,-8.999999999999991));
#10141=DIRECTION('',(0.0,0.0,1.0));
#10142=DIRECTION('',(0.0,-1.0,0.0));
#10143=AXIS2_PLACEMENT_3D('',#10140,#10141,#10142);
#10144=PLANE('',#10143);
#10145=ORIENTED_EDGE('',*,*,#9679,.F.);
#10146=ORIENTED_EDGE('',*,*,#7215,.T.);
#10147=ORIENTED_EDGE('',*,*,#6305,.F.);
#10148=ORIENTED_EDGE('',*,*,#9996,.T.);
#10149=EDGE_LOOP('',(#10145,#10146,#10147,#10148));
#10150=FACE_OUTER_BOUND('',#10149,.T.);
#10151=ADVANCED_FACE('',(#10150),#10144,.T.);
#10152=CARTESIAN_POINT('',(70.0,-16.519710424284312,7.0));
#10153=DIRECTION('',(0.0,1.0,0.0));
#10154=DIRECTION('',(0.707106781186548,0.0,0.707106781186548));
#10155=AXIS2_PLACEMENT_3D('',#10152,#10153,#10154);
#10156=CYLINDRICAL_SURFACE('',#10155,2.000000000000000);
#10157=ORIENTED_EDGE('',*,*,#7154,.T.);
#10158=ORIENTED_EDGE('',*,*,#7616,.F.);
#10159=CARTESIAN_POINT('',(70.0,-17.860571099491722,9.0));
#10160=VERTEX_POINT('',#10159);
#10161=CARTESIAN_POINT('',(70.0,-17.860571099491722,9.0));
#10162=DIRECTION('',(0.0,-1.0,0.0));
#10163=VECTOR('',#10162,1.113094861518562);
#10164=LINE('',#10161,#10163);
#10165=EDGE_CURVE('',#10160,#7596,#10164,.T.);
#10166=ORIENTED_EDGE('',*,*,#10165,.F.);
#10167=CARTESIAN_POINT('',(71.414213562373092,-18.143897324631673,8.414213562373103));
#10168=CARTESIAN_POINT('',(71.406250606892414,-18.140204512288037,8.422176517853778));
#10169=CARTESIAN_POINT('',(71.398236958080574,-18.136544207007645,8.430055641992162));
#10170=CARTESIAN_POINT('',(71.304293447737791,-18.094278600558710,8.520884322889250));
#10171=CARTESIAN_POINT('',(71.207088338107837,-18.056872964928516,8.599731586904728));
#10172=CARTESIAN_POINT('',(70.994535893571992,-17.989467678769643,8.739856822237972));
#10173=CARTESIAN_POINT('',(70.879186367159434,-17.959482539181863,8.801138449191493));
#10174=CARTESIAN_POINT('',(70.637403967312082,-17.910593990153075,8.900206408746994));
#10175=CARTESIAN_POINT('',(70.510742190679309,-17.891662120019419,8.938076171478482));
#10176=CARTESIAN_POINT('',(70.254818497178235,-17.866644763554746,8.987979970912656));
#10177=CARTESIAN_POINT('',(70.125552693575969,-17.860571099491722,9.0));
#10178=CARTESIAN_POINT('',(70.0,-17.860571099491722,9.0));
#10179=B_SPLINE_CURVE_WITH_KNOTS('',3,(#10167,#10168,#10169,#10170,#10171,#10172,#10173,#10174,#10175,#10176,#10177,#10178),.UNSPECIFIED.,.F.,.U.,(4,2,2,2,2,4),(-1.541987015137910,-1.506632322911216,-1.129974242183412,-0.753316161455608,-0.376658080727804,0.0),.UNSPECIFIED.);
#10180=EDGE_CURVE('',#7147,#10160,#10179,.T.);
#10181=ORIENTED_EDGE('',*,*,#10180,.F.);
#10182=EDGE_LOOP('',(#10157,#10158,#10166,#10181));
#10183=FACE_OUTER_BOUND('',#10182,.T.);
#10184=ADVANCED_FACE('',(#10183),#10156,.F.);
#10185=CARTESIAN_POINT('',(72.0,-16.519710424284312,0.0));
#10186=DIRECTION('',(-1.0,0.0,0.0));
#10187=DIRECTION('',(0.0,-1.0,0.0));
#10188=AXIS2_PLACEMENT_3D('',#10185,#10186,#10187);
#10189=PLANE('',#10188);
#10190=ORIENTED_EDGE('',*,*,#7626,.F.);
#10191=ORIENTED_EDGE('',*,*,#7177,.T.);
#10192=CARTESIAN_POINT('',(72.0,0.0,0.0));
#10193=DIRECTION('',(-1.0,0.0,0.0));
#10194=DIRECTION('',(0.0,1.0,0.0));
#10195=AXIS2_PLACEMENT_3D('',#10192,#10193,#10194);
#10196=CIRCLE('',#10195,20.0);
#10197=EDGE_CURVE('',#6225,#7157,#10196,.T.);
#10198=ORIENTED_EDGE('',*,*,#10197,.F.);
#10199=ORIENTED_EDGE('',*,*,#6231,.F.);
#10200=CARTESIAN_POINT('',(72.0,-18.734993995195168,-7.0));
#10201=DIRECTION('',(0.0,-1.0,0.0));
#10202=VECTOR('',#10201,1.063995878028209);
#10203=LINE('',#10200,#10202);
#10204=EDGE_CURVE('',#6210,#9708,#10203,.T.);
#10205=ORIENTED_EDGE('',*,*,#10204,.T.);
#10206=ORIENTED_EDGE('',*,*,#9714,.F.);
#10207=EDGE_LOOP('',(#10190,#10191,#10198,#10199,#10205,#10206));
#10208=FACE_OUTER_BOUND('',#10207,.T.);
#10209=ADVANCED_FACE('',(#10208),#10189,.T.);
#10210=CARTESIAN_POINT('',(70.0,-16.519710424284312,-7.0));
#10211=DIRECTION('',(0.0,1.0,0.0));
#10212=DIRECTION('',(0.707106781186548,0.0,-0.707106781186548));
#10213=AXIS2_PLACEMENT_3D('',#10210,#10211,#10212);
#10214=CYLINDRICAL_SURFACE('',#10213,2.000000000000000);
#10215=ORIENTED_EDGE('',*,*,#7112,.T.);
#10216=ORIENTED_EDGE('',*,*,#9727,.F.);
#10217=ORIENTED_EDGE('',*,*,#10204,.F.);
#10218=ORIENTED_EDGE('',*,*,#6222,.F.);
#10219=EDGE_LOOP('',(#10215,#10216,#10217,#10218));
#10220=FACE_OUTER_BOUND('',#10219,.T.);
#10221=ADVANCED_FACE('',(#10220),#10214,.F.);
#10222=CARTESIAN_POINT('',(68.250000000000000,-16.519710424284312,-9.0));
#10223=DIRECTION('',(0.0,0.0,1.0));
#10224=DIRECTION('',(0.0,-1.0,0.0));
#10225=AXIS2_PLACEMENT_3D('',#10222,#10223,#10224);
#10226=PLANE('',#10225);
#10227=ORIENTED_EDGE('',*,*,#9736,.F.);
#10228=ORIENTED_EDGE('',*,*,#7121,.T.);
#10229=ORIENTED_EDGE('',*,*,#6190,.F.);
#10230=CARTESIAN_POINT('',(66.500000000000000,-17.860571099491722,-9.0));
#10231=DIRECTION('',(0.0,-1.0,0.0));
#10232=VECTOR('',#10231,1.113094861518562);
#10233=LINE('',#10230,#10232);
#10234=EDGE_CURVE('',#6168,#9731,#10233,.T.);
#10235=ORIENTED_EDGE('',*,*,#10234,.T.);
#10236=EDGE_LOOP('',(#10227,#10228,#10229,#10235));
#10237=FACE_OUTER_BOUND('',#10236,.T.);
#10238=ADVANCED_FACE('',(#10237),#10226,.T.);
#10239=CARTESIAN_POINT('',(66.500000000000000,-16.519710424284312,-7.0));
#10240=DIRECTION('',(0.0,1.0,0.0));
#10241=DIRECTION('',(-0.707106781186548,0.0,-0.707106781186548));
#10242=AXIS2_PLACEMENT_3D('',#10239,#10240,#10241);
#10243=CYLINDRICAL_SURFACE('',#10242,2.000000000000000);
#10244=ORIENTED_EDGE('',*,*,#7074,.T.);
#10245=ORIENTED_EDGE('',*,*,#9751,.F.);
#10246=ORIENTED_EDGE('',*,*,#10234,.F.);
#10247=ORIENTED_EDGE('',*,*,#6182,.F.);
#10248=EDGE_LOOP('',(#10244,#10245,#10246,#10247));
#10249=FACE_OUTER_BOUND('',#10248,.T.);
#10250=ADVANCED_FACE('',(#10249),#10243,.F.);
#10251=CARTESIAN_POINT('',(64.500000000000000,-16.519710424284312,0.0));
#10252=DIRECTION('',(1.0,0.0,0.0));
#10253=DIRECTION('',(0.0,1.0,0.0));
#10254=AXIS2_PLACEMENT_3D('',#10251,#10252,#10253);
#10255=PLANE('',#10254);
#10256=ORIENTED_EDGE('',*,*,#9759,.F.);
#10257=ORIENTED_EDGE('',*,*,#7083,.T.);
#10258=ORIENTED_EDGE('',*,*,#6150,.F.);
#10259=CARTESIAN_POINT('',(64.500000000000000,-18.734993995195168,7.0));
#10260=VERTEX_POINT('',#10259);
#10261=CARTESIAN_POINT('',(64.500000000000000,0.0,0.0));
#10262=DIRECTION('',(1.0,0.0,0.0));
#10263=DIRECTION('',(0.0,1.0,0.0));
#10264=AXIS2_PLACEMENT_3D('',#10261,#10262,#10263);
#10265=CIRCLE('',#10264,20.0);
#10266=EDGE_CURVE('',#10260,#6136,#10265,.T.);
#10267=ORIENTED_EDGE('',*,*,#10266,.F.);
#10268=CARTESIAN_POINT('',(64.500000000000000,-18.734993995195168,7.0));
#10269=DIRECTION('',(0.0,-1.0,0.0));
#10270=VECTOR('',#10269,1.063995878028209);
#10271=LINE('',#10268,#10270);
#10272=EDGE_CURVE('',#10260,#7573,#10271,.T.);
#10273=ORIENTED_EDGE('',*,*,#10272,.T.);
#10274=ORIENTED_EDGE('',*,*,#7579,.F.);
#10275=EDGE_LOOP('',(#10256,#10257,#10258,#10267,#10273,#10274));
#10276=FACE_OUTER_BOUND('',#10275,.T.);
#10277=ADVANCED_FACE('',(#10276),#10255,.T.);
#10278=CARTESIAN_POINT('',(66.500000000000000,-16.519710424284312,7.0));
#10279=DIRECTION('',(0.0,1.0,0.0));
#10280=DIRECTION('',(-0.707106781186548,0.0,0.707106781186548));
#10281=AXIS2_PLACEMENT_3D('',#10278,#10279,#10280);
#10282=CYLINDRICAL_SURFACE('',#10281,2.000000000000000);
#10283=ORIENTED_EDGE('',*,*,#7018,.T.);
#10284=ORIENTED_EDGE('',*,*,#7592,.F.);
#10285=ORIENTED_EDGE('',*,*,#10272,.F.);
#10286=CARTESIAN_POINT('',(65.085786437626908,-18.143897324631684,8.414213562373089));
#10287=CARTESIAN_POINT('',(65.001301472894795,-18.183077139384078,8.329728597640980));
#10288=CARTESIAN_POINT('',(64.922615926007168,-18.225946120443112,8.235727832373136));
#10289=CARTESIAN_POINT('',(64.776353181775107,-18.320507032907472,8.023327226262239));
#10290=CARTESIAN_POINT('',(64.710527630442243,-18.372640875075149,7.903448140184795));
#10291=CARTESIAN_POINT('',(64.604855153833228,-18.478224463573724,7.653342139071452));
#10292=CARTESIAN_POINT('',(64.564942075999056,-18.531734860756160,7.522949417314702));
#10293=CARTESIAN_POINT('',(64.512505055585734,-18.636176859959505,7.260363415777880));
#10294=CARTESIAN_POINT('',(64.500000000000000,-18.687107096881277,7.128165821765475));
#10295=CARTESIAN_POINT('',(64.500000000000000,-18.734993995195168,7.0));
#10296=B_SPLINE_CURVE_WITH_KNOTS('',3,(#10286,#10287,#10288,#10289,#10290,#10291,#10292,#10293,#10294,#10295),.UNSPECIFIED.,.F.,.U.,(4,2,2,2,4),(1.541987015137917,1.917091451315505,2.327550579719794,2.738009708124083,3.148468836528371),.UNSPECIFIED.);
#10297=EDGE_CURVE('',#7011,#10260,#10296,.T.);
#10298=ORIENTED_EDGE('',*,*,#10297,.F.);
#10299=EDGE_LOOP('',(#10283,#10284,#10285,#10298));
#10300=FACE_OUTER_BOUND('',#10299,.T.);
#10301=ADVANCED_FACE('',(#10300),#10282,.F.);
#10302=CARTESIAN_POINT('',(68.250000000000000,-16.519710424284312,9.0));
#10303=DIRECTION('',(0.0,0.0,-1.0));
#10304=DIRECTION('',(0.0,1.0,0.0));
#10305=AXIS2_PLACEMENT_3D('',#10302,#10303,#10304);
#10306=PLANE('',#10305);
#10307=ORIENTED_EDGE('',*,*,#7601,.F.);
#10308=ORIENTED_EDGE('',*,*,#7043,.T.);
#10309=CARTESIAN_POINT('',(70.0,-17.860571099491722,9.0));
#10310=DIRECTION('',(-1.0,0.0,0.0));
#10311=VECTOR('',#10310,3.500000000000000);
#10312=LINE('',#10309,#10311);
#10313=EDGE_CURVE('',#10160,#7021,#10312,.T.);
#10314=ORIENTED_EDGE('',*,*,#10313,.F.);
#10315=ORIENTED_EDGE('',*,*,#10165,.T.);
#10316=EDGE_LOOP('',(#10307,#10308,#10314,#10315));
#10317=FACE_OUTER_BOUND('',#10316,.T.);
#10318=ADVANCED_FACE('',(#10317),#10306,.T.);
#10319=CARTESIAN_POINT('',(70.0,7.0,16.519710424284312));
#10320=DIRECTION('',(0.0,2.832749E-016,-1.0));
#10321=DIRECTION('',(0.707106781186548,0.707106781186548,2.003056E-016));
#10322=AXIS2_PLACEMENT_3D('',#10319,#10320,#10321);
#10323=CYLINDRICAL_SURFACE('',#10322,2.000000000000000);
#10324=ORIENTED_EDGE('',*,*,#6964,.T.);
#10325=ORIENTED_EDGE('',*,*,#7771,.F.);
#10326=CARTESIAN_POINT('',(70.0,9.0,17.860571099491750));
#10327=VERTEX_POINT('',#10326);
#10328=CARTESIAN_POINT('',(70.0,9.0,17.860571099491750));
#10329=DIRECTION('',(0.0,0.0,1.0));
#10330=VECTOR('',#10329,1.113094861518526);
#10331=LINE('',#10328,#10330);
#10332=EDGE_CURVE('',#10327,#7751,#10331,.T.);
#10333=ORIENTED_EDGE('',*,*,#10332,.F.);
#10334=CARTESIAN_POINT('',(71.414213562373092,8.414213562373096,18.143897324631681));
#10335=CARTESIAN_POINT('',(71.406250606892414,8.422176517853773,18.140204512288044));
#10336=CARTESIAN_POINT('',(71.398236958080588,8.430055641992148,18.136544207007560));
#10337=CARTESIAN_POINT('',(71.304293447737848,8.520884322889287,18.094278600558646));
#10338=CARTESIAN_POINT('',(71.207088338107781,8.599731586904682,18.056872964928512));
#10339=CARTESIAN_POINT('',(70.994535893572049,8.739856822237925,17.989467678769618));
#10340=CARTESIAN_POINT('',(70.879186367159605,8.801138449191512,17.959482539181884));
#10341=CARTESIAN_POINT('',(70.637403967312252,8.900206408746954,17.910593990152925));
#10342=CARTESIAN_POINT('',(70.510742190679252,8.938076171478542,17.891662120019244));
#10343=CARTESIAN_POINT('',(70.254818497178178,8.987979970912647,17.866644763554561));
#10344=CARTESIAN_POINT('',(70.125552693575969,9.0,17.860571099491750));
#10345=CARTESIAN_POINT('',(70.0,9.0,17.860571099491750));
#10346=B_SPLINE_CURVE_WITH_KNOTS('',3,(#10334,#10335,#10336,#10337,#10338,#10339,#10340,#10341,#10342,#10343,#10344,#10345),.UNSPECIFIED.,.F.,.U.,(4,2,2,2,2,4),(-1.541987015137888,-1.506632322911196,-1.129974242183398,-0.753316161455599,-0.376658080727799,0.0),.UNSPECIFIED.);
#10347=EDGE_CURVE('',#6957,#10327,#10346,.T.);
#10348=ORIENTED_EDGE('',*,*,#10347,.F.);
#10349=EDGE_LOOP('',(#10324,#10325,#10333,#10348));
#10350=FACE_OUTER_BOUND('',#10349,.T.);
#10351=ADVANCED_FACE('',(#10350),#10323,.F.);
#10352=CARTESIAN_POINT('',(72.0,0.0,16.519710424284312));
#10353=DIRECTION('',(-1.0,0.0,0.0));
#10354=DIRECTION('',(0.0,0.0,1.0));
#10355=AXIS2_PLACEMENT_3D('',#10352,#10353,#10354);
#10356=PLANE('',#10355);
#10357=ORIENTED_EDGE('',*,*,#7781,.F.);
#10358=ORIENTED_EDGE('',*,*,#6987,.T.);
#10359=CARTESIAN_POINT('',(72.0,-7.0,18.734993995195197));
#10360=VERTEX_POINT('',#10359);
#10361=CARTESIAN_POINT('',(72.0,0.0,0.0));
#10362=DIRECTION('',(-1.0,0.0,0.0));
#10363=DIRECTION('',(0.0,1.0,0.0));
#10364=AXIS2_PLACEMENT_3D('',#10361,#10362,#10363);
#10365=CIRCLE('',#10364,20.0);
#10366=EDGE_CURVE('',#10360,#6967,#10365,.T.);
#10367=ORIENTED_EDGE('',*,*,#10366,.F.);
#10368=CARTESIAN_POINT('',(72.0,-7.0,18.734993995195197));
#10369=DIRECTION('',(0.0,0.0,1.0));
#10370=VECTOR('',#10369,1.063995878028130);
#10371=LINE('',#10368,#10370);
#10372=EDGE_CURVE('',#10360,#7775,#10371,.T.);
#10373=ORIENTED_EDGE('',*,*,#10372,.T.);
#10374=EDGE_LOOP('',(#10357,#10358,#10367,#10373));
#10375=FACE_OUTER_BOUND('',#10374,.T.);
#10376=ADVANCED_FACE('',(#10375),#10356,.T.);
#10377=CARTESIAN_POINT('',(70.0,-7.0,16.519710424284312));
#10378=DIRECTION('',(0.0,2.832749E-016,-1.0));
#10379=DIRECTION('',(0.707106781186548,-0.707106781186548,-2.003056E-016));
#10380=AXIS2_PLACEMENT_3D('',#10377,#10378,#10379);
#10381=CYLINDRICAL_SURFACE('',#10380,2.000000000000000);
#10382=ORIENTED_EDGE('',*,*,#6906,.T.);
#10383=ORIENTED_EDGE('',*,*,#7794,.F.);
#10384=ORIENTED_EDGE('',*,*,#10372,.F.);
#10385=CARTESIAN_POINT('',(71.414213562373092,-8.414213562373101,18.143897324631677));
#10386=CARTESIAN_POINT('',(71.498698527105233,-8.329728597640967,18.183077139384082));
#10387=CARTESIAN_POINT('',(71.577384073992889,-8.235727832373144,18.225946120443073));
#10388=CARTESIAN_POINT('',(71.723646818224893,-8.023327226262268,18.320507032907500));
#10389=CARTESIAN_POINT('',(71.789472369557757,-7.903448140184764,18.372640875075227));
#10390=CARTESIAN_POINT('',(71.895144846166829,-7.653342139071583,18.478224463573724));
#10391=CARTESIAN_POINT('',(71.935057924000944,-7.522949417314976,18.531734860756149));
#10392=CARTESIAN_POINT('',(71.987494944414266,-7.260363415778102,18.636176859959505));
#10393=CARTESIAN_POINT('',(72.0,-7.128165821765492,18.687107096881352));
#10394=CARTESIAN_POINT('',(72.0,-7.0,18.734993995195197));
#10395=B_SPLINE_CURVE_WITH_KNOTS('',3,(#10385,#10386,#10387,#10388,#10389,#10390,#10391,#10392,#10393,#10394),.UNSPECIFIED.,.F.,.U.,(4,2,2,2,4),(7.782088388287157,8.157192824464740,8.567651952869039,8.978111081273337,9.388570209677637),.UNSPECIFIED.);
#10396=EDGE_CURVE('',#6899,#10360,#10395,.T.);
#10397=ORIENTED_EDGE('',*,*,#10396,.F.);
#10398=EDGE_LOOP('',(#10382,#10383,#10384,#10397));
#10399=FACE_OUTER_BOUND('',#10398,.T.);
#10400=ADVANCED_FACE('',(#10399),#10381,.F.);
#10401=CARTESIAN_POINT('',(68.250000000000000,-9.0,16.519710424284312));
#10402=DIRECTION('',(0.0,1.0,0.0));
#10403=DIRECTION('',(0.0,0.0,1.0));
#10404=AXIS2_PLACEMENT_3D('',#10401,#10402,#10403);
#10405=PLANE('',#10404);
#10406=ORIENTED_EDGE('',*,*,#7801,.F.);
#10407=ORIENTED_EDGE('',*,*,#6931,.T.);
#10408=CARTESIAN_POINT('',(66.500000000000000,-9.0,17.860571099491750));
#10409=VERTEX_POINT('',#10408);
#10410=CARTESIAN_POINT('',(66.500000000000000,-9.0,17.860571099491750));
#10411=DIRECTION('',(1.0,0.0,0.0));
#10412=VECTOR('',#10411,3.500000000000000);
#10413=LINE('',#10410,#10412);
#10414=EDGE_CURVE('',#10409,#6909,#10413,.T.);
#10415=ORIENTED_EDGE('',*,*,#10414,.F.);
#10416=CARTESIAN_POINT('',(66.500000000000000,-9.0,17.860571099491750));
#10417=DIRECTION('',(0.0,0.0,1.0));
#10418=VECTOR('',#10417,1.113094861518526);
#10419=LINE('',#10416,#10418);
#10420=EDGE_CURVE('',#10409,#7710,#10419,.T.);
#10421=ORIENTED_EDGE('',*,*,#10420,.T.);
#10422=EDGE_LOOP('',(#10406,#10407,#10415,#10421));
#10423=FACE_OUTER_BOUND('',#10422,.T.);
#10424=ADVANCED_FACE('',(#10423),#10405,.T.);
#10425=CARTESIAN_POINT('',(66.500000000000000,-7.0,16.519710424284312));
#10426=DIRECTION('',(0.0,2.832749E-016,-1.0));
#10427=DIRECTION('',(-0.707106781186548,-0.707106781186548,-2.003056E-016));
#10428=AXIS2_PLACEMENT_3D('',#10425,#10426,#10427);
#10429=CYLINDRICAL_SURFACE('',#10428,2.000000000000000);
#10430=ORIENTED_EDGE('',*,*,#6852,.T.);
#10431=ORIENTED_EDGE('',*,*,#7724,.F.);
#10432=ORIENTED_EDGE('',*,*,#10420,.F.);
#10433=CARTESIAN_POINT('',(65.085786437626908,-8.414213562373092,18.143897324631681));
#10434=CARTESIAN_POINT('',(65.093749393107586,-8.422176517853776,18.140204512288040));
#10435=CARTESIAN_POINT('',(65.101763041919412,-8.430055641992144,18.136544207007553));
#10436=CARTESIAN_POINT('',(65.195706552262152,-8.520884322889287,18.094278600558638));
#10437=CARTESIAN_POINT('',(65.292911661892219,-8.599731586904682,18.056872964928516));
#10438=CARTESIAN_POINT('',(65.505464106427951,-8.739856822237925,17.989467678769621));
#10439=CARTESIAN_POINT('',(65.620813632840395,-8.801138449191512,17.959482539181884));
#10440=CARTESIAN_POINT('',(65.862596032687804,-8.900206408746954,17.910593990152929));
#10441=CARTESIAN_POINT('',(65.989257809320748,-8.938076171478542,17.891662120019241));
#10442=CARTESIAN_POINT('',(66.245181502821822,-8.987979970912647,17.866644763554557));
#10443=CARTESIAN_POINT('',(66.374447306424088,-9.0,17.860571099491750));
#10444=CARTESIAN_POINT('',(66.500000000000000,-9.0,17.860571099491750));
#10445=B_SPLINE_CURVE_WITH_KNOTS('',3,(#10433,#10434,#10435,#10436,#10437,#10438,#10439,#10440,#10441,#10442,#10443,#10444),.UNSPECIFIED.,.F.,.U.,(4,2,2,2,2,4),(4.698114358011349,4.733469050238051,5.110127130965850,5.486785211693649,5.863443292421447,6.240101373149247),.UNSPECIFIED.);
#10446=EDGE_CURVE('',#6845,#10409,#10445,.T.);
#10447=ORIENTED_EDGE('',*,*,#10446,.F.);
#10448=EDGE_LOOP('',(#10430,#10431,#10432,#10447));
#10449=FACE_OUTER_BOUND('',#10448,.T.);
#10450=ADVANCED_FACE('',(#10449),#10429,.F.);
#10451=CARTESIAN_POINT('',(64.500000000000000,0.0,16.519710424284312));
#10452=DIRECTION('',(1.0,0.0,0.0));
#10453=DIRECTION('',(0.0,0.0,-1.0));
#10454=AXIS2_PLACEMENT_3D('',#10451,#10452,#10453);
#10455=PLANE('',#10454);
#10456=ORIENTED_EDGE('',*,*,#7734,.F.);
#10457=ORIENTED_EDGE('',*,*,#6875,.T.);
#10458=CARTESIAN_POINT('',(64.500000000000000,7.0,18.734993995195197));
#10459=VERTEX_POINT('',#10458);
#10460=CARTESIAN_POINT('',(64.500000000000000,0.0,0.0));
#10461=DIRECTION('',(1.0,0.0,0.0));
#10462=DIRECTION('',(0.0,1.0,0.0));
#10463=AXIS2_PLACEMENT_3D('',#10460,#10461,#10462);
#10464=CIRCLE('',#10463,20.0);
#10465=EDGE_CURVE('',#10459,#6855,#10464,.T.);
#10466=ORIENTED_EDGE('',*,*,#10465,.F.);
#10467=CARTESIAN_POINT('',(64.500000000000000,7.0,18.734993995195197));
#10468=DIRECTION('',(0.0,0.0,1.0));
#10469=VECTOR('',#10468,1.063995878028138);
#10470=LINE('',#10467,#10469);
#10471=EDGE_CURVE('',#10459,#7728,#10470,.T.);
#10472=ORIENTED_EDGE('',*,*,#10471,.T.);
#10473=EDGE_LOOP('',(#10456,#10457,#10466,#10472));
#10474=FACE_OUTER_BOUND('',#10473,.T.);
#10475=ADVANCED_FACE('',(#10474),#10455,.T.);
#10476=CARTESIAN_POINT('',(66.500000000000000,7.0,16.519710424284312));
#10477=DIRECTION('',(0.0,2.832749E-016,-1.0));
#10478=DIRECTION('',(-0.707106781186548,0.707106781186548,2.003056E-016));
#10479=AXIS2_PLACEMENT_3D('',#10476,#10477,#10478);
#10480=CYLINDRICAL_SURFACE('',#10479,2.000000000000000);
#10481=ORIENTED_EDGE('',*,*,#6794,.T.);
#10482=ORIENTED_EDGE('',*,*,#7747,.F.);
#10483=ORIENTED_EDGE('',*,*,#10471,.F.);
#10484=CARTESIAN_POINT('',(65.085786437626908,8.414213562373092,18.143897324631684));
#10485=CARTESIAN_POINT('',(65.001301472894767,8.329728597640958,18.183077139384089));
#10486=CARTESIAN_POINT('',(64.922615926007111,8.235727832373144,18.225946120443069));
#10487=CARTESIAN_POINT('',(64.776353181775107,8.023327226262268,18.320507032907500));
#10488=CARTESIAN_POINT('',(64.710527630442243,7.903448140184764,18.372640875075231));
#10489=CARTESIAN_POINT('',(64.604855153833228,7.653342139071583,18.478224463573724));
#10490=CARTESIAN_POINT('',(64.564942075999056,7.522949417314976,18.531734860756153));
#10491=CARTESIAN_POINT('',(64.512505055585734,7.260363415777988,18.636176859959512));
#10492=CARTESIAN_POINT('',(64.500000000000000,7.128165821765492,18.687107096881352));
#10493=CARTESIAN_POINT('',(64.500000000000000,7.0,18.734993995195197));
#10494=B_SPLINE_CURVE_WITH_KNOTS('',3,(#10484,#10485,#10486,#10487,#10488,#10489,#10490,#10491,#10492,#10493),.UNSPECIFIED.,.F.,.U.,(4,2,2,2,4),(1.541987015137912,1.917091451315495,2.327550579719793,2.738009708124091,3.148468836528389),.UNSPECIFIED.);
#10495=EDGE_CURVE('',#6787,#10459,#10494,.T.);
#10496=ORIENTED_EDGE('',*,*,#10495,.F.);
#10497=EDGE_LOOP('',(#10481,#10482,#10483,#10496));
#10498=FACE_OUTER_BOUND('',#10497,.T.);
#10499=ADVANCED_FACE('',(#10498),#10480,.F.);
#10500=CARTESIAN_POINT('',(68.250000000000000,9.0,16.519710424284312));
#10501=DIRECTION('',(0.0,-1.0,0.0));
#10502=DIRECTION('',(0.0,0.0,-1.0));
#10503=AXIS2_PLACEMENT_3D('',#10500,#10501,#10502);
#10504=PLANE('',#10503);
#10505=ORIENTED_EDGE('',*,*,#7756,.F.);
#10506=ORIENTED_EDGE('',*,*,#6819,.T.);
#10507=CARTESIAN_POINT('',(70.0,9.0,17.860571099491750));
#10508=DIRECTION('',(-1.0,0.0,0.0));
#10509=VECTOR('',#10508,3.500000000000000);
#10510=LINE('',#10507,#10509);
#10511=EDGE_CURVE('',#10327,#6797,#10510,.T.);
#10512=ORIENTED_EDGE('',*,*,#10511,.F.);
#10513=ORIENTED_EDGE('',*,*,#10332,.T.);
#10514=EDGE_LOOP('',(#10505,#10506,#10512,#10513));
#10515=FACE_OUTER_BOUND('',#10514,.T.);
#10516=ADVANCED_FACE('',(#10515),#10504,.T.);
#10517=CARTESIAN_POINT('',(16.249999999999943,0.0,0.0));
#10518=DIRECTION('',(1.0,0.0,0.0));
#10519=DIRECTION('',(0.0,-1.0,0.0));
#10520=AXIS2_PLACEMENT_3D('',#10517,#10518,#10519);
#10521=CONICAL_SURFACE('',#10520,8.500000000000000,45.0);
#10522=ORIENTED_EDGE('',*,*,#6754,.T.);
#10523=ORIENTED_EDGE('',*,*,#6723,.T.);
#10524=ORIENTED_EDGE('',*,*,#6769,.T.);
#10525=CARTESIAN_POINT('',(15.999999999999943,0.0,0.0));
#10526=DIRECTION('',(1.0,0.0,0.0));
#10527=DIRECTION('',(0.0,-1.0,0.0));
#10528=AXIS2_PLACEMENT_3D('',#10525,#10526,#10527);
#10529=CIRCLE('',#10528,8.250000000000000);
#10530=EDGE_CURVE('',#6757,#6749,#10529,.T.);
#10531=ORIENTED_EDGE('',*,*,#10530,.T.);
#10532=EDGE_LOOP('',(#10522,#10523,#10524,#10531));
#10533=FACE_OUTER_BOUND('',#10532,.T.);
#10534=ADVANCED_FACE('',(#10533),#10521,.T.);
#10535=CARTESIAN_POINT('',(15.999999999999943,7.750000000000000,0.0));
#10536=DIRECTION('',(-1.0,0.0,0.0));
#10537=DIRECTION('',(0.0,0.0,1.0));
#10538=AXIS2_PLACEMENT_3D('',#10535,#10536,#10537);
#10539=PLANE('',#10538);
#10540=ORIENTED_EDGE('',*,*,#10530,.F.);
#10541=ORIENTED_EDGE('',*,*,#6763,.F.);
#10542=EDGE_LOOP('',(#10540,#10541));
#10543=FACE_OUTER_BOUND('',#10542,.T.);
#10544=CARTESIAN_POINT('',(15.999999999999943,0.0,0.0));
#10545=DIRECTION('',(1.0,0.0,0.0));
#10546=DIRECTION('',(0.0,1.0,0.0));
#10547=AXIS2_PLACEMENT_3D('',#10544,#10545,#10546);
#10548=CIRCLE('',#10547,6.750000000000000);
#10549=EDGE_CURVE('',#6581,#6591,#10548,.T.);
#10550=ORIENTED_EDGE('',*,*,#10549,.T.);
#10551=ORIENTED_EDGE('',*,*,#6597,.T.);
#10552=EDGE_LOOP('',(#10550,#10551));
#10553=FACE_BOUND('',#10552,.T.);
#10554=ADVANCED_FACE('',(#10543,#10553),#10539,.T.);
#10555=CARTESIAN_POINT('',(18.249999999999943,0.0,0.0));
#10556=DIRECTION('',(1.0,0.0,0.0));
#10557=DIRECTION('',(0.0,1.0,0.0));
#10558=AXIS2_PLACEMENT_3D('',#10555,#10556,#10557);
#10559=CYLINDRICAL_SURFACE('',#10558,8.750000000000000);
#10560=ORIENTED_EDGE('',*,*,#6714,.T.);
#10561=ORIENTED_EDGE('',*,*,#9595,.F.);
#10562=ORIENTED_EDGE('',*,*,#6731,.T.);
#10563=ORIENTED_EDGE('',*,*,#6776,.F.);
#10564=EDGE_LOOP('',(#10560,#10561,#10562,#10563));
#10565=FACE_OUTER_BOUND('',#10564,.T.);
#10566=ADVANCED_FACE('',(#10565),#10559,.T.);
#10567=CARTESIAN_POINT('',(22.0,0.0,-14.499999999999943));
#10568=DIRECTION('',(-1.0,0.0,0.0));
#10569=DIRECTION('',(0.0,-1.0,0.0));
#10570=AXIS2_PLACEMENT_3D('',#10567,#10568,#10569);
#10571=CYLINDRICAL_SURFACE('',#10570,1.600000000000000);
#10572=ORIENTED_EDGE('',*,*,#6672,.T.);
#10573=CARTESIAN_POINT('',(21.499999999999943,0.0,-14.499999999999943));
#10574=DIRECTION('',(-1.0,0.0,0.0));
#10575=DIRECTION('',(0.0,-1.0,0.0));
#10576=AXIS2_PLACEMENT_3D('',#10573,#10574,#10575);
#10577=CIRCLE('',#10576,1.600000000000000);
#10578=EDGE_CURVE('',#6684,#6667,#10577,.T.);
#10579=ORIENTED_EDGE('',*,*,#10578,.F.);
#10580=ORIENTED_EDGE('',*,*,#6689,.T.);
#10581=ORIENTED_EDGE('',*,*,#9547,.F.);
#10582=EDGE_LOOP('',(#10572,#10579,#10580,#10581));
#10583=FACE_OUTER_BOUND('',#10582,.T.);
#10584=ADVANCED_FACE('',(#10583),#10571,.F.);
#10585=CARTESIAN_POINT('',(21.0,-16.636363636363626,1.136868E-013));
#10586=DIRECTION('',(1.0,0.0,0.0));
#10587=DIRECTION('',(0.0,0.0,-1.0));
#10588=AXIS2_PLACEMENT_3D('',#10585,#10586,#10587);
#10589=PLANE('',#10588);
#10590=ORIENTED_EDGE('',*,*,#7868,.T.);
#10591=ORIENTED_EDGE('',*,*,#9475,.T.);
#10592=EDGE_LOOP('',(#10590,#10591));
#10593=FACE_OUTER_BOUND('',#10592,.T.);
#10594=ADVANCED_FACE('',(#10593),#10589,.F.);
#10595=CARTESIAN_POINT('',(21.0,16.363636363636374,1.136868E-013));
#10596=DIRECTION('',(1.0,0.0,0.0));
#10597=DIRECTION('',(0.0,0.0,-1.0));
#10598=AXIS2_PLACEMENT_3D('',#10595,#10596,#10597);
#10599=PLANE('',#10598);
#10600=ORIENTED_EDGE('',*,*,#7828,.T.);
#10601=ORIENTED_EDGE('',*,*,#9613,.T.);
#10602=EDGE_LOOP('',(#10600,#10601));
#10603=FACE_OUTER_BOUND('',#10602,.T.);
#10604=ADVANCED_FACE('',(#10603),#10599,.F.);
#10605=CARTESIAN_POINT('',(22.0,0.0,14.499999999999943));
#10606=DIRECTION('',(-1.0,0.0,0.0));
#10607=DIRECTION('',(0.0,-1.0,0.0));
#10608=AXIS2_PLACEMENT_3D('',#10605,#10606,#10607);
#10609=CYLINDRICAL_SURFACE('',#10608,1.600000000000000);
#10610=ORIENTED_EDGE('',*,*,#6630,.T.);
#10611=CARTESIAN_POINT('',(21.499999999999943,0.0,14.499999999999943));
#10612=DIRECTION('',(-1.0,0.0,0.0));
#10613=DIRECTION('',(0.0,-1.0,0.0));
#10614=AXIS2_PLACEMENT_3D('',#10611,#10612,#10613);
#10615=CIRCLE('',#10614,1.600000000000000);
#10616=EDGE_CURVE('',#6642,#6625,#10615,.T.);
#10617=ORIENTED_EDGE('',*,*,#10616,.F.);
#10618=ORIENTED_EDGE('',*,*,#6647,.T.);
#10619=ORIENTED_EDGE('',*,*,#9585,.F.);
#10620=EDGE_LOOP('',(#10610,#10617,#10618,#10619));
#10621=FACE_OUTER_BOUND('',#10620,.T.);
#10622=ADVANCED_FACE('',(#10621),#10609,.F.);
#10623=CARTESIAN_POINT('',(17.0,4.625000000000000,0.0));
#10624=DIRECTION('',(-1.0,0.0,0.0));
#10625=DIRECTION('',(0.0,0.0,1.0));
#10626=AXIS2_PLACEMENT_3D('',#10623,#10624,#10625);
#10627=PLANE('',#10626);
#10628=CARTESIAN_POINT('',(17.0,0.0,0.0));
#10629=DIRECTION('',(1.0,0.0,0.0));
#10630=DIRECTION('',(0.0,1.0,0.0));
#10631=AXIS2_PLACEMENT_3D('',#10628,#10629,#10630);
#10632=CIRCLE('',#10631,6.750000000000000);
#10633=EDGE_CURVE('',#6583,#6600,#10632,.T.);
#10634=ORIENTED_EDGE('',*,*,#10633,.F.);
#10635=ORIENTED_EDGE('',*,*,#6612,.F.);
#10636=EDGE_LOOP('',(#10634,#10635));
#10637=FACE_OUTER_BOUND('',#10636,.T.);
#10638=CARTESIAN_POINT('',(17.0,0.0,0.0));
#10639=DIRECTION('',(1.0,0.0,0.0));
#10640=DIRECTION('',(0.0,1.0,0.0));
#10641=AXIS2_PLACEMENT_3D('',#10638,#10639,#10640);
#10642=CIRCLE('',#10641,2.500000000000000);
#10643=EDGE_CURVE('',#5975,#5985,#10642,.T.);
#10644=ORIENTED_EDGE('',*,*,#10643,.T.);
#10645=ORIENTED_EDGE('',*,*,#5991,.T.);
#10646=EDGE_LOOP('',(#10644,#10645));
#10647=FACE_BOUND('',#10646,.T.);
#10648=ADVANCED_FACE('',(#10637,#10647),#10627,.T.);
#10649=CARTESIAN_POINT('',(16.500000000000000,0.0,0.0));
#10650=DIRECTION('',(1.0,0.0,0.0));
#10651=DIRECTION('',(0.0,1.0,0.0));
#10652=AXIS2_PLACEMENT_3D('',#10649,#10650,#10651);
#10653=CYLINDRICAL_SURFACE('',#10652,6.750000000000000);
#10654=ORIENTED_EDGE('',*,*,#6588,.T.);
#10655=ORIENTED_EDGE('',*,*,#10633,.T.);
#10656=ORIENTED_EDGE('',*,*,#6605,.T.);
#10657=ORIENTED_EDGE('',*,*,#10549,.F.);
#10658=EDGE_LOOP('',(#10654,#10655,#10656,#10657));
#10659=FACE_OUTER_BOUND('',#10658,.T.);
#10660=ADVANCED_FACE('',(#10659),#10653,.F.);
#10661=CARTESIAN_POINT('',(23.499999999999943,0.0,0.0));
#10662=DIRECTION('',(1.0,0.0,0.0));
#10663=DIRECTION('',(0.0,0.0,-1.0));
#10664=AXIS2_PLACEMENT_3D('',#10661,#10662,#10663);
#10665=TOROIDAL_SURFACE('',#10664,18.0,3.0);
#10666=ORIENTED_EDGE('',*,*,#6527,.T.);
#10667=ORIENTED_EDGE('',*,*,#9767,.F.);
#10668=ORIENTED_EDGE('',*,*,#7562,.F.);
#10669=ORIENTED_EDGE('',*,*,#6554,.T.);
#10670=ORIENTED_EDGE('',*,*,#9509,.T.);
#10671=ORIENTED_EDGE('',*,*,#9500,.T.);
#10672=EDGE_LOOP('',(#10666,#10667,#10668,#10669,#10670,#10671));
#10673=FACE_OUTER_BOUND('',#10672,.T.);
#10674=ADVANCED_FACE('',(#10673),#10665,.T.);
#10675=CARTESIAN_POINT('',(55.250000000000000,0.0,0.0));
#10676=DIRECTION('',(1.0,0.0,0.0));
#10677=DIRECTION('',(0.0,1.0,0.0));
#10678=AXIS2_PLACEMENT_3D('',#10675,#10676,#10677);
#10679=CYLINDRICAL_SURFACE('',#10678,20.0);
#10680=ORIENTED_EDGE('',*,*,#6125,.T.);
#10681=ORIENTED_EDGE('',*,*,#10115,.T.);
#10682=ORIENTED_EDGE('',*,*,#7263,.T.);
#10683=ORIENTED_EDGE('',*,*,#10098,.T.);
#10684=ORIENTED_EDGE('',*,*,#10066,.T.);
#10685=ORIENTED_EDGE('',*,*,#7319,.T.);
#10686=ORIENTED_EDGE('',*,*,#10048,.T.);
#10687=ORIENTED_EDGE('',*,*,#10017,.T.);
#10688=ORIENTED_EDGE('',*,*,#6256,.T.);
#10689=ORIENTED_EDGE('',*,*,#9638,.T.);
#10690=ORIENTED_EDGE('',*,*,#6239,.T.);
#10691=ORIENTED_EDGE('',*,*,#10197,.T.);
#10692=ORIENTED_EDGE('',*,*,#7169,.T.);
#10693=ORIENTED_EDGE('',*,*,#10180,.T.);
#10694=ORIENTED_EDGE('',*,*,#10313,.T.);
#10695=ORIENTED_EDGE('',*,*,#7035,.T.);
#10696=ORIENTED_EDGE('',*,*,#10297,.T.);
#10697=ORIENTED_EDGE('',*,*,#10266,.T.);
#10698=ORIENTED_EDGE('',*,*,#6141,.T.);
#10699=ORIENTED_EDGE('',*,*,#6082,.F.);
#10700=CARTESIAN_POINT('',(23.499999999999943,0.0,0.0));
#10701=DIRECTION('',(1.0,0.0,0.0));
#10702=DIRECTION('',(0.0,1.0,0.0));
#10703=AXIS2_PLACEMENT_3D('',#10700,#10701,#10702);
#10704=CIRCLE('',#10703,20.0);
#10705=EDGE_CURVE('',#6118,#6065,#10704,.T.);
#10706=ORIENTED_EDGE('',*,*,#10705,.F.);
#10707=EDGE_LOOP('',(#10680,#10681,#10682,#10683,#10684,#10685,#10686,#10687,#10688,#10689,#10690,#10691,#10692,#10693,#10694,#10695,#10696,#10697,#10698,#10699,#10706));
#10708=FACE_OUTER_BOUND('',#10707,.T.);
#10709=ORIENTED_EDGE('',*,*,#6867,.T.);
#10710=ORIENTED_EDGE('',*,*,#10446,.T.);
#10711=ORIENTED_EDGE('',*,*,#10414,.T.);
#10712=ORIENTED_EDGE('',*,*,#6923,.T.);
#10713=ORIENTED_EDGE('',*,*,#10396,.T.);
#10714=ORIENTED_EDGE('',*,*,#10366,.T.);
#10715=ORIENTED_EDGE('',*,*,#6979,.T.);
#10716=ORIENTED_EDGE('',*,*,#10347,.T.);
#10717=ORIENTED_EDGE('',*,*,#10511,.T.);
#10718=ORIENTED_EDGE('',*,*,#6811,.T.);
#10719=ORIENTED_EDGE('',*,*,#10495,.T.);
#10720=ORIENTED_EDGE('',*,*,#10465,.T.);
#10721=EDGE_LOOP('',(#10709,#10710,#10711,#10712,#10713,#10714,#10715,#10716,#10717,#10718,#10719,#10720));
#10722=FACE_BOUND('',#10721,.T.);
#10723=ADVANCED_FACE('',(#10708,#10722),#10679,.F.);
#10724=CARTESIAN_POINT('',(23.499999999999943,-1.959370E-015,16.0));
#10725=CARTESIAN_POINT('',(21.499999999999943,-1.959370E-015,16.0));
#10726=CARTESIAN_POINT('',(21.499999999999943,-2.204291E-015,18.0));
#10727=CARTESIAN_POINT('',(21.499999999999943,-2.449213E-015,20.0));
#10728=CARTESIAN_POINT('',(23.499999999999943,-2.449213E-015,20.0));
#10729=CARTESIAN_POINT('',(23.499999999999943,-15.999999999999998,15.999999999999995));
#10730=CARTESIAN_POINT('',(21.499999999999943,-15.999999999999996,15.999999999999993));
#10731=CARTESIAN_POINT('',(21.499999999999943,-18.0,17.999999999999993));
#10732=CARTESIAN_POINT('',(21.499999999999943,-20.0,19.999999999999993));
#10733=CARTESIAN_POINT('',(23.499999999999943,-20.0,19.999999999999993));
#10734=CARTESIAN_POINT('',(23.499999999999943,-16.0,-1.959370E-015));
#10735=CARTESIAN_POINT('',(21.499999999999943,-16.0,-1.959370E-015));
#10736=CARTESIAN_POINT('',(21.499999999999943,-18.0,-2.204291E-015));
#10737=CARTESIAN_POINT('',(21.499999999999943,-20.0,-2.449213E-015));
#10738=CARTESIAN_POINT('',(23.499999999999943,-20.0,-2.449213E-015));
#10739=CARTESIAN_POINT('',(23.499999999999943,-15.999999999999995,-15.999999999999998));
#10740=CARTESIAN_POINT('',(21.499999999999943,-15.999999999999993,-15.999999999999996));
#10741=CARTESIAN_POINT('',(21.499999999999943,-17.999999999999993,-18.0));
#10742=CARTESIAN_POINT('',(21.499999999999943,-19.999999999999993,-20.0));
#10743=CARTESIAN_POINT('',(23.499999999999943,-19.999999999999993,-20.0));
#10744=CARTESIAN_POINT('',(23.499999999999943,1.959370E-015,-16.0));
#10745=CARTESIAN_POINT('',(21.499999999999943,1.959370E-015,-16.0));
#10746=CARTESIAN_POINT('',(21.499999999999943,2.204291E-015,-18.0));
#10747=CARTESIAN_POINT('',(21.499999999999943,2.449213E-015,-20.0));
#10748=CARTESIAN_POINT('',(23.499999999999943,2.449213E-015,-20.0));
#10749=CARTESIAN_POINT('',(23.499999999999943,15.999999999999998,-15.999999999999995));
#10750=CARTESIAN_POINT('',(21.499999999999943,15.999999999999996,-15.999999999999993));
#10751=CARTESIAN_POINT('',(21.499999999999943,18.0,-17.999999999999993));
#10752=CARTESIAN_POINT('',(21.499999999999943,20.0,-19.999999999999993));
#10753=CARTESIAN_POINT('',(23.499999999999943,20.0,-19.999999999999993));
#10754=CARTESIAN_POINT('',(23.499999999999943,16.0,1.959370E-015));
#10755=CARTESIAN_POINT('',(21.499999999999943,16.0,1.959370E-015));
#10756=CARTESIAN_POINT('',(21.499999999999943,18.0,2.204291E-015));
#10757=CARTESIAN_POINT('',(21.499999999999943,20.0,2.449213E-015));
#10758=CARTESIAN_POINT('',(23.499999999999943,20.0,2.449213E-015));
#10759=CARTESIAN_POINT('',(23.499999999999943,15.999999999999995,15.999999999999998));
#10760=CARTESIAN_POINT('',(21.499999999999943,15.999999999999993,15.999999999999996));
#10761=CARTESIAN_POINT('',(21.499999999999943,17.999999999999993,18.0));
#10762=CARTESIAN_POINT('',(21.499999999999943,19.999999999999993,20.0));
#10763=CARTESIAN_POINT('',(23.499999999999943,19.999999999999993,20.0));
#10764=CARTESIAN_POINT('',(23.499999999999943,-1.959370E-015,16.0));
#10765=CARTESIAN_POINT('',(21.499999999999943,-1.959370E-015,16.0));
#10766=CARTESIAN_POINT('',(21.499999999999943,-2.204291E-015,18.0));
#10767=CARTESIAN_POINT('',(21.499999999999943,-2.449213E-015,20.0));
#10768=CARTESIAN_POINT('',(23.499999999999943,-2.449213E-015,20.0));
#10776=(BOUNDED_SURFACE()B_SPLINE_SURFACE(2,2,((#10724,#10729,#10734,#10739,#10744,#10749,#10754,#10759,#10764),(#10725,#10730,#10735,#10740,#10745,#10750,#10755,#10760,#10765),(#10726,#10731,#10736,#10741,#10746,#10751,#10756,#10761,#10766),(#10727,#10732,#10737,#10742,#10747,#10752,#10757,#10762,#10767),(#10728,#10733,#10738,#10743,#10748,#10753,#10758,#10763,#10768)),.UNSPECIFIED.,.F.,.T.,.U.)B_SPLINE_SURFACE_WITH_KNOTS((3,2,3),(3,2,2,2,3),(-3.141592653589793,-1.570796326794897,4.440892E-016),(0.0,1.570796326794897,3.141592653589793,4.712388980384690,6.283185307179586),.UNSPECIFIED.)GEOMETRIC_REPRESENTATION_ITEM()RATIONAL_B_SPLINE_SURFACE(((1.0,0.707106781186548,1.0,0.707106781186548,1.0,0.707106781186548,1.0,0.707106781186548,1.0),(0.707106781186550,0.500000000000002,0.707106781186550,0.500000000000002,0.707106781186550,0.500000000000002,0.707106781186550,0.500000000000002,0.707106781186550),(1.0,0.707106781186548,1.0,0.707106781186548,1.0,0.707106781186548,1.0,0.707106781186548,1.0),(0.707106781186550,0.500000000000002,0.707106781186550,0.500000000000002,0.707106781186550,0.500000000000002,0.707106781186550,0.500000000000002,0.707106781186550),(1.0,0.707106781186548,1.0,0.707106781186548,1.0,0.707106781186548,1.0,0.707106781186548,1.0)))REPRESENTATION_ITEM('')SURFACE());
#10777=ORIENTED_EDGE('',*,*,#6073,.T.);
#10778=CARTESIAN_POINT('',(21.499999999999943,18.0,0.0));
#10779=VERTEX_POINT('',#10778);
#10780=CARTESIAN_POINT('',(21.499999999999943,0.0,0.0));
#10781=DIRECTION('',(1.0,0.0,0.0));
#10782=DIRECTION('',(0.0,1.0,0.0));
#10783=AXIS2_PLACEMENT_3D('',#10780,#10781,#10782);
#10784=CIRCLE('',#10783,18.0);
#10785=EDGE_CURVE('',#10779,#6067,#10784,.T.);
#10786=ORIENTED_EDGE('',*,*,#10785,.F.);
#10787=CARTESIAN_POINT('',(21.499999999999943,0.0,0.0));
#10788=DIRECTION('',(1.0,0.0,0.0));
#10789=DIRECTION('',(0.0,1.0,0.0));
#10790=AXIS2_PLACEMENT_3D('',#10787,#10788,#10789);
#10791=CIRCLE('',#10790,18.0);
#10792=EDGE_CURVE('',#6094,#10779,#10791,.T.);
#10793=ORIENTED_EDGE('',*,*,#10792,.F.);
#10794=ORIENTED_EDGE('',*,*,#6100,.T.);
#10795=ORIENTED_EDGE('',*,*,#6132,.T.);
#10796=ORIENTED_EDGE('',*,*,#10705,.T.);
#10797=EDGE_LOOP('',(#10777,#10786,#10793,#10794,#10795,#10796));
#10798=FACE_OUTER_BOUND('',#10797,.T.);
#10799=ADVANCED_FACE('',(#10798),#10776,.T.);
#10800=CARTESIAN_POINT('',(21.499999999999943,10.250000000000000,0.0));
#10801=DIRECTION('',(1.0,0.0,0.0));
#10802=DIRECTION('',(0.0,0.0,-1.0));
#10803=AXIS2_PLACEMENT_3D('',#10800,#10801,#10802);
#10804=PLANE('',#10803);
#10805=ORIENTED_EDGE('',*,*,#10785,.T.);
#10806=ORIENTED_EDGE('',*,*,#6107,.T.);
#10807=ORIENTED_EDGE('',*,*,#10792,.T.);
#10808=EDGE_LOOP('',(#10805,#10806,#10807));
#10809=FACE_OUTER_BOUND('',#10808,.T.);
#10810=ORIENTED_EDGE('',*,*,#9054,.T.);
#10811=ORIENTED_EDGE('',*,*,#8204,.F.);
#10812=ORIENTED_EDGE('',*,*,#9036,.F.);
#10813=ORIENTED_EDGE('',*,*,#9124,.T.);
#10814=ORIENTED_EDGE('',*,*,#8162,.F.);
#10815=ORIENTED_EDGE('',*,*,#9102,.F.);
#10816=ORIENTED_EDGE('',*,*,#9405,.T.);
#10817=ORIENTED_EDGE('',*,*,#7952,.F.);
#10818=ORIENTED_EDGE('',*,*,#9381,.F.);
#10819=ORIENTED_EDGE('',*,*,#9451,.T.);
#10820=ORIENTED_EDGE('',*,*,#7910,.F.);
#10821=ORIENTED_EDGE('',*,*,#9429,.F.);
#10822=EDGE_LOOP('',(#10810,#10811,#10812,#10813,#10814,#10815,#10816,#10817,#10818,#10819,#10820,#10821));
#10823=FACE_BOUND('',#10822,.T.);
#10824=ORIENTED_EDGE('',*,*,#8900,.T.);
#10825=ORIENTED_EDGE('',*,*,#8330,.F.);
#10826=ORIENTED_EDGE('',*,*,#8876,.F.);
#10827=ORIENTED_EDGE('',*,*,#8955,.T.);
#10828=ORIENTED_EDGE('',*,*,#8288,.F.);
#10829=ORIENTED_EDGE('',*,*,#8933,.F.);
#10830=ORIENTED_EDGE('',*,*,#9003,.T.);
#10831=ORIENTED_EDGE('',*,*,#8246,.F.);
#10832=ORIENTED_EDGE('',*,*,#8979,.F.);
#10833=ORIENTED_EDGE('',*,*,#8829,.T.);
#10834=ORIENTED_EDGE('',*,*,#8372,.F.);
#10835=ORIENTED_EDGE('',*,*,#8812,.F.);
#10836=EDGE_LOOP('',(#10824,#10825,#10826,#10827,#10828,#10829,#10830,#10831,#10832,#10833,#10834,#10835));
#10837=FACE_BOUND('',#10836,.T.);
#10838=ORIENTED_EDGE('',*,*,#10578,.T.);
#10839=ORIENTED_EDGE('',*,*,#6696,.T.);
#10840=EDGE_LOOP('',(#10838,#10839));
#10841=FACE_BOUND('',#10840,.T.);
#10842=ORIENTED_EDGE('',*,*,#8606,.T.);
#10843=ORIENTED_EDGE('',*,*,#8540,.F.);
#10844=ORIENTED_EDGE('',*,*,#8588,.F.);
#10845=ORIENTED_EDGE('',*,*,#8676,.T.);
#10846=ORIENTED_EDGE('',*,*,#8498,.F.);
#10847=ORIENTED_EDGE('',*,*,#8654,.F.);
#10848=ORIENTED_EDGE('',*,*,#8733,.T.);
#10849=ORIENTED_EDGE('',*,*,#8456,.F.);
#10850=ORIENTED_EDGE('',*,*,#8709,.F.);
#10851=ORIENTED_EDGE('',*,*,#8779,.T.);
#10852=ORIENTED_EDGE('',*,*,#8414,.F.);
#10853=ORIENTED_EDGE('',*,*,#8757,.F.);
#10854=EDGE_LOOP('',(#10842,#10843,#10844,#10845,#10846,#10847,#10848,#10849,#10850,#10851,#10852,#10853));
#10855=FACE_BOUND('',#10854,.T.);
#10856=ORIENTED_EDGE('',*,*,#9348,.T.);
#10857=ORIENTED_EDGE('',*,*,#7994,.F.);
#10858=ORIENTED_EDGE('',*,*,#9324,.F.);
#10859=ORIENTED_EDGE('',*,*,#9286,.T.);
#10860=ORIENTED_EDGE('',*,*,#8036,.F.);
#10861=ORIENTED_EDGE('',*,*,#9269,.F.);
#10862=ORIENTED_EDGE('',*,*,#9230,.T.);
#10863=ORIENTED_EDGE('',*,*,#8078,.F.);
#10864=ORIENTED_EDGE('',*,*,#9212,.F.);
#10865=ORIENTED_EDGE('',*,*,#9174,.T.);
#10866=ORIENTED_EDGE('',*,*,#8120,.F.);
#10867=ORIENTED_EDGE('',*,*,#9157,.F.);
#10868=EDGE_LOOP('',(#10856,#10857,#10858,#10859,#10860,#10861,#10862,#10863,#10864,#10865,#10866,#10867));
#10869=FACE_BOUND('',#10868,.T.);
#10870=ORIENTED_EDGE('',*,*,#10616,.T.);
#10871=ORIENTED_EDGE('',*,*,#6654,.T.);
#10872=EDGE_LOOP('',(#10870,#10871));
#10873=FACE_BOUND('',#10872,.T.);
#10874=CARTESIAN_POINT('',(21.499999999999943,0.0,0.0));
#10875=DIRECTION('',(1.0,0.0,0.0));
#10876=DIRECTION('',(0.0,1.0,0.0));
#10877=AXIS2_PLACEMENT_3D('',#10874,#10875,#10876);
#10878=CIRCLE('',#10877,2.499999999999886);
#10879=EDGE_CURVE('',#5977,#5994,#10878,.T.);
#10880=ORIENTED_EDGE('',*,*,#10879,.F.);
#10881=ORIENTED_EDGE('',*,*,#6006,.F.);
#10882=EDGE_LOOP('',(#10880,#10881));
#10883=FACE_BOUND('',#10882,.T.);
#10884=ADVANCED_FACE('',(#10809,#10823,#10837,#10841,#10855,#10869,#10873,#10883),#10804,.T.);
#10885=CARTESIAN_POINT('',(19.250000000000000,0.0,0.0));
#10886=DIRECTION('',(1.0,0.0,0.0));
#10887=DIRECTION('',(0.0,1.0,0.0));
#10888=AXIS2_PLACEMENT_3D('',#10885,#10886,#10887);
#10889=CYLINDRICAL_SURFACE('',#10888,2.500000000000000);
#10890=ORIENTED_EDGE('',*,*,#5982,.T.);
#10891=ORIENTED_EDGE('',*,*,#10879,.T.);
#10892=ORIENTED_EDGE('',*,*,#5999,.T.);
#10893=ORIENTED_EDGE('',*,*,#10643,.F.);
#10894=EDGE_LOOP('',(#10890,#10891,#10892,#10893));
#10895=FACE_OUTER_BOUND('',#10894,.T.);
#10896=ADVANCED_FACE('',(#10895),#10889,.F.);
#10897=CLOSED_SHELL('',(#6010,#6111,#6512,#6574,#6616,#6658,#6700,#6742,#6780,#6838,#6892,#6950,#7004,#7062,#7100,#7140,#7194,#7234,#7288,#7346,#7384,#7424,#7462,#7502,#7540,#7805,#7845,#7887,#7929,#7971,#8013,#8055,#8097,#8139,#8181,#8223,#8265,#8307,#8349,#8391,#8433,#8475,#8517,#8559,#8592,#8625,#8658,#8680,#8713,#8737,#8761,#8783,#8816,#8847,#8880,#8904,#8937,#8959,#8983,#9007,#9040,#9073,#9106,#9128,#9161,#9192,#9216,#9249,#9273,#9304,#9328,#9352,#9385,#9409,#9433,#9455,#9479,#9599,#9617,#9643,#9868,#9885,#9902,#9914,#9931,#9943,#9960,#9972,#9984,#10001,#10028,#10052,#10076,#10102,#10127,#10139,#10151,#10184,#10209,#10221,#10238,#10250,#10277,#10301,#10318,#10351,#10376,#10400,#10424,#10450,#10475,#10499,#10516,#10534,#10554,#10566,#10584,#10594,#10604,#10622,#10648,#10660,#10674,#10723,#10799,#10884,#10896));
#10898=MANIFOLD_SOLID_BREP('93',#10897);
#10899=ADVANCED_BREP_SHAPE_REPRESENTATION('ABSR1',(#1812,#5674,#5968,#10898),#28);
#10900=SHAPE_REPRESENTATION_RELATIONSHIP('SRRPL1',' ',#10899,#122);
ENDSEC;
END-ISO-10303-21;
